date,rate,log_ret,direction,ret_next,direction_next,gap_days,dayofweek,n_articles,text_title,text_body,mean_hours_to_cutoff,has_news
2021-09-02,14281,-0.0002100472614059,0.0,-0.0014014437161661,0.0,1.0,3,1,"China's health-care sector could be Beijing's next regulatory target, analysts say","China's health-care sector will probably be the next to fall under scrutiny, analysts warn, as the country's regulators crack down on everything from tech to education to data security .
Chinese President Xi Jinping this week again reiterated the need to support moderate wealth for all - or the idea of ""common prosperity"" which he has been promoting for months.
That's what's driving the spate of crackdowns on companies, analysts say.
""'Common prosperity' remains an idea that is still in search of an implementation strategy,"" said Rory Green, China economist at TS Lombard. ""For now, it is much easier to regulate industry and capital markets than it is to institute structural reform.""
He predicted that alongside the property market, health care will be Beijing's next target.
The health-care industry is one of the country's so-called ""three big mountains,"" which refer to spiraling costs in the education, real estate and health sectors - all of which pose obstacles to affordable living.
Health care is the ""only one not yet hit by regulatory scrutiny"" and is ""particularly vulnerable,"" said Green in a Aug. 31 note.
JPMorgan picks China stocks to buy now. Alibaba's not on the list
Portfolio manager explains why he has the 'most conviction' in this China tech stock
China's version of Spotify is 'underappreciated,' Morgan Stanley says
Goldman Sachs loves this sub-sector in China - and names 3 stocks to buy
The Chinese government previously pledged to keep prices in check, but efforts are now set to intensify, Capital Economics said in a Tuesday note.
""Public housing and healthcare is likely to be expanded while private medical providers and real estate developers could soon face greater constraints on their ability to set prices and pursue profits,"" wrote Julian Evans-Pritchard, senior China economist at Capital Economics.
Chinese regulators have already stepped up restrictions on the country's education sector and targeted the after-school tutoring segment worth billions of dollars.
China's crackdown in the past year has been on a broad swathe of industries, from tech to education and food delivery.
That's led to steep selloffs in Chinese stocks, wiping out billions of dollars from tech stocks in recent months.
So far this year, China's health-care stocks have done better than the broader China indices.
MSCI's China health-care index has declined marginally below the flatline year-to-date, compared to the MSCI China index which has tumbled more than 13% .
But some health-care stocks, especially businesses that use tech platforms, are already hurting. JD Health , for instance, has dropped almost 50% this year. Alibaba Health has tumbled more than 40% year-to-date.
Green said TS Lombard predicts the MSCI China index could dive another 10% to 15%, in a worst-case scenario.
He warned investors to be cautious, saying that political risk will remain elevated leading up to the Chinese Communist Party's 20th National Party Congress next year.
""The political calendar is charged; and with cadres keen to bolster populist credentials in pursuit of promotion, political scrutiny of markets is likely to remain elevated - rather than taper off - in the coming months,"" Green wrote.
What could be safer to buy? The so-called government favorites, said Green. They include relatively safe sectors such as tech hardware, clean energy, as well as defense.",6.337777777777778,1
2021-09-03,14261,-0.0014014437161661,0.0,-0.0015438599557723,0.0,1.0,4,0,,,0.0,0
2021-09-06,14239,-0.0015438599557723,0.0,-0.003094888873923,0.0,3.0,0,0,,,0.0,0
2021-09-07,14195,-0.003094888873923,0.0,0.0049892939309119,1.0,1.0,1,0,,,0.0,0
2021-09-08,14266,0.0049892939309119,1.0,0.0004204919818072,1.0,1.0,2,1,"Guinea coup rattles iron ore and bauxite markets, stokes economic uncertainty","A military junta claimed to have seized control in the West African country of Guinea and detained President Alpha Conde, casting uncertainty over key bauxite and iron ore supplies.
The coup, carried out on Sunday by an elite special forces unit led by 41-year-old Col. Mamady Doumbouya, is the latest in a series of power grabs in the region over the past year, including in nearby Mali and Chad .
Doumbouya has claimed the army was forced into action amid rampant corruption, human rights abuses and economic mismanagement under Conde, but the move has been condemned by the UN, the African Union and regional body ECOWAS.
The elite unit on Monday allowed travel to resume through checkpoints in the capital of Conakry, barred government officials from foreign travel and lifted a curfew in mining areas
What's more, it has imperiled minerals and mining endeavors which are crucial to the country's economy and global supply chains, according to experts.
Guinea's 110-kilometer Simandou range hosts one of the largest untapped iron ore deposits in the world, containing more than 8.6 billion tons of ore with an average 65% iron content, according to the country's National Institute of Statistics.
Simandou is situated in the remote southeastern interior of the country, a vast distance from Conakry and the western coastline that must be reached to access the global seaborne market for iron ore.
""The infrastructure demands of the project are consequently massive in scale, complexity and cost, larger on all measures than the bauxite export industry that has been established in the country in recent years,"" said Andrew Gadd, senior steel analyst at CRU Group.
""Geopolitical risk has been one of many hurdles hindering progress of Simandou up until now and the military coup that is now unfolding in the country marks a significant deterioration in the prospects for successful development of the deposit.""
The Simandou project has been somewhat stagnant since its discovery in the 1990s as a result of political uncertainty, disputes over mining rights and cost concerns.
The project would require massive railway and port infrastructure in a nation which ranks 160th out of 186 countries in per capita GDP, according to the IMF. Investors have been reticent about taking a leap of faith amid the ongoing risk that material prices could nose-dive.
Despite recent progress on preparatory work, the project has yet to undergo a feasibility study.
""Sourcing the finances for Simandou has proved very difficult and the uncertainty generated by the current developments will challenge the commitment of interested parties,"" Gadd said.
Guinea has the world's largest reserves of bauxite, the globe's main source of aluminum. Prices of aluminum spiked to a 10-year high Monday on the London Metal Exchange amid fears of global supply disruption.
""For the country's booming mining sector, the situation could not come at a worse time. Miners now have little other option than to sit tight and await further clarity from the transitional authorities, but contract renegotiation or even expropriation cannot be discounted,"" said Eric Humphery-Smith, Africa analyst at risk intelligence company Verisk Maplecroft.
""The upshot will be major supply disruption for the global bauxite market, as operations will likely remain shuttered for the coming days and potentially weeks.""
The Kremlin on Tuesday said it hoped the coup would not harm Russian business interests in Guinea, according to Reuters.
Russian aluminum giant Rusal has vowed to maintain its three bauxite mines and one alumina refinery in the country despite the political upheaval.
The coup has brought down the curtain on almost a decade of political stability in Guinea. Humphery-Smith said it will likely embolden officer corps throughout the region, meaning that ""neither democrats nor autocrats will sleep easy.""
Conde was accused in late 2020 of pushing through a constitutional amendment to secure a third term, a move that led to violent protests across the country.
Cellou Dalein Diallo, leader of the main opposition FNDC movement initially launched to oppose Conde running for a third term, supported the coup in a statement Monday, claiming the takeover ""completes"" the work of pro-democracy groups opposed to Condé's retention of power.
""While the feeling among many Guineans is jubilation, make no mistake that this is two steps backwards for both the country's democracy and economy. Recovering what until now was a stable and predictable operating environment is anything but a given,"" Humphery-Smith said.
The centralized transitional authority will be ill-equipped to respond to localized grievances, he suggested, potentially escalating political and social unrest when elections are eventually scheduled.",22.3775,1
2021-09-09,14272,0.0004204919818072,1.0,-0.0032985958252589,0.0,1.0,3,0,,,0.0,0
2021-09-10,14225,-0.0032985958252589,0.0,0.0024574349737552,1.0,1.0,4,1,"Biden, Xi discuss avoiding confrontation in second phone call of new US administration","BEIJING - Chinese President Xi Jinping and US President Joe Biden spoke for the first time since February on Friday.
It marked the second call between the leaders since Biden took office in January, as tensions between the world's two largest economies simmer.
""President Biden underscored the United States' enduring interest in peace, stability, and prosperity in the Indo-Pacific and the world and the two leaders discussed the responsibility of both nations to ensure competition does not veer into conflict,"" the White House said in a readout of the call released Friday morning .
Chinese state media confirmed the call shortly afterwards.
Xi said in the report that, ""on the basis of respecting each other's core concerns and properly managing differences,"" relevant departments of the two countries can engage for cooperation on climate, Covid prevention, economic recovery and major international and regional issues.
He said if there's ""confrontation"" between China and the US, ""both countries and the world will suffer,"" while all will benefit if the two nations work together. That's according to a CNBC translation of the Chinese text.
The state media report also included some description of Biden's comments, including a remark that: ""The two countries have no reason to fall into conflict as a result of competition.""
JPMorgan picks China stocks to buy now. Alibaba's not on the list
Portfolio manager explains why he has the 'most conviction' in this China tech stock
China's version of Spotify is 'underappreciated,' Morgan Stanley says
Goldman Sachs loves this sub-sector in China - and names 3 stocks to buy
The two leaders last spoke just before the Lunar New Year - China's most important holiday - in February in a call Biden said lasted two hours.
Friday's call, which lasted for about 90 minutes, discussed a range of transnational issues and touched on economic issues, although that aspect of US-China policy remains under review, Reuters reported, citing a senior US administration official. The two leaders are able to be candid and honest with each other without lecturing, the official said.
The US focus must be on rallying partners and allies, the official said in the report.
Biden's strategy for dealing with China has centered on working with traditional US allies. The preceding Trump administration had taken a more singlehanded approach of applying tariffs and sanctions on China in an effort to address longstanding business complaints of unequal market access and forced technology transfer.
The geopolitical landscape has grown more complex this summer with the US withdrawal from Afghanistan and the rise of the Taliban in a region that shares a border with China .
In the last several months, both China and the US have increased efforts to build up political and economic ties with regional partners.
On Thursday, Xi said at a virtual meeting of the five BRICS countries - China, Russia, Brazil, South Africa and India - that Beijing would chair the BRICS summit next year and looked forward to working more with member nations, according to state media.
India Prime Minister Narendra Modi chaired this year's meeting.
This fall, India is set to join the US, Japan and Australia for an in-person meeting of the so-called Quad leaders. Reports say the gathering could occur as early as this month.",4.395277777777777,1
2021-09-13,14260,0.0024574349737552,1.0,-0.0002104008143259,0.0,3.0,0,0,,,0.0,0
2021-09-14,14257,-0.0002104008143259,0.0,-0.0003507664282342,0.0,1.0,1,0,,,0.0,0
2021-09-15,14252,-0.0003507664282342,0.0,-0.000982801061908,0.0,1.0,2,0,,,0.0,0
2021-09-16,14238,-0.000982801061908,0.0,-0.0003512345931932,0.0,1.0,3,1,EU chief calls for more military independence amid new 'era of regional rivalries',"LONDON - There is a new international order, where competition is fierce and some nations ""stop at nothing to gain influence,"" European Commission President Ursula von der Leyen said Wednesday.
Speaking at her annual ""State of the European Union"" parliamentary address, von der Leyen described the currrent environment of foreign relations as ""a new era of hyper-competitiveness.""
""An era of regional rivalries and major powers refocusing their attention towards each other,"" she said, while adding that ""recent events in Afghanistan are not the cause of this change - but they are a symptom of it.""
The withdrawal of American and allied troops from Afghanistan fueled a much faster-than-expected takeover of the country by the Taliban. The whole process and subsequent evacuation efforts have raised concerns in the EU about its dependence on the United States in terms of defense and security.
As such, some EU leaders have resurfaced the concept of a strategic autonomy - the idea that the bloc needs to develop its own defense capabilities - and a topic that von der Leyen is keen to pursue.
""Witnessing events unfold in Afghanistan was profoundly painful for all the families of fallen servicemen and servicewomen,"" von der Leyen said Wednesday.
""Europe can - and clearly should - be able and willing to do more on its own ... What we need is the European Defense Union,"" she said.
The topic is likely to be in focus in the first half of 2022, when France, a keen supporter of the idea, is in charge of leading the discussions at the EU-level.
The EU's economics chief, Paolo Gentiloni, told CNBC earlier this month that the bloc should step up its role on the geopolitical stage as the US and other Western allies take a step back.
During her hour-long speech, von der Leyen also asked China to be more concrete about its carbon neutrality plans.
The country has pledged to be carbon neutral by 2060, but for von der Leyen this is not enough.
""The goals that President Xi has set for China are encouraging. But we call for that same leadership on setting out how China will get there. The world would be relieved if they showed they could peak emissions by mid-decade - and move away from coal at home and abroad,"" von der Leyen told lawmakers.
She said that all major economies, including the US and Japan, should present detailed plans toward carbon neutrality by the upcoming COP26 conference in Glasgow in November.
The EU has been leading this space, presenting in July a concrete set of measures to cut greenhouse gas emissions by at least 55% by 2030.
This topic is becoming increasingly more important as Europeans face higher energy bills amid a natural gas shortage and structural issues. This is raising concerns across the bloc as member states look ahead to colder temperatures in the coming months, which could result in even higher costs when the economy is still just resurfacing from the coronavirus pandemic.
The governments of Spain and Greece have already announced measures to offset some of the recent spike in energy prices. While Spain introduced temporary tax cuts, Greece said it would spend 150 million euros ($177 million) to cut energy bills for consumers over the next three months.
Mateusz Morawiecki, Poland's prime minister, claimed last week that energy prices were going up due to the EU's climate policies, Politico reported.
Frans Timmermans, who leads the climate policy portfolio at the European Commission, said Tuesday that ""only about a fifth of the price increase can be attributed to CO2 prices rising.""
""The others are simply about shortages in the market,"" he told the European Parliament.
""Had we had the green deal five years earlier we would not be in this position because then we would have less dependency on fossil fuels and natural gas,"" Timmermans said, arguing that the commission's climate plan would avoid such energy price increases.
Among the most surprising announcements on Wednesday was von der Leyen's intention to have a ""European Chips Act"" - a plan to boost production of semiconductors, but to also improve research, design and testing capacities.
Demand for chips has outgrown supply in the past months, which has impacted the production of many products, including cars, TVs and many other electrical appliances. This is a concern for the EU given that it is currently heavily dependent on international supply chains.
""While global demand has exploded, Europe's share across the entire value chain, from design to manufacturing capacity has shrunk. We depend on state-of-the-art chips manufactured in Asia. So this is not just a matter of our competitiveness. This is also a matter of tech sovereignty,"" von der Leyen said.",23.49,1
2021-09-17,14233,-0.0003512345931932,0.0,0.0012638676025869,1.0,1.0,4,0,,,0.0,0
2021-09-20,14251,0.0012638676025869,1.0,-0.0004913142755438,0.0,3.0,0,1,Op-ed: Will China's President Xi's big bet pay off?,"Chinese President Xi Jinping is making the most audacious geopolitical bet of the 21 st century.
A head-spinning series of seemingly disparate moves over recent months add up to nothing less than a generational wager that Xi can produce the world's dominant power for the foreseeable future by doubling down on his state-controlled economy, party-disciplined society, nationalistic propaganda, and far-reaching global influence campaigns.
With each week, Xi raises the stakes further, from narrowing seemingly mundane personal freedoms like karaoke bars or a teenager's permitted time for online gaming to three hours weekly to the multimillion US dollar investor hit from his increased controls on China's biggest technology companies and their foreign listings.
It is only in the context of Xi's increased repressions at home and expanded ambitions abroad that one can fully understand Australian Prime Minister Scott Morrison's decision this week to enter a new defense pact , which he called ""a forever agreement,"" with the United States and the United Kingdom.
Much of the news focus was either on the eight nuclear-powered submarines that Australia would deploy or the spiraling French outrage that their own deal to sell diesel submarines to Australia was undermined by what French officials called a ""betrayal"" and a ""stab in the back"" from close allies. France went so far as to recall its ambassador to the United States for the first time in the history of the NATO alliance.
All that noise should not distract from the more significant message of the ground-breaking agreement. Prime Minister Morrison saw more strategic advantage and military capability from the US-UK alignment in a rapidly shifting Indo-Pacific atmosphere, replacing his previous stance of trying to balance US and Chinese interests.
""The relatively benign environment we've enjoyed for many decades in our region is behind us,"" Morrison said on Thursday. ""We have entered a new era with challenges for Australia and our partners.""
For China, that new era has many faces: a rapid rollback of economic liberalization, a crackdown on individual freedoms, an escalation of global influence efforts and military buildup , all in advance of the 20th national party congress in October 2022, where Xi hopes to seal his place in history and his continued rule.
Former Australian Prime Minister Kevin Rudd, one of the world's leading China experts, points to Xi's ""bewildering array"" of economic policy decisions in a recent speech as president of the Asia Society.
They started last October with the shocking suspension of Alibaba financial affiliate Ant Group's planned initial public offering in Hong Kong and Shanghai, clearly aimed at Alibaba co-founder Jack Ma . Then in April , Chinese regulators imposed a $3 billion fine on Alibaba for ""monopolistic behavior.""
In July, China's cyber regulator removed ride-hailing giant Didi from app stores, while an investigative unit launched an examination of the company's compliance with Chinese data-security laws.
Then this month, China's Transport Ministry regulators summoned senior executives from Didi, Meituan and nine other ride-hailing companies, ordering them to ""rectify"" their digital misconduct. The Chinese state then took an equity stake in ByteDance, the owner of TikTok, and in Weibo, the micro-blogging platform.
Xi was ready to accept the estimated $1.1 trillion cost in shareholder value wiped from China's top six technology stocks alone between February and August. That doesn't factor in further losses among the education, transportation, food delivery, entertainment and video gaming industries.
Less noticed have been a dizzying array of regulatory actions and policy moves whose sum purpose appears to be strengthening state control over, well, just about everything.
""The best way to summarize it,"" says Rudd , ""is that Xi Jinping has decided that, in the overall balance between the roles of the state and the market in China, it is in the interests of the Party to pivot toward the state."" Xi is determined to transform modern China into a global great power, ""but a great power in which the Chinese Communist Party nonetheless retains complete control.""
That means growing controls as well over the freedoms of its 1.4 billion citizens.
Xi has acted, for example, to restrict the video gaming of school-aged children to three hours a week, and he has banned private tutoring. Chinese regulators have ordered broadcasters to encourage masculinity and remove ""sissy men,"" or niang pao , from the airwaves. Regulators banned ""American Idol""-style competitions and removed from the internet any mention of one of China's wealthiest actresses, Zhao Wei.
""The orders have been sudden, dramatic and often baffling,"" wrote Lily Kuo in the Washington Post . Jude Blanchette of the Center for Strategic and International Studies says, ""This is not a sector-by-sector rectification; this is an entire economic, industry and structural rectification.""
At the same time, President Xi has launched a push to share the virtues and successes of the Chinese authoritarian model with the rest of the world.
""Beijing seeks less to impose a Marxist-Leninist ideology on foreign societies than to legitimate and promote its own authoritarian system,"" Charles Edel and David Shullman , the recently appointed director of the Atlantic Council's new China Global Hub, wrote in ""Foreign Affairs."" ""The CCP doesn't seek ideological conformity but rather power, security, and global influence for China and for itself.""
The authors detail China's global efforts to not remake the world in its image, but rather ""to make the world friendlier to its interests - and more welcoming to the rise of authoritarianism in general.""
Those measures include ""spreading propaganda, expanding information operations, consolidating economic influence, and meddling in foreign political systems"" with the ultimate goal of ""hollowing out democratic institutions and norms within and between countries,"" Edel and Shullman write.
Within President Xi's bold bet lie two opportunities for the US and its allies.
The first is that Xi, by overreaching in his controls at home, will undo just the sorts of economic and societal liberalization China needs to succeed. At the same time, the world's democracies, like Australia, are growing more willing to seek a common cause to address Beijing.
In the end, however, Xi's concerted moves require an equally concerted response from the world's democracies. The French-US crisis following the Australian defense deal this week provides just one example of how difficult that will be to achieve and sustain.
Frederick Kempe is the President and Chief Executive Officer of the Atlantic Council.",20.99888888888889,1
2021-09-21,14244,-0.0004913142755438,0.0,0.0003509633981204,1.0,1.0,1,0,,,0.0,0
2021-09-22,14249,0.0003509633981204,1.0,0.0004911419148017,1.0,1.0,2,0,,,0.0,0
2021-09-23,14256,0.0004911419148017,1.0,-0.0004209640137939,0.0,1.0,3,0,,,0.0,0
2021-09-24,14250,-0.0004209640137939,0.0,0.0005612459807772,1.0,1.0,4,1,India's Modi meets Kamala Harris ahead of bilateral talks with Biden and Quad summit,"Indian Prime Minister Narendra Modi met with US Vice President Kamala Harris on Thursday as part of a three-day official visit stateside.
The two leaders exchanged views on a number of issues including the situation in Afghanistan, the coronavirus pandemic, tackling climate change as well as the US and India's commitment toward the Indo-Pacific region, according to the Indian foreign ministry.
They also discussed potential cooperation in areas such as space, technology and health care.
The visit come a day before Modi's first face-to-face meeting with President Joe Biden in Washington.
Speaking in Hindi, Modi said at a joint briefing that the US and India are natural partners that share similar values and geopolitical interests - and that cooperation between the two countries have continued to increase.
""India, of course, is a very important partner to the United States,"" Harris added. ""Throughout our history, our nations have worked together, have stood together, to make our world a safer and stronger world.""
""The United States, like India, feels very strongly about the pride of being a member of the Indo-Pacific, but also the fragility and the importance and strength as well, of those relationships, including maintaining a free and open Indo-Pacific,"" she said.
While the exact geographical definition of the Indo-Pacific vary by countries and administrations, broadly it refers to the interconnected area between the Indian and Pacific oceans , joined together by the straits of Malacca in the heart of Southeast Asia.
Asia-Pacific is a top priority for the United States, where the Biden administration has been shoring up relations with various countries, as China's influence in the region continues to grow.
Even as the US pulled out its military presence from Afghanistan, officials in Washington continued to forge new alliances including a recent security partnership between the US, UK and Australia .
Modi is due to meet Biden to review the US-India comprehensive global strategic partnership on Friday. He will also attend the first in-person Quad Leaders Summit hosted by Biden, alongside Australian Prime Minister Scott Morrison and Japanese leader Yoshihide Suga .
The four countries have an informal alliance called the Quadrilateral Security Dialogue, or Quad , that positions itself as being committed to a free, open and inclusive Indo-Pacific.
The Quad is seen in some circles as an anti-China alliance in part due to Beijing's increasingly aggressive moves in the East China Sea and South China Sea in recent years. But so far in its public statements, the alliance has avoided any direct mention of China and its foreign policies in the region .
Modi will cap his US visit by addressing the United Nations General Assembly in New York on Sept. 25. He has already held bilateral meetings with the leaders of Australia and Japan.
The four leaders from the Quad countries met virtually in March and announced the formation of three working groups looking into areas such as vaccine expertise, critical and emerging technologies and climate change.
On Friday, it's likely that the leaders may share some of the outputs from those working groups, according to Richard Rossow, the Wadhwani chair in US-India policy studies at the Center for Strategic and International Studies.
""I suspect you might see some outputs from those three working groups, most notably cooperation on Covid where the world is looking for a greater access to vaccines,"" Rossow told CNBC's "" Squawk Box Asia. "" on Friday.
""Among the Quad, you have got two of the largest vaccine producers in the United States and India,"" he said. ""There also may be some space to carve out new work groups as well.""
It is unlikely that any Quad-related documents or announcements from Friday's meeting would explicitly mention China, said Dhruva Jaishankar, executive director at the Observer Research Foundation America.
""You do see a bigger emphasis on providing global public goods for the Indo-Pacific region, starting with the vaccine initiative but also extending to critical and emerging technologies, climate change and ... perhaps other areas as well,"" Jaishankar told CNBC's "" Street Signs Asia "" on Friday.",4.983055555555556,1
2021-09-27,14258,0.0005612459807772,1.0,0.0007711992530014,1.0,3.0,0,0,,,0.0,0
2021-09-28,14269,0.0007711992530014,1.0,0.0026595760357587,1.0,1.0,1,0,,,0.0,0
2021-09-29,14307,0.0026595760357587,1.0,0.0009780635123685,1.0,1.0,2,0,,,0.0,0
2021-09-30,14321,0.0009780635123685,1.0,-0.0004190529464871,0.0,1.0,3,0,,,0.0,0
2021-10-01,14315,-0.0004190529464871,0.0,-0.0027281329221644,0.0,1.0,4,1,"Chinese loans leave developing countries with $385 billion in hidden debts, study says","China's Belt and Road Initiative has caused dozens of lower- and middle-income countries to accumulate $385 billion in ""hidden debts"" to Beijing, a new study has claimed.
AidData, an international development research lab based at Virginia's College of William & Mary, analyzed 13,427 Chinese development projects worth a combined $843 billion across 165 countries, over an 18-year period to the end of 2017.
China has provided record amounts of financing to developing countries over the past two decades, supporting both public and private sector projects. The Belt and Road Initiative is President Xi Jinping's flagship foreign policy initiative; launched in 2013 to invest in almost 70 countries and international organizations, it has propelled China to global dominance in international development finance.
The US is planning to develop a similar scheme in South America, and the EU announced in September that it is launching a worldwide ""Global Gateway"" program, as both regions look to challenge China's massive financial and geopolitical influence in the developing world.
China currently spends at least twice as much on international development finance as the US and other major economic powers, according to the AidData report - around $85 billion a year.
However, this is often in the form of debt rather than aid, and this imbalance has accelerated in recent years. Since the introduction of the Belt and Road, China has issued 31 loans for every 1 grant, the report found.
The deals' financing arrangements remain somewhat opaque , with a lack of detailed information causing investor reticence in recent years in some lower- and middle-income countries, such as Zambia .
China has long denied pushing developing nations into so-called debt traps, which could pave the way for Beijing to seize assets as collateral for unpaid debt obligations.
However, concerns have been aired since the Belt and Road's (BRI) inception about the possibility that lending could be higher than officially reported in many lower- and middle-income countries. AidData collectively estimates that underreported debts are worth around $385 billion.
CNBC has contacted the Chinese embassies in London and Washington for comment on AidData's report.
""During the pre-BRI era, the majority of China's overseas lending was directed to sovereign borrowers (i.e., central government institutions),"" the researchers said.
""However, a major transition has since taken place: nearly 70% of China's overseas lending is now directed to state-owned companies, state-owned banks, special purpose vehicles, joint ventures, and private sector institutions.""
These debts often do not show up on countries' government balance sheets, but many are guaranteed by their governments, blurring the lines between private and public debt and creating fiscal challenges for countries. These guarantees can be explicit, or implicit - in that public or political pressure could force the government to bail out a company in financial distress.
Researchers found that these nations' debt obligations to China are significantly larger than international research institutions, credit ratings agencies or intergovernmental organizations estimate. The report claims that 42 countries now have public debt exposure to China that exceeds 10% of their GDP.
""These debts are systematically underreported to the World Bank's Debtor Reporting System (DRS) because, in many cases, central government institutions in LMICs [lower- and middle-income countries] are not the primary borrowers responsible for repayment,"" the report said.
""We estimate that the average government is underreporting its actual and potential repayment obligations to China by an amount that is equivalent to 5.8% of its GDP.""
This would collectively amount to approximately $385 billion, and AidData suggested that managing these hidden debts has become a ""major challenge"" for many affected countries.
""The 'hidden debt' problem is less about governments knowing that they will need to service undisclosed debts (with known monetary values) to China than it is about governments not knowing the monetary value of debts to China that they may or may not have to service in the future,"" researchers added.",21.14611111111111,1
2021-10-04,14276,-0.0027281329221644,0.0,-0.001121390641764,0.0,3.0,0,0,,,0.0,0
2021-10-05,14260,-0.001121390641764,0.0,-0.0010524470362782,0.0,1.0,1,1,"The Taliban takeover of Afghanistan could reshape counterinsurgencies in Africa, experts say","The Taliban's takeover of Afghanistan and the subsequent withdrawal of Western troops was closely watched in many African capitals - and by Islamist insurgent groups on the continent.
The shift in power comes at a critical juncture for the so-called war on terror for the governments of countries like Somalia, Mali, Mozambique and Nigeria, and the Western powers that support them.
A media outlet linked to Somali militant group al-Shabab wrote ""God is great"" following news of the takeover. Meanwhile, the leader of West Africa's Jama'at Nasral-Islam wal-Muslimin (JNIM) jihadist organization drew comparisons between the US withdrawal from Afghanistan and France's planned drawdown of military presence in West Africa's Sahel region.
French President Emmanuel Macron announced in July that the 5,000-strong troop presence in the Sahel - known as Operation Barkhane - would end in the first quarter of 2022. Despite putting a timeline on the end of the main military operation, Macron insisted that France was not withdrawing entirely from its former colonial territories.
The French deployment began in 2013 as Paris attempted to halt the advance of jihadist groups in Mali , but extremist groups continue to wreak havoc on civilian populations in the conflict-ridden Sahel.
The US and other European nations had also begun withdrawing from the Sahel and other hotspots prior to the fall of the Afghan government. According to the World Food Programme, around 4.6 million people have been displaced in the Sahel as a result of what the UNHCR (the UN Refugee Agency) has called ""intense and largely indiscriminate violence perpetrated by armed actors against civilians.""
Now, experts have suggested that the Taliban victory in Afghanistan could inspire militant groups in the region, altering the course of internationally coordinated efforts to fight terrorism.
""The US, France, and other European powers will slow down planned withdrawals of troops from the Sahel region and other hotspots for insecurity and militancy, and even increase deployments in some regions,"" Robert Besseling, CEO of political risk consultancy Pangea-Risk, said in a special report last month.
""Meanwhile, non-traditional military partners, spearheaded by Russia, China, and some Middle Eastern countries, are stepping up engagements on the continent.""
Alex Vines, director of the Africa Programme at Chatham House, told CNBC that while developments in Afghanistan had offered a ""psychological boost"" to jihadist organizations, fragmentation among these militant groups and the regionalized nature of the conflicts, meant tangible benefits were difficult to assess.
""Look at training and recruitment. At the moment, most of the jihadi groups in Africa are mostly about Africa. There are not too many foreign pilgrims coming in from elsewhere,"" he said.
Chatham House assessed the origins of militants in Mozambique insurgent groups and found that a majority came from Tanzania, Comoros, Burundi, the Democratic Republic of the Congo and the rest of the immediate region, Vines explained.
""When you get into Boko Haram territory, or even Mali, yes, there are North Africans involved in this stuff, but it is difficult to thread it further,"" he added.
However, Vines suggested that the global attention drawn to the issue in light of the Taliban takeover could provide a source of online chatter and inspiration for international recruiters.
""Where I think there is a lot of influence is in the early stages of radicalization, where foreign recruiters are very influential and very dangerous,"" he said, adding that the internet continues to be a source of ""toxicity that can have a lot of influence to put people onto jihadi pathways.""
Vines noted that while international intervention led by Rwanda has put Islamist insurgents on the backfoot in Mozambique, US and European Union efforts to reinforce states in the Sahel through military training have been largely ineffective.
Western-trained military forces were behind successive coups in Mali which led to power vacuums in parts of the country that allowed jihadist forces to seize control, he argued in a recent Chatham House article.
Vines said that the international community needed to hear the voices of those directly affected by terrorism and insurgency, with technology offering a link between victims and policymakers, governments and global organizations. This could enable solutions which are ""as much African as they are international,"" he said.
After domestic political pressure, France has taken steps to shift its engagement in the Sahel from a unilateral to multilateral approach. It has established, for example , the Takuba Task Force, which will focus on the region bordering Mali, Burkina Faso and Niger. Takuba aims to assist regional security forces in joint operations and offer a rapid response capacity, while conducting direct operations against militant groups.
In its report, Pangea-Risk said the creation of the Task Force Takuba showed there had been ""little change"" in the strategic approach of Western military powers in Africa. ""[It] remains overtly focused on military solutions at the expense of broad social, economic, and political issues.""
The social and political issues often exploited by jihadi groups to drive recruitment include high unemployment, impunity and perceived endemic corruption.
""While the presence of additional SOF [special operation forces] personnel as front-line mentors is likely to serve as a force multiplier for regional security forces, contributing to further tactical successes, it will not address this strategic deficit,"" the report added.
Vines suggested that French operations will likely sharpen their focus on targeting jihadi kingpins, while US presence on the continent will remain focused on containment of growing Russian and Chinese influence .
""The last thing the Americans want is Russian-linked privateers going into Mali and exposing the multilateral and bilateral efforts as not having produced anything,"" he said.
""Those geopolitical things could well suck the Americans back into some of the places that under Trump, they announced that they were drawing down.""",1.5430555555555556,1
2021-10-06,14245,-0.0010524470362782,0.0,-0.0004915212681901,0.0,1.0,2,0,,,0.0,0
2021-10-07,14238,-0.0004915212681901,0.0,-0.0009134666692869,0.0,1.0,3,1,"As Wall Street sees a Chinese stock market 'on sale,' others warn 'that game is over'","Financial advisors have been telling investors for years that if you have a long-term portfolio view of the future, it has to include China. With its stock market down huge this year and its government asserting even more control over its companies, is that still true, or is the time already past to cut and run from stocks in the world's second-biggest economy?
The biggest investing institutions say the benefits of being exposed to China not only remain true, but China's market may be a buy relative to the US stock market given its recent swoon. US equity volatility is up, too, but not enough to put a major dent in valuations after what these investors say has been a period of atypically high returns. The MSCI China Index is down nearly 20% this year, while the S&P 500 Index is up nearly 16%, even after the recent selling and its first 5% decline in over a year.
""China has gone on sale,"" said JP Morgan Asset & Wealth Management CEO Mary Erdoes at the recent CNBC Delivering Alpha conference.
Erdoes, who serves on the US-China Business Council, expressed surprise over the level of reaction to recent moves made by the Chinese government to assert more control over its capital markets and company management.
""All of the hand wringing the world has about words coming out of China is the same thing you hear out of US government so I am not sure why it causes so much consternation,"" Erdoes said at Delivering Alpha, alluding to, among other things, the Chinese government's ""common prosperity"" plan to spread wealth among the population. Some of China's largest internet companies, including Alibaba and Tencent , which have been targets of Chinese government monopoly concerns, have said they will invest billions of dollars in this plan.
For some investors, even among the billionaire class, when it comes to generating returns in China it's not only about the money. After BlackRock recently increased its investment focus on China, George Soros took to the pages of the Wall Street Journal to decry ""BlackRock's China blunder"" and a national security threat to the US
BlackRock has urged investors to increase exposure to China by three times, according to a New York Times article on Wednesday looking into the pervasive Chinese market bullishness on Wall Street .
JPMorgan picks China stocks to buy now. Alibaba's not on the list
Portfolio manager explains why he has the 'most conviction' in this China tech stock
China's version of Spotify is 'underappreciated,' Morgan Stanley says
Goldman Sachs loves this sub-sector in China - and names 3 stocks to buy
Erdoes reiterated a broad case that has long been made about exposure to China, namely, a middle-class economy that is rising and includes hundreds of millions of people. And she cautioned against reading too much into the recent market headlines. The financial struggles of the Chinese property giant Evergrande are not insignificant, but it is not another Lehman Brothers, Erdoes said, and she added it is ""not the largest thing happening in China.""
Meanwhile, government scrutiny of figures like Alibaba founder Jack Ma is part of a broader regulatory wave in China that in the end will benefit the investment community, she argued at the CNBC event. To be sure, other top investors with experience in China who spoke at Delivering Alpha said betting on China is not worth the current level of risk.
The Chinese market concerns are occurring amid a wider geopolitical battle between the US and China which has not eased under the Biden administration.
Erdoes looked to a respected source of market wisdom for backing on her China view: Berkshire Hathaway vice chairman Charlie Munger. She cited a CNBC interview from late June, when Munger - who invested early in Chinese company BYD and this week, it was revealed, had increased a stake in Alibaba that is held by the company Daily Journal , where Munger runs the investment portfolio - said he was in favor of the way the communist Chinese were acting against market excess.
""And our own wonderful free enterprise economy is letting all these crazy people go to this gross excess,"" Munger told CNBC's Becky Quick as part of the Warren Buffett-Charlie Munger documentary ""A Wealth of Wisdom.""
""People who are avoiding it are the communist Chinese. They step in preemptively to stop speculation. ... Communists did the right thing. ... And I wish we had ... I don't want all of the Chinese system, but I certainly would like to have the financial part of it in my own country.""
The case for China ultimately relies on a broader view that most long-term investors accept: proper portfolio construction requires taking advantage of rebalancing opportunities when a market declines.
""It is absolutely time to invest, not just in the Chinese market at large, but the companies which will benefit,"" Erdoes said. ""So many clients are underweight emerging markets in general and very underweight China. I think people should be focused on it. This is the time.""
In a piece earlier this week for the Financial Times , Jeffrey Kleintop, chief global investment strategist at Charles Schwab , laid out the big numbers, based on recent market history, that support a bullish stance:
Ashbel Williams, the executive director and chief investment officer for the Florida State Board of Administration - which oversees roughly $200 billion on behalf of public service employees in the state - said there are reasons to be cautious about China, but speaking on the same Delivering Alpha session with the Erdoes, he agreed with the JP Morgan executive that ""the short term bumps and zigs and zags"" are signs of opportunity for investors.
Williams' view of the Chinese government's current leadership is that after deepening its power and extending it, investors should expect a more centralized control of the market to result in ""leadership urges"" which have unintended consequences, ""shocks and side effects,"" he said. But he believes the government will learn over time how to assert its influence without upending the market, and the Chinese market is not atypical in opportunity requiring investors to accept some level of unpredictability.
""At the end of the day if everything is straight and steady and normal and predictable it is not a way one can make money,"" he said.
China is a huge percentage of emerging markets indices, Williams noted - roughly 37% of the MSCI EM Index and corresponding ETFs like BlackRock's iShares MSCI Emerging Markets ETF - but he added it is not the entire region, and too much focus on China misses the broader investment story. He sees a rising Asian region that is moving beyond being ""simply a supplier of cheaper products to the developed world.""
""That is important in and of itself, because of the number of people in the Asian region and the expansion of the middle class has tremendously positive commercial ramifications,"" Williams said. And that's a view that takes on greater importance for him after a period during which US markets returns have been so strong.
Williams and Erdoes both expressed concerns about a run for the US market that can't be sustained and a lower return world in the future . It is not all China - Erdoes pointed to the valuations that European financials are trading at, which would require a 30% gain to get them up to 1x book value. But they cautioned it cannot be all about the domestic bull market either.
""If you've had 30%-50% returns in the US then that's not normal, you need to look elsewhere in the world. It's not just all here in the United States,"" Williams said.
There are investors with experience in China who do expect more of the froth to come out of the US market in the near term, but some told CNBC's Delivering Alpha that China is not part of where they are seeking new opportunities.
Brad Gerstner, founder and CEO of Altimeter Capital, thinks the Nasdaq, as an example, still has plenty of room to decline as the US market moves back to a normalized pre-Covid world of interest rates and growth multiples, with rates going higher and, as a result, growth stocks going lower. He sees as much as 10%-15% that the Nasdaq can still ""give back"" to get back to a more healthy level, and said at Delivering Alpha that he has taken down his firm's net equity exposure to 50% versus 90% at the pandemic low last year.
But his only exposure to China is ByteDance, which his firm invested in five years ago when it was a $10 billion company. Today it is valued at closer to $300 billion, but he said it won't be going public in the US this year, which had been an expectation before the recent moves made by the Chinese government against ridehailing giant DiDi after its US offering. And he sold out of other Chinese stocks, such as Ma's Alibaba and Pinduoduo , last year.
""We've been keen observers,"" Gerstner said, noting he made his first trip to China in 2003 and invested early in internet pioneers like Trip.com . The issues with Jack Ma were ""a signal, but was part of a pattern we were seeing, the reassertion of state power relative to conglomerates,"" he said. ""It's a fundamentally different moment and a historical narrative in China we shouldn't be surprised by,"" he added. The ""toleration of capitalism"" as a means to achieve strategic and national goals, he said, is now viewed by Chinese President Xi Jinping as being largely met.
""China is now a national enterprise with one CEO and it is the president of the country,"" Gerstner said. ""You no longer have any of the major founders actively involved in the internet companies and I don't think we will see additional Chinese IPOs in the US All will be directed to Hong Kong.""
While Erdoes and Williams said investors need to take risks to generate alpha, Gerstner described the current period in China as one of ""radical uncertainty.""
""Make no mistake, there will be a lot of economic growth in China,"" he said, and he added there is reason to believe a period of ""relative stability"" will occur between now and the Winter Olympics. But he isn't willing to take the investment risk to make the kinds of bets he once did on China.
""I've talked to friends of 20 years who are among the most connected inside of China and the fact of the matter is all of them say with an ample dose of humility they have no idea. ... so as a firm, we are not going to make the call on China.""
Investment logic may dictate that when valuations go down because risk has gone up it is time to invest in a depressed opportunity, but that isn't enough to convince Gerstner. ""On a risk-adjusted basis, I'm not sure valuations have come down all that much,"" he said. ""This is a fundamental pivot in China and foreign investors are going to look at it very differently.""
He said the decisions the Chinese government makes over the next year will have a huge bearing on the relationship with the international financial community. ""It is certainly possible it's just another bump in the road and all these stocks rip again, like BABA, but I don't think anyone can say that with a high level of certainty.""
The divide between the institutional asset management giants and the more selective hedge funds and VCs - which often get into private tech companies well before IPOs - over whether China is an alpha generator at a time of greater volatility from the US was also reflected in the views of Social Capital founder and CEO Chamath Palihapitiya at Delivering Alpha. He sees inflation as a big risk and more volatility to come, but he believes China will lead volatility rather than be a hedge against it.
""I think there will be lots of volatility,"" he said. ""The question is where will it come from ... You have to look to start in China,"" Palihapitiya said.
He cautioned investors from accepting the asset management companies China bullishness without skepticism, saying the business model of institutional investors ""really needs China to be an investable place.""
""There is hundreds of billions in foreign capital and you can charge fees and can generate profits, but I think what you see is that game is over,"" he said. ""China Inc. One country, one company, one CEO.""
He said it is still important for investors to keep an eye on what is occurring in China because it will have ramifications for national security, supply chains, and inflation.
""As people come to grips with that, there will be lots of opportunities to make money,"" he said. But in his view that opportunity is not in the Chinese market today. ""I have always said that I can only invest in a place if I really understand how money goes in, and the rule of law, and most importantly, how money can come out, and what we have seen in last six months has really shaken my confidence in the ability to predict what happens next.""
For now, Palihapitiya said, China is a place, ""I will read about but not invest in.""
Missed this year's CNBC's Delivering Alpha investor summit? Access the full sessions on demand for a limited time only. Don't miss the biggest investment ideas in the business. Register for on-demand access at
This story has been updated to include that news that Charlie Munger increased a stake in Alibaba within the investment portfolio he controls for Daily Journal.",19.12472222222222,1
2021-10-08,14225,-0.0009134666692869,0.0,-0.0010550379033853,0.0,1.0,4,0,,,0.0,0
2021-10-11,14210,-0.0010550379033853,0.0,0.0004924895445515,1.0,3.0,0,1,5 charts show Russia's economic highs and lows under Putin,"Love him or loathe him, there's no doubt that Russian President Vladimir Putin has been instrumental in keeping Russia firmly on the global geopolitical stage during his time in office.
Alternating as both prime minister and president of Russia since late 1999, Putin has been the figurehead of Russia's economy seeking to attract foreign direct investment, boost a variety of industries and to exploit Russia's natural resources, particularly the country's abundance of oil and gas.
Of course it's not all been plain sailing. Russia has been hit by economic misfortunes both of its own making - such as international sanctions placed on key sectors after its 2014 annexation of Crimea from Ukraine and its meddling in the 2016 US election - and some it had no control over, such as the 2008 financial crash, 2014 oil price crash and most recently, the Covid-19 pandemic.
More than 20 years after Putin came to prominence, Russia - a country which spans Europe to Asia and has around 144 million inhabitants - is facing challenges that the Kremlin will have to tackle soon enough.
These range from the more pressing matter of living standards and the specter of inflation that could hit Russian consumers at a time of vulnerability, to longer-term issues such as Russia's transition away from its energy-dependent, export-oriented economy.
CNBC has taken a look at economic data from the Organisation for Economic Co-operation and Development that spans the two decades that Putin has been in power, looking at the country's growth rate, GDP per capita, employment picture and inflation story as well as household disposable income compared to its neighbors in the EU, the wider OECD (which includes 38 countries from around the world) and the US
Russia's economy has undoubtedly grown under Putin, although it took a deeper dive than others after the financial crisis of 2008, as this graph shows.
The recession that Russia entered after the oil price crash of 2014-2016 (when oil prices tumbled from around $114 a barrel to $25 in early 2016) is also evident, as is the pandemic-induced damage to GDP with Russia no more immune to lockdowns, industry shutdowns and slumping oil demand than the rest of the world. Saying that, its decline has not been as pronounced as that seen collectively in the EU or OECD.
This graph below shows Russia's GDP per capita, a core indicator of economic performance and commonly used as a broad measure of average living standards or economic wellbeing.
Rising consumer prices have been a regular bugbear for Russia's economy and inflation has been a key focal point for Russia's central bank in recent years, particularly in the wake of the oil crash when the Russian ruble plummeted in value against the US dollar, increasing inflationary pressures.
Currently, Russia's inflation rate stands at 7.4%, a figure that prompted the central bank to increase interest rates by 25 basis points to 6.75% in September. The bank's inflation target is 4%.
The central bank noted last month that while Russia's economy is ""returning to a balanced growth path ... the contribution of persistent factors to inflation remains considerable."" In this environment, the balance of risks for inflation is tilted to the upside, the bank said.
Household disposable incomes were heavily impacted by rampant inflation during the 2014-2016 oil crisis period but the latest available data shows that Russia has recovered when it comes to this indicator, with the annual growth rate in household disposable income, in 2019, standing at a very similar level to the US
Russia performs well in terms of employment indicators, and in fact performs far better than its peers in the EU and OECD, with its employment rate above OECD countries' average and an unemployment rate below the OECD average.
""Flexible labour market legislation, weak unemployment insurance and the ongoing economic recovery reduce unemployment,"" the OECD said in a 2018 report. Yet Russia scores relatively poorly on job quality indicators, with earnings quality close to the bottom of OECD countries.
It also performs below the OECD average in the main indicators of inclusiveness with the employment gap higher for disadvantaged groups, such as mothers with children, young or older workers, workers with disabilities or non-Russian workers, compared to OECD countries.
- CNBC's Hadley Gamble moderates a panel with Russian President Vladimir Putin and the CEOs of BP, TotalEnergies, ExxonMobil and Daimler at Russian Energy Week. Watch live at 1 p.m. Moscow time/11 a.m. London time on Wednesday, Oct. 13.",3.685,1
2021-10-12,14217,0.0004924895445515,1.0,0.0002813137369983,1.0,1.0,1,0,,,0.0,0
2021-10-13,14221,0.0002813137369983,1.0,-0.0046518268266962,0.0,1.0,2,0,,,0.0,0
2021-10-14,14155,-0.0046518268266962,0.0,-0.0050285172710568,0.0,1.0,3,1,What is Putin's greatest worry right now? His own citizens,"Improving Russian citizens' living standards is President Vladimir Putin's biggest concern right now, he told CNBC on Wednesday, offering a rare insight into the preoccupations of one of the world's most powerful leaders.
""Our main problem, our main issue and goal is to increase the revenues of our citizens,"" Putin told CNBC's Hadley Gamble on Wednesday. His answer came after being asked what his greatest concern was today, be it inflation, stagflation or the gas crisis in Europe or tension in the South China Sea.
""This is our main challenge ... we need to ensure economic growth and to increase its quality. These are our long-term tasks,"" he said.
Putin added that the government was ""going to improve the social situation to increase the revenues of our citizens and to deal with the second very important task is the demographic situation. And it entails a lot of social issues, healthcare, education, supporting families with children.""
""So these two very important issues, [the] demographic one and increasing the revenue of our citizens and improving their quality of life ... should be solved on the basis of economic growth. That's what we are going to do in the near future,"" he said.
His comments come as Russia's GDP per capita, a core indicator of economic performance and commonly used as a broad measure of average living standards or economic wellbeing, remains below its peers in the OECD and EU.
Chris Weafer, chief executive officer of Moscow-based strategy consultancy Macro-Advisory, told CNBC in September that ""the real issue which scares the Kremlin is the changing demographics,"" with an increasing number of Russians born after the Soviet Union ended and demanding a better standard of life.
′′[They] want improved lifestyle, incomes social supports and a better future for themselves and their families,"" Weafer said. ""The big challenge for President Putin and the so-called Russian 'elites' will be how to satisfy those expectations while keeping power. Failure in the former will more severely undermine to latter in the next presidential term - no matter who that president may be.""
During his two decades in power, Putin has undoubtedly overseen a period of growth in the Russian economy. Likewise, on the political front, Russia still stands firmly on the global geopolitical stage.
Like any economy, however, Russia has not been immune to global and domestic events - both under and out of Russia's control - that have unseated its growth trajectory and caused financial hardship to its citizens.
This was most evident in 2014 when a fall in global oil prices, combined with Russia's decision to annex Crimea from its neighbor Ukraine, put massive pressure on the economy and society. This was due to lower government revenues for oil-exporting Russia and newly-imposed international sanctions on the country for its Crimea land grab. The big decline in the ruble led to rampant inflation and prices on basic products soared, seriously affecting Russian consumers.
Most recently, the Covid-19 pandemic also hit Russia's economy as hard, although it fared better than some developed economies. The World Bank noted that Russia's gross domestic product (GDP) fell by 3% in 2020, compared to contractions of 3.8% on average globally, and 5.4% in advanced economies.
""Several factors helped Russia perform relatively better: in recent years, Russia undertook significant macro-fiscal stabilization efforts, resulting in an improved fiscal position. A massive banking sector clean-up, together with enhanced regulation and supervision, fortified capital and liquidity buffers,"" the Bank said in a report in May.
Still, the pandemic remains a serious public health crisis in the country with cases high and vaccinations sluggish; on Wednesday, Russia reported its highest daily death toll since the start of the pandemic , breaking a previous record on Tuesday.
Economists at the World Bank forecast last week that Russia's GDP would expand by 4.3% in 2021, before slipping back to grow by 2.8% in 2022 and then 1.8% in 2023 as the output gap closes. The Bank noted that ""a continued global economic recovery, relatively high oil prices, and an improved Covid situation are expected to help consolidate the incipient recovery in domestic demand.""
President Putin refused to be drawn on whether he will run for office in 2024, although Russia's constitution was changed in 2020, controversially, in order to allow him to do so .
If he does run for re-election (with a win all but guaranteed unless there is seismic change in Russia in the next few years, given the oppression of opposition parties and politicians, like the jailed Alexei Navalny ) then Putin, who's now 69, could potentially be in power until 2036.
Asked if he had a succession plan on Wednesday, Putin said ""I prefer not to answer such questions, this is my traditional response. We will wait until the upcoming elections for that.""
""The conversation in this regard is to stabilize the situation. The situation must be stable and safe in order for power structures and world structures to work safely and responsibly,"" he said.
Geopolitical events both at home and abroad have led to Putin's popularity fluctuating widely since 1999, according to polls conducted by the independent Levada Center.
When Russia annexed Crimea, Putin's popularity soared from 61% to 85%, for example, but since then his ratings have steadily declined to their current level, of 64% in September.
Whether Russians believe Putin can solve the country's internal problems, or should stay in power after 2024 is another matter.
Levada's latest survey on Putin's standing with the Russian people , of 1,634 adults in late September with the results released this week, showed that 47% of Russians would like to see Putin remain as president after 2024, while 42% do not want that - the highest rate since 2013.
Putin's preoccupation with growth and its trickle-down effect on ordinary Russians was just one of the topics he discussed with CNBC at Russian Energy Week on Wednesday. The president also commented on a wide variety of pressing matters, from Europe's gas crisis to the outlook for oil prices, as well as rising tensions between Russia's ally China ( President Xi Jinping once said Putin was his best friend ) and Taiwan.
Putin also discussed a range of energy issues alongside BP CEO Bernard Looney, TotalEnergies CEO Patrick Pouyanne, ExxonMobil CEO Darren Woods and Daimler CEO Ola Kallenius on a panel.
Russia is an influential force in both Europe and Asia given its position as a global oil and gas exporter, although in recent years Putin has spoken of the need to diversify Russia's economy away from its reliance on energy exports, an objective that has been prioritized after the 2014 oil price crash.",0.7016666666666667,1
2021-10-15,14084,-0.0050285172710568,0.0,0.0008516679010175,1.0,1.0,4,0,,,0.0,0
2021-10-18,14096,0.0008516679010175,1.0,-0.0011357184639273,0.0,3.0,0,1,Nord Stream 2: The Russian pipeline that everybody's talking about,"Lubmin, GERMANY - Remote, quiet but energy-rich: the coastal area of Lubmin in north Germany hosts the world's most controversial gas pipeline.
Nord Stream 2 stretches for 1,200 kilometres from Vyborg in Russia through the Baltic Sea to Lubmin in Germany, bypassing Ukraine and Poland.
The gas pipeline is finished, but it is waiting regulatory approval before it can start providing the 55 billion cubic meters of natural gas to Europe every year.
It is only a matter of time, according to Gustav Gressel, senior policy fellow at the European Council on Foreign Relations, a think tank, before the German energy regulators give their seal of approval.
The task is not that easy amid heightened geopolitical tensions.
Some European lawmakers are fiercely opposed to the deal and do not want regulators to approve it.
""We want to break out from this [Russian energy] dependence,"" Morten Petersen, a Danish lawmaker at the European Parliament, told CNBC's ""Street Signs Europe"" on Friday.
Nord Stream 2 brings up different geopolitical aspects. On the one hand, the US has always opposed the pipeline, saying it increases Europe's dependency on Russia. President Joe Biden 's administration has been criticized by lawmakers from both parties, however, for not doing enough to halt the project.
The majority of natural gas going into Europe already comes from Russia. In 2020, this represented about 43% of the total gas imports to the bloc, according to Eurostat.
Poland and Ukraine are opposed to the pipeline, citing energy security concerns. For Kyiv, it is feared the pipeline could lead to fewer natural gas flows via Ukrainian pipes and hence fewer revenues to its ailing economy. Critics also argue the pipeline is not compatible with European climate goals and will most likely strengthen Russian President Vladimir Putin 's economic and political influence over the region.
Advocates of Nord Stream 2 claim US opposition stems from its wish to sell more of its liquified natural gas to Europe and therefore sees the deal with Russia as an obstacle to its commercial interests.
For Putin, and many lawmakers in Germany, Nord Stream 2 is nothing more than a business deal.
Speaking to CNBC's Hadley Gamble on Wednesday, the Russian president said the project was ""purely commercial"" and an efficient way to provide natural gas to Europe.
Nord Stream 2 represents a shorter route to Europe than Ukrainian pipelines and given its more modern, it is also cheaper to maintain.
A paper from the European Parliament said that ""estimates of how much refurbishment [of Ukrainian pipelines] would cost vary from $2.5 billion to $12 billion, while the bill for total replacement, according to a 2017 KPMG study, could be as high as $17.8 billion."" Overall costs for Nord Stream 2 are estimated at about 9.5 billion euros ($11 billion), according to the same paper.
The debate over what to do with Nord Stream 2 has gained even more attention in recent weeks as energy prices soar across Europe. Higher gas and electricity prices put pressure on households and could ultimately derail the economic recovery that has taken shape in recent months.
As a result, European leaders are under pressure to take measures to mitigate the impact.
Putin has said that his country can deliver more gas to the bloc, provided they request it. He denied the Kremlin is using energy as a weapon against Europe amid reports Russia has withheld gas supplies to the region.
But the EU is unsure about what to do. Increasing gas imports from Russia could provide some short-term relief but there are tough questions about what to do in the medium and long term.
There are efforts across the EU to reach carbon neutrality in the coming years and this raises the question about what sort of energy mix European countries are after.
While some see natural gas, a fossil fuel, as a means to reduce CO2 emissions in the path to carbon neutrality, others argue that energy independency is the most important aspect - hence nuclear and renewables are purported to be the option.",3.2044444444444444,1
2021-10-19,14080,-0.0011357184639273,0.0,0.0037571376561173,1.0,1.0,1,0,,,0.0,0
2021-10-21,14133,0.0037571376561173,1.0,0.0020498328435684,1.0,2.0,3,0,,,0.0,0
2021-10-22,14162,0.0020498328435684,1.0,0.0014817430828883,1.0,1.0,4,0,,,0.0,0
2021-10-25,14183,0.0014817430828883,1.0,-0.0012699310299906,0.0,3.0,0,1,China is pushing to develop its own chips - but the country can't do without foreign tech,"GUANGZHOU, China - China's technology giants have been pushing to develop their own semiconductors or chips, a move seen as progress toward China's goal to become self-reliant in the critical technology.
In reality, China is still a long way off even if it's one step closer to self-sufficiency, according to one expert, adding that the country is still heavily dependent on foreign technology and lagging in the so-called leading edge part of the chip market.
Semiconductors are key components in everything from smartphones to modern refrigerators to cars. They've also become a key focus of the broader technology battle between the US and China.
The world's second-largest economy has for years invested heavily into boosting its domestic chip industry , but it has struggled to catch up with rivals in the US and other parts of Asia. Increasingly, semiconductors are seen as key to national security for many countries and a sign of technological prowess.
There's been a slew of announcements from major Chinese technology companies this year regarding chips made in China.
In August, Baidu launched Kunlun 2, its second-generation artificial intelligence chip . This week, Alibaba released a chip designed for servers and cloud computing . Smartphone maker Oppo is also developing its own high-end processors for its handsets, the Nikkei reported on Wednesday.
While these companies are designing their own chips, they might still have to rely on foreign tools to do so. But when it comes to manufacturing and the broader supply chain, China's internet giants are still heavily dependent on foreign companies.
""This is a step in becoming more self-sufficient in semiconductors but a small one,"" Peter Hanbury, a partner at Bain & Company, told CNBC by email. ""Specifically, these are examples of locally designed chips but a lot of the IP [intellectual property], manufacturing, equipment and materials are still sourced internationally.""
The reason these companies are designing their own chips is because they can create semiconductors for specific applications so as to differentiate from their competitors.
A closer look at the specifics of the silicon being designed shows China's reliance on foreign companies.
Take Alibaba's new Yitian 710 chip. That is based on architecture from British semiconductor firm Arm. It will also be built upon the so-called 5-nanometer process, the most advanced chip technology at the moment.
Baidu's Kunlun 2 chip is based on the 7-nanometer process. Oppo meanwhile is reportedly working on a 3-nanometer chip.
This is where the challenge lies for China .
The country does not have a company capable of manufacturing these leading edge semiconductors at these sizes. They will have to rely on just three companies - Intel from the US, TSMC from Taiwan and Samsung in South Korea.
China's largest chip manufacturer SMIC is still years behind its companies in terms of manufacturing technology.
But it's not just manufacturing. Even companies like TSMC and Intel rely on equipment and tools for the manufacturing process from other companies.
In that area, power is concentrated in the hands of a few: ASML , a company from the Netherlands, is the only company in the world capable of making a machine that chip manufacturers need to make the most advanced chips.
""The semiconductor ecosystem is large and complex, so building self-sufficiency is very difficult across such a broad range of technologies and capabilities,"" Hanbury said.
""In general, the most challenging area to build self-sufficiency will be the leading edge. Here, the challenge is you need both investment dollars, but you also need to overcome the massive requirements around technical expertise and accumulated experience.""
The reliance on foreign companies leaves Chinese firms vulnerable to any geopolitical tensions - as was the case with both Huawei and SMIC.
Huawei designed its own smartphone processors called Kirin . The chips were usually based on the latest technology and helped the Chinese smartphone giant become one of the biggest smartphone players in the world .
However, the US put Huawei on a trade blacklist called the Entity List in 2019 which cut off the Chinese company from certain US technology. Last year, Washington introduced a rule which requires foreign manufacturers using American chipmaking equipment to get a license before they're able to sell semiconductors to Huawei.
JPMorgan picks China stocks to buy now. Alibaba's not on the list
Portfolio manager explains why he has the 'most conviction' in this China tech stock
China's version of Spotify is 'underappreciated,' Morgan Stanley says
Goldman Sachs loves this sub-sector in China - and names 3 stocks to buy
Huawei's chips were manufactured by TSMC. But when the US rule was introduced, TSMC could no longer make semiconductors for Huawei. That crippled its smartphone business globally .
SMIC is also on the US blacklist which restricts its access to American technology.
These sanctions could be a concern for Chinese companies now developing their own chips.
""For example, if there was an effort to block the shipment of smart phone processors then Oppo, for example, would have a domestically designed source of chips,"" Hanbury said. ""However, most of these chips are still manufactured using international technology so they could still lose access to their chips if the manufacturing partner for these chips were blocked from manufacturing.""
Governments around the world now see semiconductors as extremely strategic and important technology.
US President Joe Biden has called for a $50 billion investment in semiconductor manufacturing and research and has looked for chipmakers to invest in the country. In March, Intel announced plans to spend $20 billion to build two new chip factories , called fabs, in the US
""This is about out-competing China,"" Commerce Secretary Gina Raimondo told CNBC in March.
Washington has looked to bring semiconductor manufacturing back to the US, seeing it as key for national security , given the supply chain is very concentrated in Asia .
But like-minded nations are also trying to work together to ensure their semiconductor supply chains are secure.
Leaders of the the United States, India, Japan and Australia, a group known as the Quad, announced plans in September to establish a semiconductor supply chain initiative aimed at identifying vulnerabilities and securing access to semiconductors and their vital components.
A lot of the recent discussion on semiconductor supply chains was sparked by a global chip shortage that has hit industries from autos to consumer electronics, and worried leaders about their countries' ability to secure semiconductors when required.
China may be ahead of its peers in some areas of chip development, but it will find difficulty catching up with cutting-edge technology, at least in the short term.
For example, SMIC can manufacture 28-nanometer chips on a large scale. These could be used in TVs or even autos - an area China could do well in , particularly with the current shortage of semiconductors.
However, to put things in perspective, TSMC is already working on 3 nanometer technology. SMIC would have to master the manufacturing processes that TSMC has been doing for years before being able to catch up.
""So even moving quickly forward across these existing technologies would not be enough to catch up and reduce reliance at the leading edge because the leading edge is constantly moving forward,"" Hanbury said.
""It's like running a race to catch a really fast runner while that runner is quickly running away from you.""",7.937777777777778,1
2021-10-26,14165,-0.0012699310299906,0.0,0.0013404354894268,1.0,1.0,1,0,,,0.0,0
2021-10-27,14184,0.0013404354894268,1.0,0.0010569708203138,1.0,1.0,2,0,,,0.0,0
2021-10-28,14199,0.0010569708203138,1.0,-0.0019739167494872,0.0,1.0,3,0,,,0.0,0
2021-10-29,14171,-0.0019739167494872,0.0,0.0045060978872675,1.0,1.0,4,0,,,0.0,0
2021-11-01,14235,0.0045060978872675,1.0,0.0018248180246291,1.0,3.0,0,1,"Apple chip shortage will end, but US-China supply chain 'train wreck' is coming","The semiconductor chip shortage is old news, but when the second-largest public company in the history of the US stock market says it just left $6 billion in potential sales on the table as a result of limited chip supply - as Apple just did - it reinforces why the US economy needs to rethink how it sources its semiconducting technology so that doesn't happen again. This short-term supply chain phenomenon will pass, but tech executives and policy advisors say the future may be one of even larger, longer-term supply chain shocks. A shift from decades during which the largest companies benefitted from a manufacturing model in which ""designed in California"" and ""assembled in Asia"" was king needs to occur to shore up the supply of key components.
From $2 trillion Apple to $1 billion lidar sensing technology marker Ouster , the supply chain policy of industry and government needs to change.
Mark Frichtl, co-founder and chief technology officer at Ouster, said as the maker of products that have dozens or hundreds of integrated parts, it needs to manage and make sure it can get all of those. ""Anyone making electronic devices has to do that,"" he said, and it is now a global problem affecting all industries, whether phones or cars or Lidar sensors.
Results from the just-completed fourth quarter survey of CNBC Technology Executive Council members show the current labor shortage is the top concern cited across sectors (57%), more than twice those citing the supply chain (26%), but the two are connected.
""If a part becomes truly unavailable, companies need to find substitutes that could require additional engineering,"" Frichtl said. ""Any company making electronic devices, they will look a little tired because of all the extra work they've been doing. It's not something we want to continue.""
Executives responding to the survey said an inability to upgrade their own technology was the second-biggest consequence of the supply chain bottlenecks.
""We need tech that is intuitive and easy to use to get people in here,"" said Mark Wheeler, director of supply chain solutions at Zebra Technologies . ""To compete for them, better tools help us to do that. ... New people coming into enterprise have high expectations,"" he said.
Forty-one members of the CNBC Technology Executive Council responded to the Q4 survey, which was conducted Oct. 1-Oct. 15.
Policy advisors and executives across industries are worried that the business sector is not planning for the long-term supply shocks that may be far worse than what has been a short-term crisis.
The current commercial issues causing the supply chain shortages will end, but "" what frightens me the most is the geopolitical ... the politics of this is just getting starting in Washington and Beijing,"" Dewardric McNeal, managing director and senior policy analyst at Longview Global, who worked for the Secretary of Defense on East Asia and China security relations during the Obama administration, said at a recent CNBC Technology Executive Council Town Hall.
Policy discussions about a semiconductor ""rebalance"" and ""sovereignty of the supply chain"" or ""minimal viable manufacturing capacity"" have McNeal concerned that industry is unprepared for what is coming. If not handled properly, the resulting situation could lead to mandates on companies to buy a certain percentage of domestic chips.
On Friday in an op-ed for The New York Times, Republican Senator Josh Hawley of Missouri outlined his proposal for a ""made in America"" rethinking of the supply chain including domestic content requirements .
""Telling me how to allocate is bad for a chip CEO. Telling me where I need to locate is bad. So I'm concerned we have a real train wreck coming even when we got beyond some of the short-term stuff,"" McNeal said. ""The man-made stuff, the political stuff, I don't know if industry is quite prepared to really understand how bad it is going to get between Washington and Beijing.""
The auto industry is a good example, where the chip shortage continues to wreak havoc for carmakers. The car industry is all about efficiency and gaining scale, and in a future scenario in which companies have to start divvying up semiconductor buying based on a government mandate, ""you start chipping away at these economies of scale,"" said Mark Fields, former Ford CEO and current interim CEO at Hertz, on the recent CNBC TEC Town Hall. ""It's not a good economic choice.""
Fields said over the past half-decade, many of the economic decisions made by automakers on where to source supply did not take into account the recent geopolitics and trade decisions and that may yet come back to haunt the automakers. ""I think some manufacturers will be pretty surprised to see the economic decision or rationale that was so compelling back then really didn't turn out to be the case. So I think there is going to be a lot of soul-searching over what's the best thing to do to balance both the economics and the geopolitics of this.""
The cost of disruption in recent years from Covid and trade has been significant and that has to result in companies rethinking supply chains and accepting that increased costs may be worth it if they de-risk the business ""from some of those unknowns that can hit your business very significantly as they have in the past few years,"" Fields said.
Matt Murphy, CEO of Marvell Technology , which designs chips but outsources the manufacturing, said the situation should be on everyone's radar, and it has been on his at least since the events of 2018 related to the Trump administration and Chinese cell phone maker Huawei.
Murphy, who was head of the semiconductor industry trade association during that period, said the Huawei situation was ""the undeniable signal if there ever was a signal sent about what the US was prepared to do.""
He said the politicians are dealing with substantial issues of importance to the industry, from IP theft originating in China to China's broader flouting of World Trade Organization rules, but the extent to which the US government went after Huawei - from targeting handsets all the way to its ability to procure components for enterprise gear - was a surprise. And he added the situation has not changed in ways executives expected it would. The Biden administration has ""doubled down"" on the policies of the prior administration, he said.
""If there is only one thing Congress and government officials can agree on ... it's China,"" Murphy said. ""If Huawei is the preamble for what's to come, it's additional risks.""
Ouster buys and sells a significant amount of material in China and a worsening of the trade relationship between the US and China is bad for almost everyone, Frichtl said. But for the business community, he said the argument needs to be made in terms of economic competitiveness rather than saber-rattling.
""What people want is the existence of a US-based supply where right now it doesn't really exist,"" Frichtl said. ""The investment to form those fabs can be thought about in a national security context, but it is also purely economic development.""
One of the largest chip contract manufacturers in the world, Taiwan Semiconductor Manufacturing Company, is building a plant in Arizona.
The federal government also has been considering a $50 billion-plus spending effort to build a domestic chip industry - in the most recent version of the Biden spending plan there is an advanced manufacturing credit for chip production.
""We need a company like TSMC [Taiwan Semiconductor Manufacturing Company] in Arizona times 10, and many more in the US if we want security from interruption,"" Frichtl said.
The way to avoid mandates on domestic component sourcing is for government and industry to work on the creation of a US-based supply of semiconductors that is economically competitive. ""TSMC is a global company, and they want those Arizona fabs competitive, so we just need to make sure policies we create here encourage economically competitive supply, not just have a mandate you have to buy 25% from a US supplier,"" Frichtl said.
In addition to the national security risks, he said there is simply too much geographic concentration of the world's most advanced fabs in Asia, and a single calamity could take them out. A year from now, the acute shortages could be over, every part needs available and on reasonable lead times and global semi capacity at a high level of utilization.
""In the event of a flood or earthquake and we could fall back into this issue. ... I would argue this has demonstrated to the world that there's this thing [semiconductor manufacturing] that's really important to the functioning of the most valuable businesses, like Apple, which has to get semis to make phones, and if we don't create policy around ensuring day to day supply that can absorb minor shocks we will be in this situation again. We are having a shortage now, but it could be no new chips and that would be catastrophic,"" Frichtl said.
Autos got a taste of that after the Fukushima nuclear disaster, according to Fields, which led the companies to realize the importance of at least having deeper layers of knowledge and visibility into multiple tiers of their supply chains.
""What we have seen, the disruption of the last 18 months and even before that, has shaken a lot of companies to their core in terms of how they view the supply chain,"" Wheeler said.
Supply chain models have been built to deliver service to the market at the optimal cost, and they were built with assumptions about supply availability and transport availability and cost, and many of those assumptions have been made invalid by the market reality. ""Without the assumptions being true, there is a premium on visibility. If you don't know what you have and where it is, you can't plan and reoptimize,"" Wheeler said.
""The shortages we are experiencing now are causing companies to understand how their supply chain policies may be in a very dynamic environment. What that comes down to from our perspective is a premium on supply chain visibility and customers want to improve that. Where is our stuff, not only in the enterprise but at the dock, plant and warehouse,"" he said. ""Securing the supply chain is critical right now and it will be with us for a while.""
In the past, buyers might play one vendor against another until the last possible moment to obtain the best possible price, but now buyers will be willing to pay for capacity in advance or sign up for take-or-pay agreements, which would include a potential penalty.
""We're viewing this as a shift to capacity being strategic, not just an afterthought,"" Murphy said .
McNeal said the concepts being weighed including technology sovereignty and near-shoring outlined in legislation like the $50 billion CHIPS Act are part of the process of industry and government understanding expectations and level-setting, but he isn't convinced that everyone is on the same page domestically, or globally with allies in Europe and southeastern Asia when it comes to coalescing around a rebalancing of supply chains. ""I am not so sure our European and ASEAN friends are really fully on board, not sure how to really navigate the geopolitics of the supply chain,"" he said.
History does include an example of how economic development of a domestic tech manufacturing hub can lead to a larger economy.
""Silicon Valley came to be what it is now because there were Silicon fabs in the Valley,"" Frichtl said.",66.77416666666667,1
2021-11-02,14261,0.0018248180246291,1.0,0.0028009261361683,1.0,1.0,1,0,,,0.0,0
2021-11-03,14301,0.0028009261361683,1.0,0.0018164040204368,1.0,1.0,2,1,"'We are not drowning, we are fighting': Countries vulnerable to climate disaster issue rallying cry","GLASGOW, Scotland - World leaders, campaigners and environmental activists representing people most threatened by climate change issued a defiant ""warrior cry"" at the COP26 summit on Monday: Do not compromise on 1.5 degrees Celsius.
World leaders and delegates representing almost every country have convened in Glasgow, Scotland for UN-brokered climate talks, a major climate event known as COP26 .
The meeting, which formally opened on Sunday and will run through to Nov. 12, has been billed as humanity's last and best chance to prevent the worst of what the climate crisis has in store.
""The real question is whether you have the political will to do the right thing, to wield the right words and to follow it up with long overdue action. If you're looking for inspiration on this, look no further for the climate leadership of young Pacific people,"" Brianna Fruean, environmental advocate for Samoa, said at COP26 on Monday.
""We are not just victims to this crisis. We have been resilient beacons of hope. Pacific youth have rallied behind the cry: 'We are not drowning, we are fighting.' This is our warrior cry to the world.""
""This is my message from Earth to COP,"" Fruean said. ""I hope you remember my words today and look closely at your words as you go throughout COP.""
Climate scientists have repeatedly warned that vulnerable populations, some indigenous groups and communities dependent on agricultural or coastal livelihoods worldwide are at disproportionately higher risk if global heating surpasses 1.5 degrees Celsius above pre-industrial levels.
This temperature threshold is a crucial global target because beyond this level, so-called tipping points become more likely. For instance, the world's small island nations, among those least responsible for climate change, are already seeing island territories slowly being inundated by rising sea levels.
Ibrahim Mohamed Solih, president of the Maldives, opened his national statement on Monday by repeating an appeal he had issued several times before: ""I have no choice but to keep on repeating it. What will it take for you to listen to us?""
""Our islands are slowly being eaten by the sea, one by one. If we do not reverse this trend, the Maldives will cease to exist by the end of the century.""
Like many leaders representing populations on the front lines of the climate crisis at COP26, Solih called on policymakers in the global north to finally make good on unfulfilled promises and to provide low income nations with $100 billion to help adapt to the impact of rising temperatures.
He also warned delegates assembled in Scotland's largest city that a global average temperature rise beyond 1.5 degrees Celsius constitutes a ""death sentence"" to the Maldives.
""Please,"" he said. ""Please do not let this opportunity go to waste.""
For Costa Rican President Carlos Alvarado Quesada, the pledges made at this year's climate summit - and whether they are fully carried out - is existential, as it is with so many other coastal nations.
""The clock is ticking, and we are all in danger,"" Quesada told CNBC, saying that the world was locked in a ""false dilemma"" of who, between developing and developed countries, should take the first steps to find solutions.
These energy investments spin out attractive income, even as oil prices have fallen
'Too cheap to ignore': Bernstein predicts huge upside for these 3 clean energy stocks
Outperforming fund manager shares tips on investing sustainably - and generating big return
The president said he was ""optimistic"" as to what has been announced so far at COP26. ""It's advancing, building trust,"" he said, but added: ""There is a sense we might fall short of our target, our target on cooperation, and our target of not going beyond 1.5 degrees. That is critical, and that's why the secretary general has stressed so much the need to be more ambitious.""
Quesada also warned against finger-pointing, expressing his concern that the climate change battle will become a ""geopolitical game.""
""We need to understand this is a matter of life and death,"" he stressed. ""Not for the West, not for the East, not for the North, not for the South - it's a matter of life and death for our children and grandchildren, my children and future grandchildren, everybody's.""
The UN has said the world is currently on a ""catastrophic pathway"" to 2.7 degrees Celsius of heating by the end of the century and warned the stakes for COP26 ""couldn't be higher.""
To have any chance of capping global heating to 1.5 degrees Celsius, the aspirational goal of the landmark 2015 Paris climate accord, the world needs to almost halve greenhouse gas emissions in the next 8 years and reach net-zero emissions by 2050.
""For those who have eyes to see, for those who have ears to listen and for those who have a heart to feel, 1.5 is what we need to survive,"" Mia Mottley, prime minister of Barbados, said on Monday.
She added that 2 degrees Celsius of heating ""is a death sentence for the people of Antigua and Barbuda, for the people of the Maldives, for the people of the Dominica and Fiji, for the people of Kenya and Mozambique, and yes, for the people of Samoa and Barbados.""
""We do not want that dreaded death sentence and we have come here today to say: Try harder,"" Mottley said.
Burning fossil fuels, such as coal, oil and gas, is the chief driver of the climate crisis.
Yet, despite a flurry of net-zero emission goals and increased pledges of many countries, some of the largest oil, gas and coal producers have failed to outline how they plan to drastically scale down fossil fuel use.
Txai Surui, a 24-year-old indigenous climate activist from the Brazilian Amazon, said at COP26 on Monday: ""Today the climate is warming, the animals are disappearing, the rivers are dying, and our plants don't flower like they did before.""
""The Earth is speaking. She tells us that we have no more time,"" Surui said, adding that indigenous groups must be at the center of UN climate talks. ""It is not 2030, it is not 2050. It is now.""
In early August, the world's leading climate scientists delivered their starkest warning yet about the deepening climate crisis.
A bombshell report by the UN's climate panel said limiting global warming to close to 1.5 degrees Celsius or even 2 degrees Celsius ""will be beyond reach"" in the next two decades without immediate, rapid and large-scale reductions in greenhouse gas emissions.
It prompted United Nations Secretary-General Antonio Guterres to issue ""a code red for humanity.""
Farhana Yamin, a climate lawyer and advisor to the Climate Vulnerable Forum, a group that represents about 48 nations on the front line of climate impacts, told CNBC in the run-up to COP26 that the summit must constitute a ""justice reset"" if it is to be considered successful.
""What is the code after code red? I don't know,"" Yamin said, referring to Guterres' comments. ""Success can only come from grasping hard truths, speaking honestly and recognizing the situation of vulnerable countries.""
It is not good enough, she added, for those at COP26 to continue talking about their optimism for the future when countries are nowhere close to meeting the demands of the climate emergency.",22.980833333333333,1
2021-11-04,14327,0.0018164040204368,1.0,0.0032751501350157,1.0,1.0,3,0,,,0.0,0
2021-11-05,14374,0.0032751501350157,1.0,-0.0074017515496057,0.0,1.0,4,0,,,0.0,0
2021-11-08,14268,-0.0074017515496057,0.0,-0.0024560554081568,0.0,3.0,0,1,How Intel plans to catch Samsung and TSMC and regain its dominance in the chip market,"For decades, Intel was the leading maker of the world's most advanced chips. Of late, the company has been unable to keep up with the pace of change that co-founder Gordon Moore forecast for the technology industry.
Moore's Law predicted that the density of transistors able to fit on a chip would double approximately every two years.
""Intel was the Moore's Law company and the undisputed leader,"" said Christopher Rolland, an analyst at Susquehanna. ""And something that was supposed to take them two years instead took them more than five. And they still struggle to get back on Moore's Law today.""
While Intel's newly released Alder Lake CPUs are packed with competitive features, its chip technology is behind that of Taiwan Semiconductor Manufacturing Company (TSMC) and Samsung . Fifty years after Intel debuted the 4004 , the world's first CPU, it's been hindered by several production delays.
""We had some missteps,"" said Pat Gelsinger, who took over as Intel's CEO in February. ""The strategy had become a little bit confused on the role that we're going to play in manufacturing for the long term. And now we're leaning back into that with clarity, with clear urgency.""
Gelsinger has an ambitious roadmap to catch and surpass Samsung and TSMC by 2025. Key to the plan is a series of massive new chip fabrication plants, or fabs, that Intel is building in the US, Europe and Israel. Combined, they will cost more than $44 billion to build.
""I think I have more concrete trucks working for me today than any other human on the planet,"" Gelsinger said. ""We have construction in Oregon, New Mexico, Arizona, Ireland and Israel. And we expect to plant our next major fabs in the US and Europe before the end of this year.""
Doubling down on manufacturing is one of the major moves Gelsinger has made since taking the helm. He also recently announced Intel Foundry Services, a business that opens up Intel's fabs to make chips designed by Amazon , Qualcomm and other customers. For decades, the markets have rewarded giants like Apple and Qualcomm for being fabless. But the chip shortage has made manufacturing chips a more attractive business, allowing TSMC, for example, to raise chip prices as much as 20% .
""It takes time to build this infrastructure,"" said Keyvan Esfarjani, Intel's senior vice president of manufacturing, supply chain and operations. ""But the good news is, the world is rallying behind building additional capacity.""
The world's smallest and most-efficient chips are usually referred to as 5 nanometer, a nomenclature that once referred to the width of transistors on the chip. They power cutting-edge data processing and the latest generation of Apple iPhones. TSMC and Samsung make all of these 5-nanometer chips at fabs in Asia.
""They took their eye off the ball,"" said Stacy Rasgon, an analyst at Bernstein. ""Once you fall off the treadmill, it's really really difficult to get back on. It's a very dynamic and fast-moving industry.""
In 1990, 37% of the world's semiconductors were made in the US, according to industry association Semi. Last year, US market share was down to 12%, according to the association. The government is hoping to change that with the CHIPS Act, which includes a proposed $52 billion in subsidies for chip companies like Intel that commit to manufacturing in the US
""It also starts building up that base within the United States, so that the United States can become more self-sufficient,"" said Ann Kelleher, Intel's senior vice president of technology development .
TSMC is responsible for 92% of the world's 5-nanometer chips, according to research group Capital Economics. This leaves the global chip supply vulnerable to natural disasters like earthquakes and the region's current drought. There's also the escalating geopolitical tension between China and Taiwan, as well as the US-China trade war.
""Every aspect of defense, intelligence, government operations is becoming more digital,"" Gelsinger said. ""And we want to rely on foreign technology for those critical aspects of our defense and national security? I don't think so.""
The next steps in Intel's playbook include a chip so efficient that the company didn't measure it in nanometers but with an even smaller unit of measurement called the angstrom. Intel said the 18a, which is in development for 2025, will accelerate the company past its competitors.
""We will be the world's largest integrated design and manufacturer of silicon for the long term,"" Gelsinger said.
""It's a tall order and it is not my expectation that he will hit that,"" Susquehanna's Rolland said. ""But if he could hit that timetable, it would put them back, in my opinion, on par with TSM head to head.""
Watch the video to see CNBC's exclusive tour inside the clean rooms of Intel's massive chip fab in Hillsboro, Oregon, set to open early next year.",43.99944444444444,1
2021-11-09,14233,-0.0024560554081568,0.0,0.0014041987844057,1.0,1.0,1,0,,,0.0,0
2021-11-10,14253,0.0014041987844057,1.0,0.0024526132612492,1.0,1.0,2,0,,,0.0,0
2021-11-11,14288,0.0024526132612492,1.0,-0.003154466181694,0.0,1.0,3,0,,,0.0,0
2021-11-12,14243,-0.003154466181694,0.0,-0.0026011473768308,0.0,1.0,4,1,Drones and F-35 fighter jet deal in focus for the Dubai Air Show,"DUBAI, United Arab Emirates - Cutting-edge technologies and geopolitics are set to feature in military deals at this year's Dubai Air Show. And some weapons sales - or lack thereof - are major sticking points for both the US and its Gulf allies, in particular the United Arab Emirates.
Fighter jet fleet upgrades and new counter-UAS (unmanned aerial systems) technologies are likely to be major themes at the industry show, especially considering the rise in drone attacks around the region in recent years.
But many eyes will be on whether prior agreements made under the Trump administration to sell certain US weapons systems to the UAE will actually come through - agreements that have been stalled since the Biden administration came into power.
The sales in question are of the coveted Lockheed Martin F-35 II joint strike fighter jet and the General Atomics MQ-9 Reaper drone, which, if completed, would mark the first sale of the F-35 and US-made armed drones to any Arab country.
""For quite a while, the UAE has had an outstanding fighter aircraft requirement moving towards an F-35 purchase but, you know, terribly fraught with complications,"" Richard Aboulafia, vice president of analysis at Teal Group, told CNBC ahead of the air show.
The deal signed on Jan. 20, Donald Trump's last day in office, was for a whopping $23 billion sale to the UAE, the majority of which was made up of 50 F-35 jets and at least 18 armed drones.
Previously, US export regulations prevented Washington from selling lethal drones to any of its Arab allies. And an F-35 sale to the Gulf desert sheikhdom was initially a non-starter due to a legal obligation for the US to reserve its most advanced weapons sales for Israel, in order to uphold Israel's ""qualitative military edge"" in the Middle East. But all that changed after Israel and the UAE signed the Abraham Accords in August of 2020, normalizing relations and paving the way for cooperation and trade across nearly all sectors. And the export restrictions on armed drones were loosened by the Trump administration in July of 2020 to allow certain drones - including the lethal Reapers - to be sold to friendly Arab states.
What spurred that change? Geopolitics and competition, defense experts say.
Washington was ""trying to kind of come into the pragmatic reality of what the current global environment is for unmanned systems,"" said Charles Forrester, senior defense industry analyst at IHS Jane's.
He highlighted a point that many American industry leaders have warned about: losing market share to China, which has been selling its own armed drones to Arab states, including the UAE.
""The Trump administration was ... realizing that if they didn't adjust their policies, they would lose power, influence and technological space to China,"" Forrester said.
Asked in what segment of aerospace China was most alluring to Gulf customers, Teal Group's Aboulafia said: ""Oh, unquestionably drones. Absolutely. Drones, drones, drones. And you know, there's no such thing as a passive platform anymore. Everything sucks up data. So that's a real concern. ""
The UAE and some of its neighbors have been buying Chinese-made Wing Loong armed drones, but the purchases come with their own challenges. Aside from some performance issues, the Chinese technology can't be integrated with the UAE's command and control systems, because those are designed by American companies.
""They don't have interoperability. That's very important,"" Forrester said. ""But the UAE has still been using them anyway. They've been able to use them sufficiently despite that, because they've not had the option to do otherwise.""
Biden announced a review of the massive weapons deal with the UAE at the start of his presidency, later saying in April that the sale could proceed. But progress was once again put on ice shortly thereafter, reportedly because of US concern over growing ties between the UAE and China.
The Biden administration has been pressuring the UAE to cut China's Huawei Technologies from its telecoms network and ditch its other Chinese weapons technology, industry experts say, because of the security and espionage risk Washington believes they pose to American technology in the country. Already in 2020, a Pentagon report said that China was ""very likely already considering and planning for additional overseas military logistics facilities,"" in the UAE, among other countries.
The Emirati government rejected the concerns, with its ambassador to the US, Yousef al-Otaiba, saying in a statement earlier this year: ""The UAE has a long and consistent track record of protecting US military technology, both in coalitions where we've served alongside the US military and inside the UAE where a broad range of sensitive US military assets have been deployed for many years.""
The Chinese foreign ministry did not respond to a CNBC request for comment.
The negotiations are reportedly ongoing, with a fair amount of back-and-forth on how the deal should progress. The current deal would see the F-35 jets beginning delivery to the UAE in 2027; a stronger Chinese presence in the UAE could delay that indefinitely.",2.5077777777777777,1
2021-11-15,14206,-0.0026011473768308,0.0,0.0003519020341062,1.0,3.0,0,0,,,0.0,0
2021-11-16,14211,0.0003519020341062,1.0,0.0033719736902576,1.0,1.0,1,0,,,0.0,0
2021-11-17,14259,0.0033719736902576,1.0,-0.0019656025984591,0.0,1.0,2,0,,,0.0,0
2021-11-18,14231,-0.0019656025984591,0.0,0.0004215259300859,1.0,1.0,3,0,,,0.0,0
2021-11-19,14237,0.0004215259300859,1.0,0.0012635127330265,1.0,1.0,4,0,,,0.0,0
2021-11-22,14255,0.0012635127330265,1.0,0.0011918534730182,1.0,3.0,0,0,,,0.0,0
2021-11-23,14272,0.0011918534730182,1.0,0.0,0.0,1.0,1,0,,,0.0,0
2021-11-24,14272,0.0,0.0,0.0005603810737846,1.0,1.0,2,0,,,0.0,0
2021-11-25,14280,0.0005603810737846,1.0,0.0,0.0,1.0,3,0,,,0.0,0
2021-11-26,14280,0.0,0.0,0.0041928782600359,1.0,1.0,4,1,"Fed risks running behind the curve on interest rates, says former New Zealand central bank governor","The US Federal Reserve runs the risk of running behind the curve on interest rates, a former governor of the Reserve Bank of New Zealand told CNBC on Friday.
""Inflation is pushing up quite high, labor markets are tight in the US, and the question is how much of the inflation rate is transitory, and how much is not,"" Donald Brash said on CNBC's "" Squawk Box Asia .""
Brash, who was governor of New Zealand's central bank between 1988 and 2002, said the Fed is not only holding off on hiking rates, they are also still pumping money into the economy and that looks set to continue well into next year.
""I am a bit concerned they're behind the curve,"" he said.
After their early November meeting , Fed officials said the US central bank would begin to slow its bond purchases at a pace of $15 billion a month, effectively ending the bond-buying program in the middle of 2022. After that, the door would be open for the Fed to begin lifting rates.
But, meeting minutes for the November session noted that Fed members would be willing to raise interest rates sooner than anticipated if prices keep rising.
Market participants now expect the central bank to discuss at next month's meeting whether it should end its bond-buying program more quickly.
The Fed took unprecedented moves to ease policy when the coronavirus pandemic hit early last year. It cut rates to zero and instituted a $120 billion monthly bond-buying program to support financial markets and the US economy.
Other central banks have already started dialing back some of the extraordinary levels of support they provided to their respective economies due to the pandemic. For example, the Bank of Korea , the State Bank of Pakistan and the Reserve Bank of New Zealand raised rates recently. The New Zealand central bank's recent rate hike was the second in as many months.
In a wide-ranging interview, Brash also addressed ongoing developments around the Comprehensive and Progressive Trans-Pacific Partnership - an 11-nation mega trade pact, which includes New Zealand, formed in 2018 after Donald Trump pulled the US out of the Trans-Pacific Partnership a year earlier.
China, the United Kingdom and Taiwan have all, in recent months, applied to join the trade pact in a bid for greater market access. But analysts say that American allies like Australia, Canada and Japan may block Beijing's application as they increasingly view China as a ""strategic threat.""
""Well, personally, I'd like to see as many countries as possible in the CPTPP,"" Brash told CNBC, adding that the trade pact was a ""better trade deal"" than the China-led Regional Comprehensive Economic Partnership.
Asked if there could be further escalation of tension between the United States and China, Brash said there is ""serious risk of that"" happening.
""China is clearly the rising power,"" he said. Brash explained that if China's per capita income rises to even half the level of that in the US, the Chinese economy would become substantially larger, which ""evidently"" poses tensions.
Tensions between the two nations escalated under former US President Donald Trump, beginning with trade and tariffs on billions of dollars' worth of goods and extending to other areas like technology and geopolitics.
US President Joe Biden and Chinese President Xi Jinping virtually met this month in the closest communication between the two countries' leaders since Biden took office.",2.6133333333333333,1
2021-11-29,14340,0.0041928782600359,1.0,-0.0013956736389746,0.0,3.0,0,0,,,0.0,0
2021-11-30,14320,-0.0013956736389746,0.0,0.0023018180567437,1.0,1.0,1,0,,,0.0,0
2021-12-01,14353,0.0023018180567437,1.0,0.0017402809724365,1.0,1.0,2,0,,,0.0,0
2021-12-02,14378,0.0017402809724365,1.0,0.002084347311975,1.0,1.0,3,0,,,0.0,0
2021-12-03,14408,0.002084347311975,1.0,0.0022877752707732,1.0,1.0,4,0,,,0.0,0
2021-12-06,14441,0.0022877752707732,1.0,-0.0022877752707731,0.0,3.0,0,0,,,0.0,0
2021-12-07,14408,-0.0022877752707731,0.0,-0.0041730482036188,0.0,1.0,1,0,,,0.0,0
2021-12-08,14348,-0.0041730482036188,0.0,0.0002090665187586,1.0,1.0,2,0,,,0.0,0
2021-12-09,14351,0.0002090665187586,1.0,0.001879634372885,1.0,1.0,3,1,Social Democrat Olaf Scholz elected German leader as Merkel era ends,"Olaf Scholz was voted in as the new German chancellor by lawmakers on Wednesday, marking the end of Angela Merkel 's 16 years in power.
Scholz, a member of the center-left SPD party, will lead a three-party coalition with the Greens and the pro-business FDP party.
Their coalition deal has stood out from previous plans due to an intention to ramp up investment across the country. However, the pandemic is expected to be their first priority as the new government takes the helm as Germany grapples with high Covid-19 infections and a somewhat stalled vaccination program.
Merkel, first elected as chancellor back in 2005, received a standing ovation at the German Parliament on Wednesday, her last moment in the Bundestag as leader.
""She presided over a long period of peace and prosperity, steering Germany calmly and confidently through a series of upheavals and crises,"" Holger Schmieding, chief economist at Berenberg, said in a note Wednesday.
Domestically, Merkel's tenure will be remembered for a rise in living standards, higher employment rates, and a conservative fiscal stance that allowed government buffers to be built up.
Internationally, Merkel will always be known for her open door policy at the start of the migration crisis in Europe in 2015. This move shaped not only the wider European discussions on how to deal with the crisis, but also influenced anti-immigration rhetoric in various nations.
In addition, her leadership was also marked by the 2008 financial crisis and the 2011 sovereign debt crisis. While critics argue Merkel was too tough in pushing austerity policies in the euro zone, supporters argue that this was the only way she could have saved the euro and received backing from the German Parliament and electorate.
Otto Fricke, a member of the Bundestag for the FDP, told CNBC's ""Squawk Box Europe"" Wednesday that the last few years of Merkel's reign were notable for a lack of progress. ""This progress [now] needs to be done,"" he said.
Another key challenge for the new government will be geopolitics. In particular, a US warning of a potential invasion of Ukraine by Russia, but also its relationship with Beijing.
""Angela Merkel has been a very constant manager in terms of balancing the commercial interests of Germany with the foreign policy and security pillars of a strong transatlantic relationship and a strong relationship with the EU,"" Sudha David-Wilp, deputy director of the Berlin office of the German Marshall Fund of the United States, told CNBC's ""Street Signs Europe.""
She added that this has been important ""because many partners have called Germany out for its relations with China and Russia.""",23.45611111111111,1
2021-12-10,14378,0.001879634372885,1.0,-0.002228102857437,0.0,1.0,4,0,,,0.0,0
2021-12-13,14346,-0.002228102857437,0.0,0.0001394019657933,1.0,3.0,0,0,,,0.0,0
2021-12-14,14348,0.0001394019657933,1.0,-0.0007669514059053,0.0,1.0,1,1,Russia's Vladimir Putin reveals he moonlighted as a taxi driver after Soviet Union collapse,"Russian President Vladimir Putin has said that he resorted to moonlighting as a taxi driver to make ends meet in 1990s, following the collapse of the Soviet Union.
Putin was discussing the economic crisis that Russia suffered following the breakup of the Soviet Union in 1991 in comments aired Sunday on a TV documentary called ""Russia. Recent History.""
He described the collapse of the USSR as a ""disintegration of historical Russia,"" according to a Reuters report .
Putin said Russia ""turned into a completely different country"" after the dissolution of the Soviet Union. He said that 25 million Russian people were suddenly cut off from Russia, which represented part of ""a major humanitarian crisis.""
In addition, Putin said that he was personally affected by Russia's economic troubles at the time. Russia suffered from hyperinflation in the 1990s and subsequently defaulted on debt later on that decade.
Putin reportedly said: ""Sometimes [I] had to moonlight and drive a taxi. It is unpleasant to talk about this but, unfortunately, this also took place."" He had worked as an agent for the Soviet Union's KGB security service.
Putin has previously called the collapse of the Soviet Union the ""greatest geopolitical tragedy"" of the 20 th century.
These latest comments come as concerns mount that Russia will invade Ukraine, which was one of 15 Soviet republics. The G-7 warned on Sunday of ""massive consequences"" if Putin attacked Ukraine.
US intelligence has indicated that Russia could be planning to launch an attack on Ukraine as early as next year, involving up to 175,000 troops, Reuters reported .",16.9975,1
2021-12-15,14337,-0.0007669514059053,0.0,0.000418410047945,1.0,1.0,2,0,,,0.0,0
2021-12-16,14343,0.000418410047945,1.0,0.0,0.0,1.0,3,1,Biden picks Caroline Kennedy and Michelle Kwan to be ambassadors,"WASHINGTON - President Joe Biden announced two high-profile diplomatic nominations on Wednesday, tapping Caroline Kennedy, a former US ambassador to Japan, to be his envoy to Australia and Michelle Kwan, the world-famous figure skater, to be ambassador to Belize.
The announcements were the latest chapter in the Biden administration's ongoing effort to install American ambassadors overseas, an effort that has been effectively halted in the Senate by two ambitious Republicans, Ted Cruz of Texas and Josh Hawley of Missouri.
The rules of the Senate permit any individual senator to place an unofficial hold on any executive branch nominee. Senators have blocked judicial appointments, ambassadors and Cabinet nominees over the years as a way to exert leverage in order to win concessions from leaders.
In Cruz's case, he has blocked more than 50 Biden diplomatic appointments since February in the hopes of forcing the White House to sanction key players in the Russian/German gas pipeline deal known as Nord Stream 2, which will deliver gas from Russia to Western Europe.
Hawley's demands are less defined than those of Cruz, but he reportedly wants high-ranking members of the Biden administration to lose their jobs over the chaotic way the US war in Afghanistan ended last summer. Hawley has placed holds on several Pentagon and State Department nominees this fall, but he hasn't explained exactly what it would take for him to lift them.
Both Hawley and Cruz are leading Republican presidential hopefuls in 2024, should former President Donald Trump decide against running for a second term.
Kennedy and Kwan are both superstars in Democratic political circles.
Kennedy is the daughter of the late President John F. Kennedy, who was assassinated in 1963. A best-selling author and public speaker, Kennedy has spent much of her life working to improve New York City Schools. Former President Barack Obama tapped Kennedy to be his ambassador to Japan, a post she served in from 2014 to 2017.
Kwan is one of the most celebrated American figure skaters of her generation, having won five world championships and two Olympic medals, the last one in 2006. But in the years since then, Kwan has built a career as a well-respected nonprofit executive and a State Department advisor on global women's issues.
From 2018-20, Kwan served as the director of surrogates for the Biden campaign, helping to strategize and execute high-profile appearances by Biden's many celebrity supporters.
Now, in the signal-heavy world of international diplomacy, Biden's decision to nominate Kennedy and Kwan are a sign of how highly the United States values its alliances with Australia and Belize.
Australia is a one of America's closest and most trusted allies, and the country plays a key role in Biden's long-term strategic plan to counter China's rising influence in the Pacific.
Belize is also a longtime US ally and a key geographic partner in a region plagued by political instability, narcotics trafficking and mass migration.
But there is also a China-related twist here: Belize is part of a shrinking group countries around the world that maintain diplomatic relations with Taiwan, which has long exercised independence from Beijing.
A recent announcement by Nicaragua's government that it would sever diplomatic relations with Taiwan was seen by the West as a capitulation to pressure from Beijing.
By shoring up US relations with countries like Belize, including by appointing a high-profile ambassador like Kwan, the Biden administration is making clear that it values Belize as a strategic geopolitical ally in the region.
Once they are formally nominated, Kennedy and Kwan will join 54 other stalled diplomatic nominees awaiting their Senate confirmation votes.",9.5825,1
2021-12-17,14343,0.0,0.0,0.0028544594171885,1.0,1.0,4,0,,,0.0,0
2021-12-20,14384,0.0028544594171885,1.0,-0.0024362243629949,0.0,3.0,0,0,,,0.0,0
2021-12-21,14349,-0.0024362243629949,0.0,-0.0059413728054302,0.0,1.0,1,0,,,0.0,0
2021-12-22,14264,-0.0059413728054302,0.0,-0.0009118008697641,0.0,1.0,2,0,,,0.0,0
2021-12-23,14251,-0.0009118008697641,0.0,-0.0022479812768377,0.0,1.0,3,0,,,0.0,0
2021-12-24,14219,-0.0022479812768377,0.0,0.0004218815981571,1.0,1.0,4,0,,,0.0,0
2021-12-27,14225,0.0004218815981571,1.0,0.0008432296192141,1.0,3.0,0,1,Philippine President Duterte's China pivot hasn't reduced tensions in the South China Sea,"More than five years on, Philippine President Rodrigo Duterte's Beijing-friendly postures have not tamed China's assertiveness in the disputed South China Sea - and the next Philippine leader should be bolder in challenging Beijing, said a political and risk analyst.
The Philippines will hold general elections to vote for a new president in May as Duterte's six-year term comes to an end. Duterte has sought closer ties with Beijing and declared that he was willing to set aside his country's territorial contest with China in the South China Sea.
China and its Southeast Asian neighbors including the Philippines have been embroiled in territorial disputes in the South China Sea for decades.
China claims almost the entire waterway. In the last few years, China built artificial islands in the sea, while Chinese fishing fleets and maritime militia vessels swarmed areas internationally recognized as belonging to other countries.
""The most favorable scenario for the Philippines would be a change in the mindset of the elected leader in May 2022,"" said Peaches Lauren Vergara, head of the strategic intelligence practice at Amador Research Services, a research and advisory firm.
The next Philippine president should steer away from ""the defeatist attitude displayed by the current leadership,"" and more firmly challenge China's claims, Vergara wrote in a December report published by the Asia Society Policy Institute.
CNBC has reached out to the Philippines' Department of Foreign Affairs, as well as the Chinese embassies in Singapore and the Philippines, for comment on the report. None have replied at the time of publication.
The Philippines was handed a victory in 2016 when an international tribunal in the Hague dismissed China's claims in the South China Sea , which contains the world's busiest shipping lanes. The judges ruled that specific portion of the sea claimed by both countries belonged to the Philippines alone.
China rejected the ruling. Duterte downplayed the ruling in hopes of gaining economic concessions from Beijing and said the Philippines is no match against China in a confrontation .
With just months left in Duterte's presidential term, China's promised infrastructure investments to the Philippines have fallen short of expectations, while tensions between Manila and Beijing are rising again in the South China Sea, according to a December report by think tank International Crisis Group.
""Many in the Philippines are increasingly sceptical of rapprochement with China if it entails giving up claims to various disputed maritime features,"" read the report.
The South China Sea, a resource-rich waterway, contributes around 27% of the Philippines' total fisheries production, said Vergara in the Asia Society Policy Institute report. A group of scientists have reportedly warned that Chinese activities in the disputed waters threaten the fishing industry .
Meanwhile, tensions with China have hindered Philippine oil exploration efforts in the sea.
""This has serious repercussions for the country's ability to achieve energy security as its main source of natural gas for electricity supply - Malampaya - nears depletion,"" Vergara said.
Some in the Duterte government have more vocally protested the presence of Chinese vessels in parts of the South China Sea that were internationally recognized as belonging to the Philippines.
In May, Foreign Affairs Secretary Teodoro Locsin Jr. directed an unusually aggressive tweet at Beijing as the two countries clashed over the South China Sea. Locsin Jr. accused China of straining its ""friendship"" with the Philippines.
China's growing assertiveness and Duterte's ""subservience"" to Beijing have propelled issues surrounding the South China Sea into the public limelight in the Philippines, said Vergara.
Some analysts said Philippine presidential candidates that appear pro-China could face opposition from the public.
Ferdinand ""Bongbong"" Marcos Jr. - son and namesake of late dictator Ferdinand Marcos - led the latest opinion poll on the presidential race. In a December survey by independent pollster Pulse Asia , 53% of respondents picked Marcos Jr. as their favored presidential candidate.
Compared with Duterte, Marcos Jr. would seek ""more balanced ties"" with the US and China if he's elected, said Peter Mumford, practice head for South and Southeast Asia at risk consultancy Eurasia Group, in a report last month.
The South China Sea is one of the contentious issues in the geopolitical competition between the US and China. The administration of US President Joe Biden has called out China's ""unlawful"" claims and ""bullying"" in the sea .
The Philippines is in a challenging position in that contest. The Southeast Asian country has a defense treaty with the US , while China is its largest neighbor and top economic partner.
""A crucial question remains whether the Philippines can navigate between China and the US without an armed confrontation compelling it to choose sides,"" said the International Crisis Group.
""For now, Manila is hedging well. But its balancing act may soon become untenable as Beijing seeks to assert its regional ambitions and Washington pushes back,"" it added.
The think tank said the Philippines cannot resolve the South China Sea dispute on its own. The country should work with its neighbors on issues of common concern, such as fisheries management and law enforcement, to manage their territorial disputes.
The Philippines should also push to finalize a ""code of conduct"" between Southeast Asian countries and China to manage maritime tensions, while keeping a diplomatic channel with Beijing open to reduce misunderstandings, said the International Crisis Group.
""None of these steps will resolve the increasingly entrenched maritime dispute, but they could help keep the risk low that incidents at sea will escalate toward conflict.""",7.983611111111111,1
2021-12-28,14237,0.0008432296192141,1.0,0.0019647750338544,1.0,1.0,1,1,President Biden signs $770 billion defense bill,"President Joe Biden signed into law the National Defense Authorization Act, or NDAA, for fiscal year 2022, which authorizes $770 billion in defense spending, the White House said on Monday.
Earlier this month, the Senate and the House of Representatives voted overwhelmingly for the defense bill with strong support from both Democrats and Republicans for the annual legislation setting policy for the Department of Defense.
The NDAA is closely watched by a broad swath of industry and other interests because it is one of the only major pieces of legislation that becomes law every year and because it addresses a wide range of issues. The NDAA has become law every year for six decades. read more
Authorizing about 5% more military spending than last year, the fiscal 2022 NDAA is a compromise after intense negotiations between House and Senate Democrats and Republicans after being stalled by disputes over China and Russia policy.
It includes a 2.7% pay increase for the troops, and more aircraft and Navy ship purchases, in addition to strategies for dealing with geopolitical threats, especially Russia and China.
The NDAA includes $300 million for the Ukraine Security Assistance Initiative, which provides support to Ukraine's armed forces, $4 billion for the European Defense Initiative and $150 million for Baltic security cooperation.
On China, the bill includes $7.1 billion for the Pacific Deterrence Initiative and a statement of congressional support for the defense of Taiwan, as well as a ban on the Department of Defense procuring products produced with forced labor from China's Xinjiang region.
It creates a 16-member commission to study the war in Afghanistan. Biden ended the conflict - by far the country's longest war - in August.",11.659444444444444,1
2021-12-29,14265,0.0019647750338544,1.0,0.0002803672829747,1.0,1.0,2,0,,,0.0,0
2021-12-30,14269,0.0002803672829747,1.0,0.0006305391318306,1.0,1.0,3,0,,,0.0,0
2021-12-31,14278,0.0006305391318306,1.0,-0.0005604595915237,0.0,1.0,4,0,,,0.0,0
2022-01-03,14270,-0.0005604595915237,0.0,0.0027991620796145,1.0,3.0,0,0,,,0.0,0
2022-01-04,14310,0.0027991620796145,1.0,0.0038360988628932,1.0,1.0,1,0,,,0.0,0
2022-01-05,14365,0.0038360988628932,1.0,0.0021556977855314,1.0,1.0,2,2,"Asia's top risk in 2022 will be US-China tensions over Taiwan, says political risk analyst Spot gold at $2,100? Commodities analyst says gold could test new highs this year","The tense relationship between the US and China over Taiwan will be the main risk for Asia in the year ahead, according to one political risk analyst.
Beijing sees any move by Washington on Taiwan as negative or infringing on its interests, said DJ Peterson, president of Longview Global Advisors, a research firm.
""That is very much the top risk, I think in Asia in 2022. If you look at the relationship between the United States and China right now, it really is a 'Cold War 2' type relationship,"" he told CNBC's ""Streets Signs Asia"" on Tuesday.
Late last year, President Joe Biden signed into law a defense bill known as the National Defense Authorization Act (NDAA) for fiscal year 2022. Peterson said that has further eroded relations between the two countries.
""The law, the NDAA that was signed just recently, has several provisions that the Beijing doesn't like, including these overtures to Taiwan. Any overtures by any country to Taiwan is seen as a zero sum loss for Beijing - and they respond very harshly,"" he noted.
Specifically on China, the legislation includes a Pacific Deterrence initiative that sets aside $7.1 billion. It also includes a congressional support statement for Taiwan's defense.
China claims Taiwan as part of its own territory and has been putting pressure on the democratic island to accept its rule.
The biggest difficulty for Asian countries will be how they navigate the competing interests of both the US and China, Peterson said.
""The challenge for Taiwan and for regional players in 2022 is: How do countries balance ... the geopolitical interests, the trade interests, the technology and supply chain interests with China, as well as with the United States?"" he pointed out . Adding in a cold war-type scenario ""raises the stakes significantly,"" he said.
Peterson also underscored that China has ""upset"" many of its partners in Asia and the coming Winter Olympics in Beijing in February will be significant in assessing its image on the global stage.
""The Olympics is going to be a very interesting story,"" he said. ""Will it be seen as a sign of another Chinese accomplishment and opportunity for partnership and cooperation? Or will it put a harsher light on China and highlight risks and disappointments in the future?""
In December, the US announced a diplomatic boycott of the Beijing Winter Olympics over human rights abuses. While US athletes will still participate, the Biden administration will not send any official representation to the games.
China's foreign ministry condemned the move calling it a ""travesty of the Olympic spirit,"" and said Beijing will take necessary and resolute countermeasures. Gold could test new highs of $2,100 per ounce this year, according to a resource analyst at fund management company Fat Prophets.
US dollar weakness and inflation are some factors that are likely to boost the precious metal's prices, David Lennox told CNBC's ""Street Signs Asia"" on Monday.
""We do think across the course of 2022, we will see the gold price testing at the all-time record highs, but we can't see it traveling much beyond that once it gets there,"" he said.
Gold prices closed at a record $2,063 in August 2020, according to data provider Eikon. It was trading at about $1,814 per ounce on Wednesday morning in Asia.
Lennox said it looks like everything is in place for the US dollar to decline, though it hasn't happened yet. If the greenback weakens, it would be a ""boon"" for gold, he added.
Meanwhile, inflation in the US is close to 6% - up from around 1%, he said. Gold is seen as a hedge against inflation and increases in value as the dollar declines, but its track record has been spotty in the past.
""We do believe that high momentum in inflation and that lower US dollar is going to drive the gold price higher in 2022,"" he added.
Geopolitical tensions between major military powers could also drive up gold prices earlier than expected, Lennox said.
In particular, Russia's military presence along its border with Ukraine has been building up, and that's ""a focus point where it could quickly turn to something disastrous,"" he said.
""If that happened, then we would see the gold price reacting quite significantly and our ... $2,100 an ounce [target] would probably get here sooner rather than later,"" he added.",4.427638888888889,1
2022-01-06,14396,0.0021556977855314,1.0,-0.0025038265967061,0.0,1.0,3,0,,,0.0,0
2022-01-07,14360,-0.0025038265967061,0.0,-0.0025799268223501,0.0,1.0,4,0,,,0.0,0
2022-01-10,14323,-0.0025799268223501,0.0,-0.0016770320470178,0.0,3.0,0,0,,,0.0,0
2022-01-11,14299,-0.0016770320470178,0.0,0.000209782875494,1.0,1.0,1,0,,,0.0,0
2022-01-12,14302,0.000209782875494,1.0,0.0006290847025344,1.0,1.0,2,1,Russia is risking all-out war to prevent Ukraine from joining NATO,"Russia's dealings - or, more accurately, its clashes - with the West have centered on one country which has been a particular flashpoint for confrontations in recent years: Ukraine.
It's back in focus this week with a series of high-stakes meetings taking place between Russian and Western officials that are centered on trying to defuse heightened tensions between Russia and its neighbor.
A particular issue right now is whether Ukraine - something of a frontier country between Russia and the rest of Europe, and one which aspires to join the EU - could one day become a member of the Western military alliance NATO.
This is a possibility Russia vehemently opposes.
As the Russia Council prepares to meet NATO officials in Brussels on Wednesday, CNBC has a guide to why Russia cares so much about Ukraine and how far it might be willing to go to stop Ukraine from joining the alliance.
Relations between the European neighbors hit a low in 2014 when Russia annexed Crimea from Ukraine, and it has supported a pro-Russian uprising in the east of the country where low-level fighting between Ukrainian forces and pro-Russian troops has continued ever since.
Tensions have ratcheted up even further in recent months amid multiple reports of Russian troops amassing at the border with Ukraine, prompting widespread speculation that Russia is preparing to invade the country although it has repeatedly denied it is planning to do so.
For their part, the US, EU and NATO have warned Russia that they will, as President Joe Biden told President Vladimir Putin during a phone call on Dec. 30, ""respond decisively if Russia further invades Ukraine."" Just how far the West would go to defend Ukraine is a big question, however.
Last month, Russia set out several main demands to the West on Ukraine, among other security matters, in a draft security pact .
In the document, it demanded that the US must prevent further eastward expansion of NATO and must not allow former Soviet states to join the alliance.
Russia also demanded in the draft pact that the US ""shall not establish military bases"" in the territories of any former Soviet states that are not already members of NATO, or ""use their infrastructure for any military activities or develop bilateral military cooperation with them.""
Although not mentioned by name in the draft pact, Ukraine is an obvious focal point for the Russians - it is a former Soviet republic, as is Russian ally Belarus, Azerbaijan, Moldova and Armenia, among others. The former Soviet states of Latvia, Lithuania and Estonia are already NATO members.
Russia has already, and often, expressed its dislike of US missile defense complexes in Poland and Romania in Eastern Europe and the bolstering of NATO's presence, in terms of ""combat-ready battlegroups,"" as NATO describes them, in the Baltic states and Poland .
For their part, the US and NATO have already described demands that Ukraine not be admitted to NATO, or that it roll back NATO deployments in Eastern Europe, as ""non-starters"" - in the words of US Deputy Secretary of State Wendy Sherman, who led the US delegation in talks with Russian officials in Geneva on Monday.
While she noted that the US had pushed back against Russia's security proposals, her Russian counterpart Sergei Ryabkov said the talks, which lasted around seven hours, were ""difficult"" and signaled that Moscow's demands had not changed, telling reporters, ""it's absolutely mandatory to make sure that Ukraine never - never ever - becomes a member of NATO.""
With no clear progress made in talks on Monday, hopes are being pinned on further discussions between Russian and NATO officials in Brussels on Wednesday, and more discussions on Thursday at the Organization for Security and Cooperation in Europe in Vienna.
Putin has made no bones about the fact he thinks the breakup of the Soviet Union was a catastrophe for Russia, describing it as the ""greatest geopolitical tragedy"" of the 20 th century.
Ukraine has particular importance for Russia, given its location - it stands as a bulwark between Russia and the eastern EU states - as well as symbolic and historical importance, often being seen as a ""jewel in the crown"" of the former Soviet empire.
Putin has extolled the cultural, linguistic and economic ties Ukraine has with Russia, describing Russians and Ukrainians as being ""one people"" last year. He even wrote an essay on the subject, titled ""On the Historical Unity of Russians and Ukrainians.""
The sentiment is not largely requited in Ukraine, with the country's government under President Volodymyr Zelenskiy looking westward for economic aid and geopolitical strength, particularly in the years following Russian's 2014 annexation of Crimea.
Ukraine has repeatedly expressed its desire to join the EU and NATO, which represents a geopolitical kick in the teeth for a resurgent Russia vying to maintain power and influence in the region.
Many strategists and close followers of Russian politics believe Putin, who has been in power alternating between prime minister and president since late 1999, harbors a strong desire to invade Ukraine.
Maximilian Hess, fellow at the Foreign Policy Research Institute, told CNBC on Tuesday that ""Russia is not just seeking to prohibit Ukraine from joining the alliance - something it has sought to do since Ukraine's 2008 NATO Membership Action Plan (MAP) application - but also to remove Ukraine from the Western sphere of influence to which it has moved since the 2014 Ukrainian Revolution.""
""NATO membership is particularly symbolic, but Russia would not accept a situation in which the West significantly expanded military support to Ukraine either.""
One of the biggest questions facing Western officials is just how far Russia is willing to go to stop Ukraine's drift toward Europe and the West, and to enhance and extend its presence and influence in the country as it stands.
At talks on Monday, Russia's delegation insisted that there were no plans to invade Ukraine, but analysts aren't so sure.
Angela Stent, director emerita of Georgetown University's Center for Eurasian, Russian and East European Studies, told CNBC on Tuesday that a Russian invasion of Ukraine could still happen. ""Let's say, 50-50 at the moment,"" she said, adding that it could be a ""more limited invasion"" rather than a massive one.
""That danger still lies there,"" she said.
Hess agreed, noting that ""I do think Russia is prepared to go to war, but I do not think the Kremlin would desire a war far beyond the current fronts. The risks of encountering a sustained Guerilla resistance would be very high, particularly if they went beyond Donetsk and Luhansk Oblasts,"" he said.
Russia does need a ""credible invasion threat"" to remain, however, especially as it's played the key role in bringing the US to the table, Hess added.
""The risk of renewed or expanded Russian invasion - Ukraine of course already faces an ongoing Russian invasion of Crimea and proxy occupation of parts of Donetsk and Luhansk - has never fully receded these past eight years and is unlikely to after these talks as maintaining the ability to restrict Ukraine's potential success is still seen as key to the long-term self-preservation of the Kremlin,"" he said.
Meanwhile, Tony Brenton, a former British ambassador to Russia, told CNBC on Tuesday that both Russia and the US want to avoid a military confrontation and that Moscow just wants what it sees as its interests ""accommodated.""",2.952777777777778,1
2022-01-13,14311,0.0006290847025344,1.0,-6.987876037923628e-05,0.0,1.0,3,0,,,0.0,0
2022-01-14,14310,-6.987876037923628e-05,0.0,0.0009080432293686,1.0,1.0,4,0,,,0.0,0
2022-01-17,14323,0.0009080432293686,1.0,0.0001396258030751,1.0,3.0,0,0,,,0.0,0
2022-01-18,14325,0.0001396258030751,1.0,0.0031364374901303,1.0,1.0,1,0,,,0.0,0
2022-01-19,14370,0.0031364374901303,1.0,-0.0011140510830533,0.0,1.0,2,2,"UAE vows retaliation for Houthi-claimed attack, but questions emerge over potential Iran role Russia needs to stop clinging to the idea of reviving the Soviet Union, Ukraine ambassador says","DUBAI, United Arab Emirates - The attack on Abu Dhabi claimed by Yemen's Houthi militants Monday threatens to derail fragile efforts at rapprochement between Gulf Arab states and Iran, even as clear attribution for the strikes - which caused fires and fuel tanker explosions that killed three people - is yet to be fully confirmed.
It also could complicate the already challenging negotiations between the US and Iran, the latter of which backs the Houthis financially and militarily, on reviving the 2015 Iran nuclear deal.
The UAE's government has pledged to hold those responsible for the attack - suspected to have been carried out by drone - to account. Already on Tuesday, the Saudi-led coalition that's been at war in Yemen since 2015 began carrying out airstrikes on camps and buildings in the capital of Sanaa belonging to Houthi militants, the coalition reported. The strikes around the Houthi-held city have so far killed around 20 people, a Houthi official told Reuters .
But many regional analysts point to what they believe is likely the directing force behind the Houthis' attack: Iran. The UAE has been a part of the coalition fighting the Houthis since 2015, and though it significantly reduced its forces from the country in 2019, it still trains and supports anti-Houthi groups.
""I think the issue we've got to determine, first of all, was it the Houthis directly,"" Angus Blair, professor of practice at the University of Cairo in Egypt, told CNBC on Tuesday. ""Nothing would have happened without Tehran's consent or direct engagement.""
Iran's foreign ministry, commenting on what it described only as ""recent Yemen-linked developments,"" said Tuesday that ""the solution to any regional crisis is not to resort to war and violence."" Its spokesman did not mention the Houthis or the UAE attack, according to Reuters.
While blaming Iran still remains speculative, Iran and the Gulf Arab states support opposing sides of numerous regional conflicts including those in Yemen, Syria and Lebanon. Saudi Arabia has accused Iran of attacking its oil infrastructure and of providing Yemen's Houthi rebels with missiles used to attack the kingdom, which Tehran has denied.
Blair and others cite historical example to back up their suspicion. Iran has provided missiles and drones to the Houthis for several years, backing them as part of a broader proxy war with Saudi Arabia, which spearheaded an aerial assault on Yemen beginning in early 2015 after the rebel movement overran Yemen's Saudi-backed government.
In September 2019, the Houthis initially claimed responsibility for a dramatic attack on Saudi Aramco's massive Abqaiq and Khurais oil facilities in the kingdom, before Saudi and Western authorities concluded the attack had been directed by Iran. Their intelligence agencies found that the Houthis could not have carried out such a sophisticated attack, although Iran has consistently denied the allegations.
""If you look at the attack on Abqaiq in Saudi, initially the Houthis said they'd undertaken it, and very soon afterwards it was clear that the attack had come from Iran,"" Blair said. ""So we have to make sure first of all that this was the Houthis.""
The strike on Abu Dhabi, which hit a fuel storage facility of state oil company ADNOC, came amid renewed fighting in Yemen. UAE-backed Yemeni militia fighters recently forced the Houthis out of the oil-rich area of Shabwa and pushed back their advances in the key governorate of Marib, home to the bulk of Yemen's oil, without which the Houthis are unlikely to survive as a state.
News emerged in late 2021 that Riyadh and Tehran had begun exploratory talks, an effort crucial in easing regional tensions, particularly with Iran's new hardline government. While Riyadh and Tehran have not conveyed any expectations of a major breakthrough, both sides have expressed support for easing tensions, and the Biden administration said it welcomed the outreach.
Any progress on that front may be stalled now.
""It seems likely this will cause at least a temporary setback between the GCC and Iran talks,"" Ryan Bohl, a Middle East and Africa analyst at Rane, told CNBC. The key question then is whether the UAE decides to point the finger of blame for the attack at Tehran, which it avoided doing over a series of tanker sabotage blasts off its coast in 2019 that Riyadh and Washington squarely blamed on Iran.
""It will remain to be seen if the Emiratis decide to hold Iran responsible or if they do what they've done in the past which is overlooked the Iranian role in order to avoid escalation,"" Bohl said. ""The Emiratis are likely to compartmentalize the retaliation to Yemen at least in the short term.""
Monday's attack, the biggest in the country that has been claimed by the Houthis and the first since 2018, ""highlights the UAE's vulnerable geopolitical position and their role in the war in Yemen, neither of which are ideal for the country's national and business reputation,"" Bohl said.
ADNOC, the site of the alleged drone strikes, said that it had ""activated the necessary business continuity plans to ensure the reliable, uninterrupted supply of products"" to its customers. But the fact that aerial attacks were able to take place so close to both oil facilities and Abu Dhabi International Airport, near where one fire also broke out, was a warning sign to many observers. Drones present such a threat because they are generally not picked up by radar and other air defense systems.
The event ""is another reminder of the highly complex missile and drone threat faced by the UAE and the region's other main oil producers,"" Torbjorn Soltvedt, principal MENA analyst at Verisk Maplecroft, wrote in an analysis note Monday. ""Unless the Gulf Cooperation Council states can find a solution to diffuse regional tensions, or deter hostility from regional state and non-state actors, they will remain vulnerable to attacks.""
Emirati officials deny that their country's reputation as an isle of stability in an otherwise volatile region is being threatened. Anwar Gargash, former UAE minister of state for foreign affairs, wrote on Twitter on Tuesday: ""Terrorists militias' tampering with the stability of the region is too weak to affect the security and safety we live in.""
As for the Houthis, the group has published propaganda videos threatening to make the UAE an ""unsafe place"" and has pledged to continue their operations against the UAE.
""The Houthis have shown that they will hold the UAE responsible for the actions of its proxy units,"" veteran Middle East journalist Gregory Johnson wrote on Twitter. This could draw the UAE back into more fighting in Yemen, or spur increased airstrikes on Houthi-held territory.
Still, Bohl says, ""By limiting the retaliation to Yemen,"" rather than extending it to Iran, ""the potential for major escalation is reduced even if it does put the UAE into a tricky position of establishing credible deterrence against the Houthis ... As well as reminding the international community that the UAE is still very much active in Yemen, despite its much publicized so-called withdrawal in 2019."" BRUSSELS - Russia needs to move forward in the world and stop dreaming about reconstructing the Soviet Union, a prominent Ukrainian diplomat has told CNBC as tensions with Moscow escalate.
""Russia needs to reinvent itself as a modern state and stop clinching to the, let's say, idea of the reconstruction of the Soviet Union,"" Vsevolod Chentsov, the Ukrainian ambassador to the EU, told CNBC Tuesday.
""It's already gone,"" he said regarding the Soviet bloc which collapsed in 1991.
Relations between the Kremlin and its European counterparts hit a low in 2014 when Russia annexed Crimea from Ukraine. And it has supported a pro-Russian uprising in the east of the country where low-level fighting between Ukrainian forces and pro-Russian troops has continued ever since.
Now, US officials are warning that Russia could be weighing a potential invasion of the former Soviet republic Ukraine, with the Kremlin moving 100,000 troops close to the border. Geopolitical analysts suggest that Moscow's actions, and any incursion, would be an attempt to boost Russian influence in other parts of the region.
Republican Senator Mitt Romney told NBC on Sunday that he believed Russian President Vladimir Putin wants to reestablish a ""type of Soviet Union"" and ""that can't be allowed to happen.""
Russian President Vladimir Putin has made no bones about the fact that he thinks the breakup of the Soviet Union was a catastrophe for Russia, once describing it as the ""greatest geopolitical tragedy"" of the 20 th century.
Other experts suggest that the Kremlin is instead trying to destabilize the European Union, the 27-member bloc that it shares several borders with. Chentsov, who works closely with Brussels, said that if this is Putin's plan, then it is not working.
""There is more unity among the member states and more understanding of Russian actions,"" he told CNBC.
""We [have] witnessed [a] gradual evolution of the EU position towards Ukraine, towards the crisis,"" he said, mentioning the various statements and visits from European officials to Kyiv.
Germany's Foreign Affairs Minister Annalena Baerbock - who is among the recent flurry of European politicians to visit Ukraine - said in Moscow on Tuesday that there is ""no understandable reason"" for the Russian military buildup close to Ukraine.
She added that it is ""hard"" not to see this move as a ""threat."" Meanwhile, Ukrainian officials have complained about Germany's reluctance on sending defensive weapons to help out Kyiv.
"" We would like to have more assistance. Also material assistance from our partners like Germany,"" Chentsov said, adding that the intention is not to attack Russia, but to be able to protect Ukraine in the event of further military aggression.
When asked if Kyiv recognized that a potential German decision to send weapons to Ukraine could escalate tensions with Russia even further, Chentsov said: ""We do not share this logic that it would make the situation worse.""
""We hope that the new government in Germany, they ... take a fresh look at the situation,"" he said.
Speaking on Monday in Kyiv, Germany's Baerbock played down the chances of Berlin changing its mind, reportedly saying the German government will be supporting Ukraine ""by other means.""
The German position contrasts with a UK announcement on Tuesday which stated that it would be supplying Kyiv with defensive arms. British Defense Secretary Ben Wallace said these weapons have a ""short range"" and do not pose a threat to Russia, Sky News reported.
Meanwhile, US Secretary of State Antony Blinken spoke with Sergey Lavrov, Russia's foreign affairs minister, Tuesday ahead of his trip to Ukraine and Germany this week.
""The Secretary stressed the importance of continuing a diplomatic path to de-escalate tensions surrounding the deeply troubling Russian military build-up in and near Ukraine,"" Blinken's office said in a press statement.
These new conversations come just days after failed talks between Russia, the US and other NATO members to resolve the ongoing tensions.
Russia said it is waiting for a written reply from the US and NATO regarding its demand for a de-facto veto on any new members joining the military alliance.
In the meantime, geopolitical tensions continue to build.
On Friday, key Ukrainian government websites were subject to a cyberattack, which Ukraine has already blamed Russia for. In addition, the United States has accused Russia of preparing a pretext so that it could invade Ukraine.
Over the weekend, Sweden also moved troops to its strategically-important island in the Baltic Sea, Gotland.",9.285555555555556,1
2022-01-20,14354,-0.0011140510830533,0.0,-0.0004877878916272,0.0,1.0,3,0,,,0.0,0
2022-01-21,14347,-0.0004877878916272,0.0,-0.0013949922050176,0.0,1.0,4,0,,,0.0,0
2022-01-24,14327,-0.0013949922050176,0.0,0.002161409243056,1.0,3.0,0,1,US and UAE forces intercept ballistic missiles over Abu Dhabi; State Department issues alert,"DUBAI, United Arab Emirates - American forces in the UAE stepped in to intercept two incoming ballistic missiles over the capital Abu Dhabi on Monday with the help of Emirati forces, US Central Command said in a statement late that evening local time.
""US forces at Al Dhafra Air Base, near Abu Dhabi in the United Arab Emirates, engaged two inbound missile threats with multiple Patriot interceptors coincident to efforts by the armed forces of the UAE in the early morning hours of Jan. 24, 2022,"" the statement, issued more than 15 hours after the attack, said. ""The combined efforts successfully prevented both missiles from impacting the base.""
The UAE's state media agency WAM did not initially report the US intervention, which would mark the first such instance in the country. Al Dhafra houses roughly 2,000 US service members and personnel.
""The Ministry of Defence announced on Monday that its air defence forces had intercepted and destroyed two ballistic missiles targeting the UAE, which were fired by the Houthi terrorist militia,"" the agency said in the early hours following the missile interceptions, referring to the Shiite militia group in Yemen.
The ministry confirmed that there were no casualties from the attack, and that ""fragments of the ballistic missiles fell in different areas"" around Abu Dhabi.
Residents in Abu Dhabi recounted being woken up by the sound of blasts, with some telling CNBC they initially thought it was thunder. Videos shared on social media showed streaks of light shooting across the Abu Dhabi night sky followed by the sounds of explosions, believed to be interceptor missiles. The footage has not been verified by CNBC but showed known features of the UAE capital.
The US State Department issued a security alert shortly after the attempted attack, warning Americans in the area to take precautionary measures.
""There have been reports of a possible missile attack and accompanying missile defense activity over Abu Dhabi early this morning. The Embassy reminds all US citizens in the United Arab Emirates to maintain a high level of security awareness,"" the alert read.
Stock markets across the oil-rich region fell following the news, with Dubai's main share index, the Dubai Financial Market General Index, falling by more than 2%. The benchmark's six most valuable stocks were all down, with blue chip property giant Emaar leading losses of more than 3.5%.
US forces sought shelter in the immediate wake of the news, and ""set a heightened alert posture at the time of the attack, the second in the span of a week, which did involve Airmen using available bunkers,"" the Central Command statement said. ""US forces at Al Dhafra remain vigilant and ready to respond in case of any follow-on attacks.""
""US forces at Al Dhafra stand with the UAE and our coalition partners across the region,"" said Brig. Gen. Andrew Clark, commander of the 380th Air Expeditionary Wing hosted at Al Dhafra. ""We have a strong partnership with the Emiratis and will continue working together in support of our mutual interests.""
The Emirati response to the Houthi incursion was swift. The UAE's Ministry of Defense released a video on its official Twitter account showing the destruction of what it said was a ballistic missile launcher in northwestern Yemen by an F-16 fighter jet.
""MOD Joint Operations Command announces that at 04:10 hrs Yemen time an F-16 destroyed a ballistic missile launcher in Al Jawf, immediately after it launched two ballistic missiles at Abu Dhabi. They were successfully intercepted by our air defence systems,"" the tweet read.
A Houthi military spokesman claimed responsibility for the attack in a statement on Houthi television outlet Al Masirah, saying the group targeted the UAE with drones and ballistic missiles. The UAE would continue to be a target, he warned, ""as long as attacks on the Yemeni people continue.""
""We warn foreign companies and investors to leave the Emirates!"" spokesman Yehia Sarei said, according to a translation by The Associated Press. ""This has become an unsafe country!""
Drone use - even commercial - has been banned across the UAE, and the Ministry of Defense said Monday that it has ""full readiness to deal with any threats,"" and that it will ""take all necessary measures to protect the UAE from any attacks.""
The targeted missile launch comes just one week after a deadly Houthi-claimed attack on Abu Dhabi that used what UAE officials say were drones and missiles. The strikes hit a fuel storage facility of state oil firm ADNOC and a construction site near Abu Dhabi International Airport, killing three people.
""The Houthi militia in Yemen has claimed responsibility for the January 17 attack on Abu Dhabi and stated an intent to attack neighboring countries, including the UAE, using missiles and unmanned aerial systems (drones),"" the State Department alert said.
The attacks of Jan. 17 and Jan. 24 are unprecedented in their intensity and reach, analysts say, and are the first Houthi-claimed attacks officially confirmed to have taken place in the UAE.
Long seen as a rare example of stability in a turbulent region, the UAE is a logistics and trade hub and the third-largest oil-producing member of OPEC. ADNOC - the Abu Dhabi National Oil Co. - controls oil operations in Abu Dhabi, home to the vast majority of the state's crude. The UAE is the world's seventh-biggest oil producer, pumping just more than 4 million barrels per day.
The increased risks will further heighten concerns over oil markets, said Ed Bell, senior director of market economics at Dubai-based bank Emirates NBD.
""Geopolitical risks in the past few weeks across Eastern Europe and the broader Middle East will raise anxiety over security of energy supply at a time when many economies are already enduring high energy costs,"" he told CNBC.
""While there has been no material disruption to physical supply, markets will likely add a political risk premium to oil prices in the near term, helping to keep prices elevated.""
International oil benchmark Brent crude was trading at $87.59 per barrel Monday at 2:30 p.m. local time, down 0.3%. The commodity has climbed steadily upward in recent months, and is up 13% year to date, elevated by signs of tightness in the market and persistent worries of a Russian incursion into Ukraine .
The Houthis, a Yemeni rebel movement backed by Iran, have since 2015 been at war with a Saudi-led coalition that includes the UAE. The bloody and drawn-out conflict, which has pushed tens of thousands of Yemenis into famine, was set off with the Saudi-led bombing offensive that started in March 2015 after Houthi militants took over Yemen's government and pushed out a leadership that was backed by the Saudis. While Abu Dhabi largely reduced its country's ground forces from Yemen in 2019, it still supports proxy forces there, some of which have stripped Houthis of key territorial gains after months of heavy fighting. The attacks on the UAE appear to be retaliation for that.
One day after the Jan. 17 attack, the Saudi-led coalition carried out airstrikes on camps and buildings in the Yemeni capital of Sanaa belonging to Houthi militants that killed at least 20 people. The following weekend, the Houthis released harrowing images of dead bodies from a Saudi-led coalition airstrike on a prison in northern Yemen that killed roughly 70 people. That strike was followed by a Saudi-led coalition bombing of a telecommunications facility in the Yemeni port city of Hodeida that killed at least three children and caused a nationwide internet blackout . The United Nations condemned the strikes on civilian infrastructure and criticized the coalition, which denied targeting the facilities.
The Houthis have for years used weapons made and supplied by Iran, and some regional analysts argue that Houthis do not carry out significant attacks without the direction or approval of Tehran.
While the UAE has not called out Iran for the attacks of the last week, the events throw into question recent efforts at mediation between Iran and Saudi Arabia , as well as US-Iran indirect talks over reviving the Iranian nuclear deal.
""It is worth remembering that this recent round of escalation comes amidst a more conciliatory foreign policy in Abu Dhabi,"" said Taufiq Rahim, a Dubai-based senior fellow in the International Security program at think tank New America. ""This posture will be tested in the coming weeks.""
Iran's foreign ministry spokesman, Saeed Khatibzadeh, voiced support for the ""oppressed Yemeni nation"" during a news conference on Monday, criticizing countries he accused of profiting off the war in Yemen.
""Unfortunately, those making lucrative profits out of arms trade as well as some European countries like Britain, Germany and France and the United States are specifically involved [in the Yemen crisis],"" Khatibzadeh said, according to an English language translation by Iranian state outlet Press TV. ""The latest string of bombings would not have happened if there were no support of these countries.""",2.151388888888889,1
2022-01-25,14358,0.002161409243056,1.0,-0.0008361204500485,0.0,1.0,1,2,"Dow closes lower, but well off session lows in another massive comeback Gold scales over 2-month peak as Ukraine worries dent risk appetite","The Dow Jones Industrial Average closed down Tuesday, but well off its session lows in another rollercoaster session as the Federal Reserve prepares investors for tighter monetary policy.
The blue-chip average shed 67.77 points, or 0.2%, to close at 34,297.73. The index swung from a nearly 819-point deficit at its lows to a roughly 226-point rally at its highs during the session. The S&P 500 dipped 1.2% to 4,356.45. The technology-heavy Nasdaq Composite fell 2.3% to 13,539.30.
Tuesday's market action came after the Dow on Monday rallied from a more than 1,000-point loss to close higher for the first time ever. The Nasdaq Composite reversed a 4.9% decline from earlier in the day to finish positive - its biggest rebound since 2008. The S&P 500 also rallied from major losses to close up.
""The roller coaster trading atmosphere continues,"" Vital Knowledge's Adam Crisafulli said in a note Tuesday. ""The lows from yesterday though haven't been breached.""
Banks and energy stocks, sectors that stand to benefit from a recovering economy and higher yields, led Tuesday's comeback. The yield on the benchmark 10-year Treasury note resumed its 2022 gain Tuesday to around 1.78%. Bank of America and Citigroup each gained around 2%. Occidental Petroleum and APA Corp both rose more than 8%.
American Express was the top gainer on the Dow and the S&P 500 after an earnings beat, adding 8.9%. Dow members IBM and Johnson & Johnson were also among the top gainers on the index after reporting quarterly results.
Tech shares struggled amid rising rates. Nvidia, down 24% this year, lost 4.5% on the day. Microsoft lost 2.7% ahead of its earnings report after the bell.
General Electric was among the biggest decliners on the S&P 500 with a 6% loss after the company topped quarterly earnings expectations, but missed revenue estimates.
The S&P 500 is down more than 8% in January, on pace for its worst month since March 2020 at the onset of the pandemic.
""I don't think it's done,"" Liz Young, head of investment strategy at SoFi, told CNBC's ""Squawk Box"" on Tuesday. ""This ... is a digestion process of a new environment that we're not conditioned for.""
The 10-year Treasury yield has climbed this year as the Federal Reserve signaled it will begin tightening monetary policy as soon as March with a rate hike. Investors have rotated out of high-growth areas of the market in favor of safer bets. The Nasdaq Composite is in correction territory, down more than 16% from its intraday record.
""Downside risks from monetary tightening are higher vs history. The pain has so far been localized to high valuation stocks, but signs of a broader risk-off are brewing,"" Barclays' Maneesh Deshpande said in a note Tuesday.
Investors are awaiting policy updates after the Fed's two-day policy meeting ends Wednesday. Market participants want to know when the central bank will raise interest rates and by how much. The Fed is expected to signal a rate hike as soon as March and more policy tightening on the table to address high inflation.
Geopolitical tension at the Russia-Ukraine border continued to loom over markets. President Joe Biden spoke with European leaders Monday amid fears of a possible Russian invasion of Ukraine. Gold hit a more than two-month high on Tuesday as geopolitical concerns over Ukraine pushed investors toward safe havens including bullion, ahead of the US Federal Reserve's meet that could offer cues on its monetary policy tightening plan.
Spot gold rose 0.5% to $1,852.03 per ounce by 2:03 p.m. ET, after hitting its highest since Nov. 19 at $1,852.65. US gold futures settled up 0.6% at $1,852.50.
Russia said it was watching with great concern after the United States put 8,500 troops on alert to be ready to deploy in case of an escalation, while Britain urged its European allies to have sanctions ready to go if Russia invades Ukraine.
Gold is acting like a ""flight to safety trade"" in a wait-and-watch scenario until after the Fed announcement tomorrow, said Bob Haberkorn, senior market strategist at RJO Futures.
Investors await cues on how aggressive the Fed would be for the rest of the year and if it would signal more hikes to tackle inflation, Haberkorn added.
The Fed is expected to indicate it plans to raise rates in March and offer insights into how hawkish it intends to be.
Although gold is considered a hedge against inflation and geopolitical risks, interest rate hikes would raise the opportunity cost of holding non-yielding bullion.
Gold also seemed to shake off pressure from inflows into rival safe-haven dollar which had touched a two-week peak.
""Despite the Fed likely set to announce the start of a US rate hike cycle this week, gold keeps holding up well. Support for the yellow metal comes from high inflation and elevated market volatility,"" UBS analyst Giovanni Staunovo said.
""Unless the Fed surprises with an even more hawkish statement, gold (could) stay supported,"" said Staunovo, adding that historically, gold outperforms equities when market volatility increases.
Spot silver fell 0.1% to $23.92 an ounce, platinum was up 0.1% at $1,028.00 while palladium rose 2.3% to $2,198.37.",7.207361111111111,1
2022-01-26,14346,-0.0008361204500485,0.0,0.0027148392992685,1.0,1.0,2,0,,,0.0,0
2022-01-27,14385,0.0027148392992685,1.0,-0.0002781060992686,0.0,1.0,3,1,Global oil benchmark tops $90 for the first time since 2014,"Brent crude futures , the international oil benchmark, topped $90 on Wednesday for the first time since 2014, adding to oil's blistering recovery since its pandemic-era lows in April 2020.
The threshold breakthrough comes amid growing geopolitical tensions between Russia and Ukraine, and as supply remains tight amid a rebound in demand.
The contract added more than 2% at one point to hit a high of $90.47 per barrel for the first time since October 2014. However, Brent pulled back slightly in afternoon trading, ultimately settling 2% higher at $89.96 per barrel.
West Texas Intermediate crude futures , the US oil benchmark, settled 2.04% higher at $87.35 per barrel. During the session the contract hit a high of $87.95, a price last seen in October 2014.
CIBC Private Wealth's Rebecca Babin said potential sanctions on Russia, which would be triggered by a Ukraine invasion, would be a catalyst for higher crude prices.
""Each day that passes without a de-escalation, we could see more of a supporting bid to crude,"" she said.
Goldman Sachs said Wednesday the firm's base case is that supply disruptions are unlikely to occur, but that there could be upside for energy prices given an already tight market.
""Commodity markets are increasingly vulnerable to disruptions, after a couple years of historically low outages following the initial Covid shock,"" the firm wrote in a note to clients.
""Against the backdrop of the tightest inventory levels in decades, low spare capacity and a much less elastic shale sector, this points to the skew of large energy price moves shifting to the upside, reinforcing the case for a rising allocating to commodities in portfolios.""
Earlier this month, Goldman Sachs said that Brent can reach $100 per barrel by the third quarter, adding to a number of Wall Street firms calling for triple-digit oil.
Barclays noted that while prices may be reacting in part to a ""geopolitical premium,"" the underlying fundamentals are fueling the push higher.
OPEC and its oil-producing allies have been returning crude to the market, but the group's been unable to ramp up production to hit its targets. Meanwhile, US shale oil growth has slowed, and omicron hasn't been the demand hit that was initially expected. Additionally, inventory levels remain depleted.
The Energy Information Administration said Wednesday that crude oil inventories rose by 2.4 million barrels during the week ended Jan. 21. The Street was expecting an increase of just 150,000 barrels, according to estimates compiled by FactSet.
""Immediately it becomes a question how long we'll be waiting for triple figures,"" said Oanda's Craig Erlam. ""It's still unlikely that oil and gas will be used as a weapon anytime soon but if it was, it could lead to a serious surge in prices given how tight the markets are.""",16.72277777777778,1
2022-01-28,14381,-0.0002781060992686,0.0,0.0007646057439893,1.0,1.0,4,1,Why the stock market hates the idea of rising interest rates,"The specter of rising interest rates is spooking the stock market.
The Federal Reserve, the US central bank, is expected to increase its benchmark rate several times this year to tame stubbornly high inflation. Fed chair Jerome Powell affirmed that likelihood on Wednesday.
The move would increase borrowing costs from near zero - where they've been since the beginning of the Covid pandemic - for businesses and consumers.
The forecast has caused stocks to nosedive in January.
The S&P 500 index is down about 9% for the year. At one point this week, the basket of US stocks dipped below 10% - the first time that's happened since the initial pandemic turmoil of March 2020. The index closed down 0.2% Wednesday after Powell's remarks, erasing earlier gains.
Why does the stock market care?
Broadly, the reasons seem to be twofold: A slowdown of the US economy and the prospect of other investments like bonds becoming more attractive relative to stocks.
When the Fed raises its benchmark interest rate, banks and lenders tend to raise borrowing costs, too. Mortgages, credit cards and other debt become pricier, reducing consumer spending and demand. Businesses also pay more to finance their operations.
More from Personal Finance: What the Fed's plan to raise interest rates means for you Why new parents may qualify for another $1,400 stimulus check 3 reasons to keep your will or estate plan updated
Broadly, this dampens the outlook for company profits and reduces investor enthusiasm for buying their stock.
""A tightening of monetary policy will put pressure on economic activity,"" according to Blair duQuesnay , a certified financial planner and investment advisor at Ritholtz Wealth Management, who is based in New Orleans. ""And it's by design.""
The Fed's ""design"" is to cool off inflation. Consumer prices jumped 7% in December from a year earlier, the fastest pace since 1982.
But the stock market isn't reacting just to a likely rate bump; stock gyrations have as much to do with uncertainty over how fast the Fed will accelerate.
""What the market doesn't like, is rapid changes in the monetary landscape,"" according to David Stubbs, the global head of cross-asset thematic strategy at JP Morgan Private Bank.
When inflation began accelerating in early 2021, Fed officials signaled it was likely temporary, the short-term result of a hyperactive economy emerging from its pandemic hibernation.
Now, their tone has shifted as inflation has lingered well above the Fed's 2% long-run target. In large part, that seems due to consumer demand for physical goods outstripping supply, as Covid continues to disrupt manufacturers.
""Since the December meeting, I would say that the inflation situation is about the same but probably slightly worse,"" Powell said Wednesday. ""I think to the extent the situation deteriorates further, our policy will have to address that,"" he added.
Investors worry an aggressive Fed response may slam the brakes on the economy - though Powell has sought to reassure the policy response will be ""nimble.""
Anxiety over that outcome is the main reason for market jitters, according to CFP Lee Baker , founder of Apex Financial Services in Atlanta.
""What are the trickle-down effects if the Fed raises rates too far, too fast? If it slows down the economy, what does that do to [company] earnings? You just sort of follow that domino,"" Baker said. ""If you're talking about earnings, you're talking about stocks.""
(This discussion is relative to a broad basket of US stocks. It's not true that all companies necessarily suffer if rates rise. Some may do better - like a bank, for example, that charges more to lend.)
If rates rise, investors may see more value in bonds, certificates of deposit and other assets thought to be less risky than stocks.
Yields in those conservative assets have been relatively paltry since the 2008 financial crisis, which led to a prolonged period of rock-bottom interest rates to spur the economy.
Investors looking for returns were essentially ""forced"" into stocks, Baker said.
The value proposition may change, if bond yields and CD rates move upward in tandem with the Fed's benchmark rate.
Though it seems to play the biggest role, Fed policy isn't the only thing putting investors on edge.
For one, there's the prospect of war between Ukraine and Russia. Those geopolitical tensions fuel more uncertainty - for example, how might the energy sector be impacted if fighting breaks out?
The stock selloff may be a good thing, independent of what's causing it, duQuesnay said. The Federal Reserve is discussing higher interest rates because the economy and labor markets are strong; a reduction in stock prices may also tether lofty company valuations more to reality, she said.
""If you take away all the outside news and information about the stock market, it's gone up double digits for three years in a row,"" according to duQuesnay. ""Maybe it should sell off despite anything else.""",12.955833333333333,1
2022-01-31,14392,0.0007646057439893,1.0,-0.003131635531979,0.0,3.0,0,1,What if Russia turns off the gas? Europe assesses its options as fears mount over Ukraine crisis,"Escalating tensions between Russia, Ukraine and the West have heightened concern about the future of Russian gas flows to the European Union, with lawmakers and energy providers scrambling to prepare contingency plans .
It comes as President Joe Biden warns there is a "" distinct possibility "" Russia could invade Ukraine as soon as next month and as the Kremlin says there is ""little ground for optimism"" after the US rejected its main demands to resolve the crisis.
Russia has amassed an estimated 100,000 troops near the border of Ukraine but denies planning to enter the former Soviet republic.
""European natural gas supplies are well below their typical norms and inventories, so a key question to ask is if Europe has enough natural gas inventory to survive,"" Rob Thummel, senior portfolio manager at energy investment firm TortoiseEcofin, said in a research note.
""Given that there's a lot of winter left, I think there are scenarios where it could become really challenging, and inventories could go really low. Europe needs Russia from an energy standpoint, and energy is so essential that it's going to be very difficult to just cut off supplies for both sides,"" he added.
For several months, Russia has been accused of intentionally disrupting gas supplies to leverage its role as a major energy supplier to Europe amid an escalating dispute with Ukraine.
Russian gas flows to Europe have been lower than typically expected for a sustained period, with political analysts suggesting that Moscow has purposefully withheld supplies in a bid to speed up certification of the highly contentious Nord Stream 2 pipeline .
Indeed, Russia's purported role in exacerbating Europe's energy crunch was even the subject of a rare public rebuke from the International Energy Agency, with the group calling on Russia to increase gas availability to Europe and ensure storage levels were filled to adequate levels during a period of high winter demand.
The Kremlin has repeatedly disputed claims it is using gas as a geopolitical weapon, with state-owned Gazprom saying it has fulfilled its contractual obligations to customers.
Now, as Russia-Ukraine tensions reach a fever pitch, energy analysts are deeply concerned about the risk of full supply disruption to the EU - which receives roughly 40% of its gas via Russian pipelines and several of which run through Ukraine.
The prospect of a supply cut-off of Russian gas is seen as likely to result in profound public health and economic consequences, particularly as such a scenario could come in the middle of winter and amid the coronavirus pandemic.
Energy analysts at political risk consultancy Eurasia Group believe the worst-case scenario of Russia abruptly cutting off all supplies to Europe is also the least likely scenario. This is partly because such a move would have major financial costs for Moscow, while simultaneously triggering a coordinated effort by EU states to permanently reduce gas imports from Russia.
""Even if a full disruption of Russian gas exports to the EU remains unlikely, officials and energy providers there have been making contingency plans,"" analysts at Eurasia Group said.
For example, European utilities have increased orders of shipped liquefied natural gas cargoes over the Christmas and New Year period, chiefly from the US and Qatar, which have around 100 cargoes scheduled to arrive in Europe in January alone. Eurasia Group said, citing ship tracking data, that this reflected an increase of roughly 40% from the previous record in March 2021.
These inflows of natural gas supplies, while costly, are likely to ""significantly"" help the western European and Mediterranean regions, but it is not thought to be as helpful for landlocked regions of central and eastern Europe.
In the event of a total shutdown of Russian gas supply to the EU, analysts at Eurasia Group said the incoming fleet of LNG would be ""insufficient"" to meet Europe's gas demand, with gas prices seen spiking ""to unprecedented levels"" in this scenario.
Beyond ordering as many LNG cargoes as possible, Eurasia Group analysts said Europe's options to mitigate a full supply disruption would consist of asking alternative pipelines such as Algeria, Azerbaijan and Norway to maximize pipeline pressure, a total blowdown of all available gas inventories across the EU, activating any alternative power and heating supplies available and, if necessary, ordering demand curtailments.
What is perhaps more likely as tensions escalate is a partial disruption of Russian gas flows to the EU via Ukraine.
""This would still cause significant economic harm and possibly lead to some localised heating and power shortages, especially in southeast Europe, which already suffered similar disruptions during a Russian cut-off of gas supply through Ukraine in 2008/2009,"" analysts at Eurasia Group said.
""If this happened, Moscow would likely try to shield its biggest customers, Germany and Italy, from the worst impact,"" they added, noting US or EU sanctions would probably steer clear of targeting Russia's remaining gas exports to Europe as this would cause too much harm.
""The most likely scenario is that flows continue,"" Tom Marzec-Manser, lead European gas analyst at energy consultancy ICIS, told CNBC via telephone.
""Gazprom has supplied the European Union and its customers in the European Union with long-term contracts consistently over decades regardless of the state of relations between the West and Russia and/or the Soviet Union,"" he added.
""And continuing to supply its core customers principally in places such as Germany and Italy and to a lesser extent place such as France and Austria will be extremely important for Russia.""
Marzec-Manser said a scenario in which Russia was unable but willing to deliver gas to European customers - due to economic sanctions or if it is deemed unsafe to deliver piped gas through Ukraine - it would not necessarily result in an abrupt cut-off to supplies.
""There is certainly re-routable capacity on other routes to market,"" Marzec-Manser said, noting volumes that currently transit through Ukraine could be re-routed through Poland instead.
The front-month gas price at the Dutch TTF hub, a European benchmark for natural gas trading, traded up around 0.5% at 92.8 euros ($103.3) per megawatt-hour on Friday morning, according to New York's Intercontinental Exchange .
The TTF-month ahead index has fallen from a peak of 113 euros in December but remains at elevated levels, partly due to persistent concerns over Russia and escalating tensions with Ukraine.",70.01027777777777,1
2022-02-02,14347,-0.003131635531979,0.0,0.0023670297879896,1.0,2.0,2,2,"UAE forces say they intercepted Houthi missile strike, the third attack this month Putin says the West has ignored Russia's security concerns over NATO and Ukraine","DUBAI, United Arab Emirates - The United Arab Emirates says it has intercepted and destroyed a ballistic missile that was fired by Yemen's Houthi rebels over an uninhabited area in the early hours of Monday morning.
The UAE's Ministry of Defense said the attack did not cause any losses, and the country's civil aviation authority added that civil air operations are now back to normal.
""There were no casualties resulting from the attack and the fragments of the ballistic missile fell outside of populated areas,"" the defense ministry said in a statement.
It added: ""The UAE air defence forces and the Coalition Command had succeeded in destroying the missile launcher in Yemen after identifying locations of the sites.""
The ministry pledged its ""full readiness to deal with any threats,"" and that it will ""take all necessary measures to protect the UAE from any attacks."" Oil was at multi-year highs as the week began, with international benchmark Brent crude trading at $91.31 a barrel at 3:30 p.m. UAE time, up 1.42% on the previous session. The commodity surpassed $90 a barrel last week for the first time since 2014 on supply concerns and geopolitical tensions surrounding Russia and the Middle East.
The Houthis claimed responsibility for the attack, and have also warned the UAE that they plan to disclose details of a military operation ""deep within the country"" soon.
Monday's missile launch is the third attack by the Houthis this month; the first, on Jan. 17 killed three people, while the second attack the following Monday was thwarted by US forces' Patriot missile defense system at Abu Dhabi's Al Dhafra Air Base, which the US said was done in tandem with UAE forces.
It also comes as Israeli President Isaac Herzog is on his first official visit to UAE, and follows Israeli Prime Minister Naftali Bennett's visit in December. Herzog will be continuing his trip despite the Houthi attacks, meeting with de-facto UAE leader and Abu Dhabi Crown Prince Mohammed bin Zayed Al Nahyan. He condemned the attacks and also sought to bolster regional ties. President Vladimir Putin accused Western nations of ignoring key Russian security concerns, following the US' refusal last week to concede to Moscow's demands over Ukraine and NATO .
""It's already clear now ... that fundamental Russian concerns were ignored,"" Putin said at a press conference Tuesday, according to a Reuters translation.
Putin said that the US wanted to ""contain Russia"" and that it was using Ukraine to do that, as he reiterated Russia's position that any possible membership of Ukraine in NATO would ""undermine Russia's security.""
""Let's imagine that Ukraine is a NATO member, it is fully packed of weapons, it gets advanced attack means like those in Poland and Romania and it starts an operation in Crimea,"" Putin said, describing Crimea, a part of Ukraine annexed by Russia in 2014, as a ""sovereign Russian territory.""
""Let's imagine that Ukraine is a NATO member state and it initiates a military operation. What should we do then, [should we] fight against the NATO bloc? Did anyone think at least something about that? Apparently not.""
Nonetheless, Putin said he hoped dialog over Ukraine would continue and that a way needed to be found to, as he put it, ""protect everyone's security.""
His comments followed talks with Hungarian Prime Minister Viktor Orban, with whom Putin shares friendly ties, in Moscow.
It's the first time that Putin has commented publicly about the geopolitical crisis in weeks, despite a flurry of diplomatic meetings and calls between Russian and Western officials.
While over 100,000 Russian troops remain stationed at various points along Russia's border with Ukraine, there remains heightened concerns that Putin could be poised to give his troops a greenlight to invade Ukraine.
Russia has denied it is planning an invasion, but trust in Russia's word has been low ever since it annexed Crimea from Ukraine in 2014, and supported pro-Russian separatists in the Donbass region in eastern Ukraine. Political analysts believe that Russia wants to maintain its sphere of influence and power over former Soviet states and to stop Ukraine's gravitation toward the West.
Russia has insisted that it just wants to protect its security interests, particularly in the face of an expanded NATO that has deployed military hardware to eastern Europe. On the build-up of troops along its border with Ukraine, Putin has previously insisted late last year that Russia has a right to move its troops wherever it likes within its territory. The Kremlin has accused the West of stirring up ""hysteria"" over Ukraine.
Putin's comments comes after Russia made a series of security proposals to the US in December, including its main demands that NATO does not expand further to the east or admit Ukraine to the military alliance. It would also like to see NATO rollback its military deployments in eastern Europe .
Putin echoed that position on Tuesday, stating that missile launchers in Romania and Poland, both of whom are NATO members, ""are a threat to Russia.""
Last week, the US responded to those demands, refusing to accept Russia's key proposals over Ukraine and NATO. Still, it signaled a willingness to continue discussions aimed at calming tensions, and said there could be room for compromise in some areas potentially.
On Tuesday, US Secretary of State Antony Blinken was due to speak to Russia's Foreign Minister Sergey Lavrov. Russia's official response to the US remains unknown, at this point, although it has reportedly delivered a written response to the US
Putin's meeting with Orban Tuesday comes as European leaders step up their engagement with Moscow with Putin already having spoken to French President Emmanuel Macron and Italy's Prime Minister Mario Draghi this week. On Wednesday, he is due to speak to British Prime Minister Boris Johnson, who was visiting Ukraine Tuesday.
Putin has not publicly commented on Ukraine since Dec. 23, according to the New York Times, which noted that he had chided a British journalist who asked, during Putin's annual news conference, whether he would guarantee that Russia would not invade Ukraine.
""It was the United States that came with its missiles to our home, to the doorstep of our home,"" Putin said.
""And you demand from me some guarantees. You should give us guarantees. You! And right away, right now.""",31.63791666666667,1
2022-02-03,14381,0.0023670297879896,1.0,-0.0003477414229846,0.0,1.0,3,3,"We have 'to take weapons in our hands': Kyiv's Klitschko brothers say Ukraine must be defended A Russian invasion of Ukraine could send shockwaves through financial markets Russia-Ukraine tensions could prove a buying opportunity, strategists say","Russia needs to understand how strong Ukraine is, and what price it might pay for launching any military aggression toward Ukraine, Kyiv's mayor told CNBC.
""Before our enemies make an attack against Ukraine they have to see we are strong, they have to see how strong we will be, it will be a very painful price for everyone,"" Vitali Klitschko told CNBC's Hadley Gamble in Kyiv on Wednesday.
Klitschko said that Ukraine had a young democracy and a vision ""to build"" a European country, a vision rejected by Russia. Still, he said financial and political support, as well as support in the shape of military hardware and weapons, made Ukraine stronger.
He said he hoped diplomats both in Ukraine and elsewhere could ""stop this aggression [in a] diplomatic way. If not, we have to prepare to take weapons in our hands,"" the former world champion boxer said.
Vitali's brother Wladimir Klitschko, another former boxer who now describes himself as an activist, also spoke to reporters Wednesday, commenting that the West should be aware of showing any ""weakness"" when it comes to dealing with geopolitical crises like the current hostility between Ukraine and Russia.
Asked if the US is doing enough to help Ukraine as it faces a possible military confrontation with Russia, Wladimir Klitschko said ""there's never enough.""
""I believe that sometimes the West shows weakness in certain situations and that we need to be more united and protect each other and protect our interests, protect our democracy that we've been fighting for and developing in the Western world,"" he said.
""I believe this unity will give us enormous strength,"" he added, noting that there should be better communication between Western allies, and that a possible invasion of Ukraine ""would be an issue for everybody.""
With Ukraine on high alert over a possible military confrontation with Russia, which has amassed tens of thousands of troops along the border with its neighbor, some Ukrainian officials have been critical of Kyiv being left out of high-level diplomatic talks between the US, NATO and Russia aimed at averting a confrontation.
Vitali Klitschko has been publicly critical of the response of one of Ukraine's European allies, Germany , describing Berlin's offer of 5,000 helmets to Ukraine as ""a joke"" which had left him ""speechless.""
""The behavior of the German government leaves me speechless. The defense ministry apparently hasn't realized that we are confronted with perfectly equipped Russian forces that can start another invasion of Ukraine at any time,"" he told the German newspaper Bild last Wednesday . ""What kind of support will Germany send next?"" he asked. ""Pillows?""
Speaking to reporters Wednesday following a press conference, Vitali Klitschko said Ukraine had to now ""be prepared for any scenario"" as there were no immediate signs of tensions being dialed down, despite diplomatic talks continuing in the background between Russian officials, including President Vladimir Putin, and Western leaders.
He said there was little appetite in Ukraine for more bloodshed - particularly given the deaths of over 13,000 people in east Ukraine in an ongoing conflict between Ukrainian troops and pro-Russian separatists in the Donbas region - but added, ""we have to defend our country.""
Asked how worried he was about the damage the crisis was doing to Ukraine's economy, which is beset with inflation ( the rate stood at 10% in December ), Kyiv's mayor conceded that ""it's touched everyone in Ukraine and so yes, of course it's hard for Ukraine and for our economy. But right now the question, [is about the] integrity and independence of our country.
Ukraine is not a member of NATO nor the EU, but has a pro-Western government. Russia insists it has no plans to invade Ukraine but it has already annexed a part of its territory, Crimea, in 2014, and supports two pro-Russian, self-proclaimed republics in the Donbas region in eastern Ukraine.
NATO is not obliged to defend Ukraine but it has beefed up its deployments in eastern Europe in case of a possible attack. Some countries, including the US and UK, have sent military hardware to Ukraine to help it defend itself but others, like France and Germany, are looking at talks with Russia and Ukraine in an attempt to break an impasse over what is largely seen as a battle over geopolitical influence between Russia and the West, with Ukraine in the middle.
Russia has repeatedly said it wants to defend its own security interests in the face of what it views as an expansion of Western military might (that is, NATO) on its doorstep in Europe and, particularly, in eastern Europe where missile defense systems are positioned in Romania and Poland.
It has demanded that Ukraine is never allowed to join NATO, and that the military alliance rolls back its deployments in eastern Europe. The US has refused those demands but says there is space for further dialog.
On Tuesday, Putin accused Western nations of ignoring key Russian security concerns and said that the US wanted to ""contain Russia"" and that it was using Ukraine to do that.
He also reiterated Moscow's position that any possible membership of Ukraine in NATO would ""undermine Russia's security.""
""Let's imagine that Ukraine is a NATO member, it is fully packed of weapons, it gets advanced attack means like those in Poland and Romania and it starts an operation in Crimea,"" Putin said, describing Crimea, a part of Ukraine annexed by Russia in 2014, as a ""sovereign Russian territory.""
""Let's imagine that Ukraine is a NATO member state and it initiates a military operation. What should we do then, [should we] fight against the NATO bloc? Did anyone think at least something about that? Apparently not.""
In Kyiv on Tuesday, meanwhile, Ukraine's President Volodymyr Zelenskyy warned that any military confrontation with its neighbor Russia would amount to ""a full-scale"" war.
Speaking after a meeting with UK Prime Minister Boris Johnson, Zelenskyy said that any conflict with Russia would affect the whole of Europe.
""There will be, unfortunately, a tragedy if the escalation against our state begins. That is why I openly say: This will not be a war between Ukraine and Russia - this will be a war in Europe, full-scale war, because no one will give up their territories and people anymore,"" the president said, speaking to reporters at a press conference with Johnson.
Correction: This story has been updated to correct the name of Wladimir Klitschko. The highly unpredictable nature of Russia's threat against Ukraine has rippled across financial markets without much impact on stocks. But if Russia were to move its troops across the border, it could cause a major risk-off event - sending equities lower and commodity prices even higher.
The US plans on stinging sanctions if Russia moves into Ukraine. Russia, which says it has no intention to invade, could inflict pain on the rest of the world through its strong hold on some key commodities.
For now, the markets are not pricing any such calamity, but oil prices would spike and European gas prices could surge even more than they already have if Russian troops enter Ukraine. Oil and some other commodity prices have already built in some premium, and Russian assets have been hit.
If there were an invasion, the dollar could strengthen, US bond yields would likely move lower and commodities - including wheat and palladium - would rally.
""There's another round of US-Russian talks. As long as talks are going on, it's hard to imagine Russia would go to war,"" said Marc Chandler, chief market strategist at Bannockburn Global Forex. He noted that the Russian ruble, off 2.2% for the year, outperformed other emerging market currencies in the past five days with a 4.1% gain.
""Because they're still talking, the market knows it doesn't have to worry about it right now,"" Chandler said. ""Markets aren't as concerned about it as maybe as much as the politicians.""
However, RBC head of global commodities strategy Helima Croft said the odds of an invasion may be higher than some in the markets expect. ""Even if it's at 50%, that is a really high risk, given the stakes involved,"" she said.
Some analysts believe Russia will choose not to invade and instead cause other problems for Ukraine, like cyber warfare or other economic disruptions. But if Russia does invade, the US and the UK have promised swift retaliation in the form of economic sanctions on President Vladimir Putin, Russian oligarchs and other individuals, its financial system and industries.
""What I do know is if those tanks cross the border, oil will go above $100 dollars a barrel,"" Croft said. ""We'll certainly feel it on the European gas market. We'll feel it on the wheat market. We'll feel it across a variety of markets. Russia is not a one-trick pony.""
Croft said Russia is the world's largest wheat exporter, and together with Ukraine, they account for roughly 29% of the global wheat export market.
""They're not just a gas station. They're a commodity superstore. They're a massive metal producer. Where we think it gets painful is food and energy prices,"" Croft said, adding that it would cause more inflation in an already inflationary environment.
""If they stop short of an invasion, we're not talking about a major disruption of commodities,"" she said.
TD Securities head of global commodities strategy Bart Melek said he sees the odds of an invasion at less than 50%. But if there is one, he said that commodity prices would spike - and so would inflation.
""Much depends on how robust the sanctions are,"" he said. ""Are they direct or going after the guys who finance the stuff? Or insurers? The risk is there are certain markets, like aluminum, that we think is going to be in a deficit already by 2.3 million tons. If you exclude Russian supply out of that and palladium as well, we could certainly see them touch the highs.""
Melek said Russia is also a large nickel producer, and fertilizers are a byproduct of its natural gas production. He said Russia also exports potash, and if it withheld any supply, that could trigger higher food prices, as crop yields could drop.
Russian media reported the country would ban export of the fertilizer ammonium nitrate for the next two months, said John Kilduff of Again Capital. He noted it will soon be planting season in the Northern Hemisphere. ""Now they're using food as a weapon,"" he said.
Paul Christopher, Wells Fargo Investment Institute head of global market strategy, does not see a high probability of an invasion. If there is one, however, Christopher said the risk to Russia would be friction with its biggest trading partner. Putin has objected to the plan for Ukraine to join the North Atlantic Treaty Organization.
""If Putin does invade it's because he really wants a standoff with NATO, and markets could find themselves thinking about a new cold war. It's still going to be a big hole in the Russian economy. They need to sell stuff to the West,"" Christopher said.
Russia is one of the world's largest energy producing countries, exporting about 5 million barrels of oil a day. Russia also has provided Europe with about a third of its natural gas, and the US has long objected to Europe's reliance on Russia's energy resources for security reasons.
""A rising food price puts governments under pressure. Russia is a big player in the quality of life commodity market,"" RBC's Croft said. ""They already reduced [gas] flows out of Ukraine.""
Russian gas flows into Europe through a Nord Stream I pipeline but also pipelines going through Ukraine. Croft said if Ukraine were involved in a conventional war, energy flows would be halted and there would be concerns of infrastructure damage.
""But it's a broader question. Does Russia start talking about scaling back oil exports? There's a question about what is the ultimate game plan"" in the event their banks are sanctioned and they are locked out of financial transactions, Croft said.
Oil has been moving higher on the tensions but also on tight supply, which has been made even tighter as natural gas customers switch over to crude.
Natural gas prices in Europe this winter have skyrocketed. Natural gas was at $25 per million BTU in Europe on Wednesday, more than five times the US price. It has risen on a shortfall in supply and concerns that tensions will limit imports of Russian gas. However, earlier this winter the price was more than double.
Kilduff said there's been a change of tone in the European gas market this week, even as the tensions continue to flare. ""The siege mentality is rapidly easing,"" he said, noting Russia released more gas to Europe earlier today.
Since the fall, Russia has been sending less gas than normal to Europe. The continent began the winter with too little supply in storage. Then cold weather and other issues resulted in price spikes.
According to IHS Markit, efforts to bring more liquified natural gas to the region from the US seems to be making a difference.
Michael Stoppard, chief strategist for global gas at IHS Markit, said US liquified natural gas shipments to Europe set a record this January at about 250 million cubic meters a day, up 80% from last year. Stoppard said cargos were diverted from Asia and Brazil.
At the same time, he said that less has been coming from Russia into Europe, and Russian imports of gas are down about 45% in January.
""The amount that came through from Russian pipelines in January was about the same as that from US ships,"" said Stoppard. He said Qatar is also a large supplier, sending 55MMcm/day in LNG to Europe, and the Middle Eastern country has the capacity to increase that by about 35 MMcm/day.
""Europe is able to cope with a disruption of gas through the Ukraine corridor but LNG would be not able to cover for a full loss of Russian gas,"" Stoppard said. If Europe were to see supply cut this winter, it could draw on its storage to get through but not longer term.
""We wouldn't expect US sanctions to stop Russian gas. The bigger risk but also considered unlikely is whether Russia would stop selling gas as retaliation for sanctions in other areas,"" he added.
West Texas Intermediate crude futures were trading just under $88 a barrel Wednesday after OPEC+, which includes Russia, agreed to continue to increase production. But OPEC+ but did not raise it any more than the 400,000 barrels a day that were expected, despite requests from the US
Russian assets have felt the pinch of worries over Ukraine and a new stiffer round of sanctions on Moscow.
Barclays points out that Russia credit spreads have widened materially over the past few weeks, as the tensions have escalated.
""Russia credit tends to underperform broader markets as geopolitical tensions build up and around sanction announcements. However, at least from a sovereign credit perspective, periods of underperformance have often been followed by a relatively swift rebound,"" the Barclays analysts wrote in a note.
Russian ETFs have also been weaker. The iShares MSCI Russia ETF is down 7.7% year to date. It's also off 21.9% over the past three months.
But many are not convinced the standoff will result in war, and it has barely impacted US equities.
""Ukraine is a risk, but we don't think it's what's driving the markets primarily or even secondarily,"" said Wells Fargo Investment Institute's Christopher. ""Ukraine wasn't an issue until people started to get worried about the Fed and its abrupt policy reversal. I think that's the real issue. The confusion about the Fed. I think Ukraine is going to go away once people stop worrying about the Fed."" LONDON - The recent ratcheting up of tensions between Russia and Ukraine could spillover into the European economy, but may also present a buying opportunity, strategists have suggested.
The massive build-up of Russian troops and military hardware around the country's border with Ukraine has drawn ire from NATO and the West, though Moscow has repeatedly denied any intent to invade its neighbor.
In a press conference with UK Prime Minister Boris Johnson on Tuesday, Ukrainian President Volodymyr Zelenskyy warned that any conflict would extend beyond the two countries and become a ""full-scale war.""
In a research note Monday, Goldman Sachs chief European economist Sven Jari Stehn suggested an escalation could spill into the European economy in the form of lower trade with the region, tighter financial conditions and lower gas supply.
Goldman Sachs does not expect a significant impact on trade given that the euro area's export exposure to Russia and Ukraine is relatively small. Stehn also noted that ""while tighter financial conditions could, in principle, have notable effects on European growth, euro area financial conditions have not tightened meaningfully during past episodes of Russia-Ukraine tensions.""
""A reason for the limited financial spillovers is that the Euro area has weak cross-border banking exposure to Russia and Ukraine,"" he added.
However, the Wall Street giant believes that spillovers via the gas market are the most important possibility to watch.
""While the effect of higher wholesale gas prices on consumers would likely be mitigated by limited wholesale-to-retail passthrough and government support schemes, we find that reduced gas supply could cause significant (although temporary) production disruptions across Europe,"" Stehn said.
Russia is Europe's largest gas provider, typically supplying 30-40% of the continent's gas demand via its pipelines, but the euro area has recently begun shifting consumption away from Russian pipes toward liquified natural gas (LNG). Meanwhile, Russian gas flowing through Ukraine has reduced significantly in recent years, Goldman strategists highlighted.
""However, there is a potential risk that any escalation could result in sanctions on Russia's Nord Stream 2 (NS2) pipeline, which would potentially end up curtailing flows to Europe for an indefinite period, exacerbating the tightness in European gas markets that our commodity strategists expect through 2025,"" Stehn said.
""Taken together, our analysis therefore suggests that the growth risks from ongoing Russia-Ukraine tensions look manageable unless the tensions escalate and lead to sharply tighter financial conditions and/or energy supply cuts across Europe,"" Stehn said.
The constructive medium-term outlook, barring any sudden escalations, was echoed last week by strategists at Oxford Economics, who said that the balance of probabilities implies a ""buying opportunity"" for affected regional and global assets.
However, they noted that there would be significant effects on asset prices and volatility in the near term if Russia was to make a further incursion beyond Crimea and its western border.
In this worst-case scenario, Oxford Economics believes the Russian ruble would weaken significantly, testing its 2015 high against the US dollar of 83, while Russian stocks would also suffer.
""Euro zone equities would also see modest downside in this scenario as higher gas prices weigh on growth and squeeze profit margins. The Energy sector could provide relative shelter for investors wishing to hedge against this risk,"" the strategists added.
However, in the base case scenario that the situation is resolved through diplomatic means, Oxford Economics expects markets to gradually calm down, Nord Stream 2 to get the green light, and asset prices to bounce back given Russia's ""strong fundamentals.""
In the event of a limited incursion, possibly in the form of air raids to destroy military infrastructure, the firm expects the US to react with ""biting"" sanctions while the EU is consumed by internal divisions, and therefore deploys only mild sanctions such as a ban on electronic and semiconductor exports to Russia, or measures targeting Russian banks.
It would be this eventuality that sends the ruble to 83 against the dollar, at which point it could ""easily be on a trajectory to 100, especially if there is a decisive breach,"" the research note added.
In all three of these more moderate scenarios, the impact on stocks would likely be ""relatively benign,"" somewhat akin to the Crimean crisis in 2014, when Russian markets sold off in the short term, but a spillover to the euro zone was minimal and the bloc actually performed better than the global index for a six-month spell.",12.270648148148148,1
2022-02-04,14376,-0.0003477414229846,0.0,0.0019457963053708,1.0,1.0,4,1,US oil prices top $90 a barrel for the first time since 2014,"US oil crossed above $90 on Thursday for the first time since 2014 as demand for petroleum products surges while supply remains constrained.
West Texas Intermediate crude futures , the US oil benchmark, gained more than 2% to trade as high as $90.23 per barrel. The last time prices were above the $90 mark was October 2014. International benchmark Brent crude rose 1.7% to trade at $91. Brent topped $90 on Jan. 26.
Oil's had a blistering rally since falling to record lows in April 2020 - WTI briefly traded in negative territory - as demand has returned but producers have kept supply in check. Geopolitical tensions between Russia and Ukraine as well as in the Middle East have also sent jitters through the market.
WTI is up nearly 20% for the year, building on 2021's more than 50% gain. As oil prices push higher, a number of Wall Street analysts have forecasted $100 oil.
Oanda's Ed Moya added that part of Thursday's push higher is due to cold temperatures and a potential drop in production.
""The oil market is so tight that any shock to production is going to send prices soaring. OPEC+ production is on cruise control with their gradual increase strategy, which means oil seems like it's going to make a run towards $100 oil pretty soon,"" he said.
On Wednesday OPEC and its oil-producing allies, a group known as OPEC+, decided to stick to a previously announced schedule and increase March production by 400,000 barrels per day. The move comes as the group has faced pressure, including from the US, to boost output in an effort to alleviate the rapid appreciation in oil prices.
""The market remains bullish on oil prices, as it has since May 2020 when OPEC+ enacted mega cuts to its output bringing oil from negative territory to a quite reasonable jump away from $100 per barrel,"" said Louise Dickson, senior oil markets analyst at Rystad Energy.
""The prevailing expectation is that the market, despite some downward blips caused by pandemic demand scares, will continue to trade high on oil as real supply shortages exist both in the short and long-term view,"" she added.
Again Capital's John Kilduff said a drop in the dollar on Thursday contributed to oil's jump higher. When the dollar advances it makes oil more expensive for foreign buyers.
""Today's precipitous drop in the US dollar was the catalyst needed to stem the selling that emerged in the aftermath of the OPEC+ meeting and some recent weak economic data,"" he said.
Kilduff added that while the $100 mark ""appears inevitable,"" it ""won't be easy."" He noted that supply is returning to the market, and said that China's economic struggles could be another headwind.",14.027222222222225,1
2022-02-07,14404,0.0019457963053708,1.0,-0.0013199487831175,0.0,3.0,0,1,"Op-ed: Xi and Putin tout a 'redistribution of power in the world,' and they aren't shy about their ambitions","The two leading authoritarians of our time have declared unprecedented common cause, perhaps even a de facto security alliance, with aspirations of shaping a new world order to replace the one fashioned by the United States and its partners after World War II.
Chinese President Xi Jinping and Russian President Vladimir Putin wanted to make sure the world didn't miss the importance of their 38 th personal meeting in Beijing on Friday, just hours before the opening of the Winter Olympics and with more than 100,000 Russian troops threatening Ukrainian independence and sovereignty.
So, they publicly released the entirety of their audacious, 5,300-word joint statement in English this weekend, declaring that ""a trend has emerged towards redistribution of power in the world"" - namely toward them and away from the US and its democratic partners and allies.
There's a lot in the statement worth reading and digesting, but here's my rough executive summary: Russia and China are throwing in their lot in a gesture of cooperation that exceeds even Stalin's partnership with Mao, in each other's regions and around the world. For the first time, Beijing has joined Moscow in opposing NATO enlargement and embracing Putin's vision for a new European security order. Russia returned the favor by opposing the new Australia-US-UK security agreement, endorsing its One China Policy, embracing the Russia-India-China cooperation format, and blessing its Arctic role.
Russia and China aren't calling their partnership an alliance of the NATO variety, but they aren't shy about its ambitions.
Xi and Putin, read the statement , ""reaffirm that the new inter-State relations between Russia and China are superior to political and military alliance of the Cold War era. Friendship between the two States has no limits. There are no 'forbidden' areas of cooperation (emphasis added), strengthening of bilateral cooperation is neither aimed against third countries nor affected by the changing international environment and circumstantial changes in third countries.""
A Biden administration official sees a silver lining in that the statement doesn't mention Ukraine by name, perhaps showing China's discomfort with the prospect of invasion but, at the same time, Xi has said nothing to dissuade Putin's escalation.
In the statement , the two sides are redefining the very meaning of democracy to embrace their repressive systems that censor media, prohibit dissent, lock up political opponents and support like-minded authoritarian systems.
Ludicrous as this democracy embrace might sound, it's further evidence that China and Russia are trying to wrest the high moral ground from electoral democracies through Orwellian gobbledygook.
""The sides note,"" reads the statement , ""that Russia and China as world powers with rich cultural and historical heritage have long-standing traditions of democracy, which rely on thousand-years of experience of development, broad popular support and consider of the need and interests of citizens.""
Further, ""It is only up to the people of the country to decide whether their State is a democratic one."" Elsewhere, however, it warns ""that the advocacy of democracy and human rights must not be used to put pressure on other countries.""
The broad areas the agreement embraces are head-spinning.
The sides agreed to more closely link their economies through cooperation between China's Belt and Road Initiative and Putin's Eurasian Economic Union. They will work together to develop the Arctic. They'll deepen coordination in multilateral institutions and to battle climate change.
Back in June 2019, I wrote in this space, ""It's time to start worrying more about what could become the most profound geopolitical shift of the post-Cold War years. China's Xi Jinping and Russia's Vladimir Putin are deepening their two countries' strategic alignment even as long-time democratic allies across the Atlantic grow more distant.""
Perhaps the biggest mistake Western strategists have made since then has been to separate the Chinese and Russian challenges to the post-Cold War international order as distinct and only loosely related. The Biden administration even hoped to ""park"" the Russia issue as it dealt with the more pressing and long-term China challenge.
Yet for all the two countries' historic animosities and considerable remaining differences, perhaps never in their history have they been closer. Never since World War II have the leading authoritarians of their time been so strategically aligned or personally close - at a time when both have an eye on their historic legacies.
As Putin considers his own options regarding Ukraine, his relationship with China also could help him manage any potential new sanctions through deepened energy agreements and financial arrangements.
On Friday, China and Russia announced new oil and gas deals valued at an estimated $117.5 billion. Rosneft, Russia's largest oil producer, announced a new agreement to supply 100 million tons of crude through Kazakhstan to China's state company CNPC over the next 10 years, while Gazprom agreed it would ship China 10 billion cubic meters of gas a year through a new pipeline.
There's no denying the economic numbers: Last year trade between the two countries hit a record $147 billion , making China Russia's largest trading partner. Western intelligence sources consider the time of maximum danger for Ukraine to be after Feb. 20, the last day of the Olympics, which at the same time coincides with the end of the massive ""Allied Resolve"" military exercises in Belarus (that could mask invasion preparations). It also is a time when the Ukrainian ground and rivers remain sufficiently frozen to allow for heavy military equipment to move most effectively.
Whatever Putin chooses regarding Ukraine, however, this week's joint statement underscores a tectonic shift in global relations that will require far more creative, collaborative and long-term thinking among the US and its partners.
The growing closeness between Russia and China has increased both countries' advantages at a time when their leaders believe they have the momentum, that democracies have weakened, the US is politically divided, and where new technologies are empowering authoritarian leaders' ability to surveil and control their societies.
It's tempting to poke holes in the 5,300-word joint statement, noting its inconsistencies and its hypocrisy. What unites Russia and China remains mostly their opposition to the US They've cynically appropriated the concepts that define US foreign policy - democracy, human rights, and economic development - although their actions are ridiculously inconsistent with their rhetoric.
Without a more aggressive and consistent push-back among democracies, expect more Chinese-Russian push forward. It would be a profound mistake to see the Ukraine crisis in isolation at a time when Xi and Putin have provided its disturbing context.
- Frederick Kempe is the President and Chief Executive Officer of the Atlantic Council.",16.135,1
2022-02-08,14385,-0.0013199487831175,0.0,-0.0013216933509013,0.0,1.0,1,1,'Spider-Man: No Way Home' could have hit $2 billion at the global box office if it were released in China,"Since its release in December, ""Spider-Man: No Way Home"" continues to top box office expectations.
The film is the only Hollywood release since 2019 to top $1 billion at the global box office, and with $748.9 million at the domestic box office it is the fourth-highest grossing film of all time in the US and Canada, just behind ""Avatar,"" which has generated $760.5 million, according to Comscore data.
The feat comes as no other domestic release managed to surpass $250 million in ticket sales during their 2021 theatrical runs.
However, it is ""No Way Home's"" global box office haul that has experts buzzing. With $1.77 billion, the Sony - Disney co-production has become the sixth-highest grossing film of all time, just behind ""Titanic"" (1997), which stands at $1.84 billion. And it reached that figure without a China release.
The Chinese box office has been increasingly important for Hollywood films, especially those released under the Marvel Cinematic Universe banner. However, policy changes within the Chinese government, coupled with the accelerated growth of its own domestic box office, has led China to be more selective about which Western films are shown within the country.
The top four global releases, ""Avatar"" (2009), ""Avengers: Endgame"" (2019), ""Star Wars: The Force Awakens"" (2015) and ""Avengers: Infinity War"" (2018), all topped $2 billion worldwide and had significant contributions from the Chinese box office.
In fact, without ticket sales from China, ""The Force Awakens"" and ""Avengers: Infinity War"" would still be below $2 billion.
""Spider-Man's massive global success is one for the ages, but even it isn't without a few asterisks,"" said Shawn Robbins, chief analyst at BoxOffice.com. ""The lack of a release in China has no doubt resulted in at least several hundred million dollars left on the table.""
Since 2012′s ""The Avengers,"" China has been the second-highest grossing box office for all Marvel movies, just behind the US and Canada. Ticket sales in the region typically account for between 10% and 20% of these film's total grosses.
2017's ""Spider-Man: Homecoming"" generated around 13.3% of its total box office from China, about $117 million, and 2019's ""Spider-Man: Far From Home"" saw 18.25% of its global haul, or $204.9 million, from the region, according to Comscore data.
With ""Spider-Man: No Way Home"" bringing together generations of Spider-Man characters, it acts more like an Avengers-style team-up movie like ""Captain America: Civil War,"" ""Avengers: Infinity War"" or ""Avengers: Endgame,"" which means its total percentage could have been on the higher end of the spectrum, ranging from 18% to 22%.
Even a conservative 10% of total ticket sales would have given the latest Spider-Man film a $170 million boost. At 20%, ""Spider-Man: No Way Home"" would have generated around $340 million in sales from China, exceeding the $2 billion mark.
""The ultimate final tally certainly would be higher, perhaps over $2 billion, with China's contribution,"" said Paul Dergarabedian, senior media analyst at Comscore.
Over the weekend, ""No Way Home"" tallied another $25 million in ticket sales, but with diminishing returns in the coming weeks as well as a digital release of the film in the home market expected by the end of February, box office analysts do not expect the film to reach the $2 billion milestone.
After all, markets in which the film was not released have likely taken to pirating the film online and will have little incentive to see it in theaters once a higher-quality digital copy is made available.
""Many argue that 'Spider-Man: No Way Home's' global success shows that Hollywood doesn't have to rely on the China market,"" said Jun Fang, a visiting assistant professor of sociology at Colby College. ""This is naive and out of touch because not all Hollywood movies can be as successful as Spider-Man, and not all studios can afford to lose the Chinese film market entirely as Disney did with its Marvel movies in 2021.""
Since 2019's ""Spider-Man: Far From Home,"" no Marvel movie has been released in China.
Disney's first MCU release during the pandemic, ""Black Widow,"" coincided with a blackout period in China. In July, the country leaves theaters open for local productions and boxes out foreign films.
This year, the scheduling for non-Chinese films was further impacted by the 100th anniversary of the ruling Communist Party's founding. The occasion has resulted in a months-long period of censorship across all media. However, Marvel's ""Shang-Chi and the Legend of the Ten Rings"" and ""Eternals"" were shutout of the country for other reasons.
China has strict rules on content and suppresses anything that it believes violates its core socialist values or detracts from its nationalistic image. The country recently expanded its crackdown on its own entertainment industry, telling broadcasters to ban artists with ""incorrect political positions"" and effeminate styles from shows in an attempt to cultivate a more ""patriotic atmosphere.""
For ""Shang-Chi,"" it's the source material on which the film is based that likely led to the film not being allowed to play in Chinese theaters. The original comics have been considered racist and filled with reductive stereotypes. While Marvel head Kevin Feige went out of his way to quell any concerns about portrayals in the upcoming film , it wasn't enough to get it a release date in the country.
Marvel's ""Eternals,"" on the other hand, was rebuffed because of director Chloe Zhao, who became a persona non grata in China after past remarks she made about the country surfaced online. The backlash led to her name and her achievements being wiped from much of the Chinese web.
""These all happened in the broad context of China's domestic political events and growing nationalism, and the US-China geopolitical tensions, on top of the ongoing pandemic,"" Fang said. ""In short, the ban on Marvel movies was the consequence of a series of organizational, political, and ideological mishaps that fueled one another.""
In recent years, Hollywood's access to the Chinese market has deteriorated significantly. In addition to quotas on how many Western films can be admitted into China's theaters, the country has established barriers to entry that can censor films entirely or limit how long before a release a film can be marketed.
China's already tight restrictions were further exacerbated in 2018 when the regulation of the country's film and television industry was moved to be under the control of the Communist Party's propaganda department, a decision that gave the party further control of China's media and entertainment.
Tensions between Washington and Beijing soared to new heights under the Trump administration, triggered, in part, by a slew of trade restrictions and economic sanctions. President Joe Biden has largely kept his predecessor's policies toward China and recently called for a ""diplomatic boycott"" of the Beijing Winter Olympics , citing ongoing human rights abuses in Xinjiang.
""The government can't just cut off Hollywood entirely because audiences still want to watch the movies,"" Fang said. ""The party has to balance between what it wants and what the audience wants.""
China's box office was bolstered in 2021 by a string of domestic ""main melody"" films like the Korean War epic ""The Battle of Lake Changjin,"" which tallied around $900 million in sales during its run in theaters, which makes it the highest-grossing film of all time in China.
Main melody films are propagandistic stories that celebrate the glory of China and its leaders. Since 2018, these films have become more successful. In 2021, the genre accounted for four out of the top 10 films released in China.
""As Hollywood is losing its foot in China, US studios need to figure out how to make movies that will resonate with Chinese audiences if they still hope to reap benefits from the China market,"" Fang said.",11.46111111111111,1
2022-02-09,14366,-0.0013216933509013,0.0,-0.0015325673497781,0.0,1.0,2,0,,,0.0,0
2022-02-10,14344,-0.0015325673497781,0.0,0.001045187009408,1.0,1.0,3,0,,,0.0,0
2022-02-11,14359,0.001045187009408,1.0,-0.0014635678815593,0.0,1.0,4,1,Europe wants to become a leader in chips. But it's going to need help,"European Union lawmakers have laid out ambitious plans to significantly ramp up production of semiconductors in the bloc and become a global leader in the industry.
To do that, it will need some of the key players from Asia and the US to invest heavily in the continent, given the EU's lack of technology in critical areas like manufacturing, analysts said.
On Tuesday, the European Commission, the executive arm of the EU, launched the European Chips Act - a multi-billion euro attempt to secure its supply chains, avert shortages of semiconductors in the future, and promote investment into the industry. It still requires approval from EU lawmakers to pass.
Chips are critical for products from refrigerators to cars and smartphones, but a global crunch has impacted industries across the board causing production standstills and shortages of products .
Semiconductors have become a national security issue for the US, and has even become a point of geopolitical tension between the US and China . That clash over semiconductors has led to sanctions on China's biggest chipmaker SMIC and the world's second-largest economy doubling down on efforts to boost self-sufficiency.
The EU is now trying to mitigate some of those risks with its latest proposal.
""Faced with growing geopolitical tensions, fast growth in demand, and the possibility of further disruptions in the supply chain, Europe must use its strengths and put in place effective mechanisms to establish greater leadership positions and ensure security of supply within the global industrial chain,"" the European Commission said.
The EU Chips Act looks to plough 43 billion euros ($49 billion) of investment into the semiconductor industry and help the bloc to become an ""industrial leader"" in the future.
Specifically, the EU wants to boost its market share of chip production to 20% by 2030, from 9% currently, and produce the ""most sophisticated and energy-efficient semiconductors in Europe.""
Part of its plan involves reducing ""excessive dependencies,"" though the EU notes the need for partnerships with ""like-minded partners.""
As it looks to become more self-sufficient, the EU will still rely heavily on the US and in particular, Asia. That's because of the quirks of the semiconductor supply chain and the changing nature of the industry.
Over the last 15 years or so, companies have begun shifting to a fabless model - where they design chips but outsource the manufacturing to a foundry.
In the actual manufacturing of chips, Asian companies now dominate , led by Taiwan's TSMC which has about a 50% market share in terms of foundry revenue. South Korea's Samsung is the next biggest, followed by Taiwan's UMC .
US firm Intel , which was once a key player, has fallen behind in recent years. However, it is now focusing on the foundry business and plans to make chips for other players. But its technology still remains behind the likes of TSMC and Samsung which can make the most cutting-edge chips that go into the latest smartphones, for example. Intel said last year it plans to spend $20 billion on two new chip plants in Arizona, in a bid to catch up.
The EU, however, has no companies that can manufacture the latest chips.
""The primary area the EU will need to partner is in bleeding edge wafer manufacturing. EU players today are stuck at 22nm and it's unrealistic to think that local EU players can catch up from 22nm (nanometers) to 2nm,"" Peter Hanbury, a semiconductor analyst at research firm Bain, told CNBC.
The nanometer number indicates the size of the transistors on the chip. A small number means a higher number of transistors can fit, leading to potentially more powerful chips. The chip in Apple's latest iPhone, for example, is 5nm. These are considered the leading-edge chips.
EU companies may also rely on semiconductor design tools from the US
Boosting chip production to 20% market share is an ""an extremely tall order"" for the EU, according to Geoff Blaber, CEO of CCS Insights. ""The focus on manufacturing is the biggest challenge there,"" Blaber told CNBC.
As countries and regions around the world look to secure their semiconductor supplies, there is growing competition to secure talent and convince companies to invest.
As part of a $2 trillion economic stimulus package, US President Joe Biden earmarked $50 billion for semiconductor manufacturing and research . A bill known as the CHIPS for America Act is also working its way through the legislative process.
Countries like Japan, South Korea and China are all boosting investment into semiconductors too.
""The primary challenge will be in attracting new players to the EU. Specifically, the EU must become a more attractive location than other geographies,"" Hanbury said.
The EU has been trying to woo leading-edge chip manufacturers. Intel is planning to build a new chip fab in Europe, although a specific site has not yet been chosen. TSMC is in the early stages of assessing its own production facility in Europe.
""The EU (or any geography) doesn't need to outspend the semiconductor players but rather to influence their spend to occur in their geography,"" Hanbury said.
Even though European firms are behind in the latest manufacturing technology, the EU still has some key players in the semiconductor industry.
One of the most important is ASML , a Dutch firm that makes a machine used by the likes of TSMC , and is used to make the most cutting-edge chips. Apple suppliers STMicro and NXP are also both based in Europe.
""[The] EU has several key assets in the industry,"" Hanbury said.
The EU's focus could be on securing chip supply for sectors where European firms have a large presence such as the automotive industry. Semiconductors that go into cars are often less advanced and don't require the latest manufacturing technology.
""Think about some of those sectors where we're going to see the demand for the technology in the coming years and automotive is one big opportunity in Europe and I think that's something I'd expect the EU to be focusing on,"" Blaber said.",7.648333333333333,1
2022-02-14,14338,-0.0014635678815593,0.0,-0.0032134152695171,0.0,3.0,0,1,China's biggest chipmaker SMIC posts record revenue despite US sanctions,"China's largest chipmaker Semiconductor Manufacturing International Corporation reported record revenue and a surge in profit last year amid a global chip shortage but strong demand.
SMIC recorded 2021 revenue of $5.44 billion up 39% year-on-year, the fastest growth rate since 2010. Profit came in at $1.7 billion marking a 138% year-on-year rise.
That record performance came despite SMIC being put on a US trade blacklist called the Entity List in 2020 .
""The global shortage of chips and the strong demand for local and indigenous manufacturing brought the Company a rare opportunity, while the restrictions of the 'Entity List' set many obstacles to the Company's development,"" SMIC said in a statement.
SMIC is China's largest foundry which is a company that manufacturers chips that other firms design. It's a competitor to the likes of Taiwan's TSMC and South Korea's Samsung but SMIC's technology is several generations behind .
As geopolitical tensions between China and the US have ratcheted up in the last few years so has their battle to dominate key technologies. Semiconductors is one of those areas. China is significantly behind the US in the chip industry but SMIC is seen as key to its ambitions to boost self-sufficiency in the sector and wean itself off foreign technology.
JPMorgan picks China stocks to buy now. Alibaba's not on the list
Portfolio manager explains why he has the 'most conviction' in this China tech stock
China's version of Spotify is 'underappreciated,' Morgan Stanley says
Goldman Sachs loves this sub-sector in China - and names 3 stocks to buy
The blacklisting however cuts SMIC off from key American technology required to make the most advanced chips.
But SMIC can manufacture some of the less-advanced chips that go into cars, for example. Those have been in short supply globally. Last year, China Renaissance forecast that SMIC would be a beneficiary of the chip shortage . That has played out.
SMIC is also continuing to invest heavily and the company said that it plans to spend $5 billion in capital as it tries to get three new plants off the ground in Beijing, Shanghai and the southern Chinese city of Shenzhen.
The company said that it will add more production capacity in 2022, than it did in 2021.",67.31777777777778,1
2022-02-15,14292,-0.0032134152695171,0.0,-0.0009800490808945,0.0,1.0,1,0,,,0.0,0
2022-02-16,14278,-0.0009800490808945,0.0,0.0016095738105295,1.0,1.0,2,0,,,0.0,0
2022-02-17,14301,0.0016095738105295,1.0,0.0026536328421039,1.0,1.0,3,2,Dow drops more than 600 points in worst decline of 2022 as Russia-Ukraine tensions worry investors South Korean trade minister says Russia-Ukraine crisis could disrupt supply chains,"Stocks slumped Thursday amid heightened tensions between Russia and Ukraine with confused investors dumping risky assets and rotating into bonds. The Dow Jones Industrial Average posted its worst daily performance of the year on a points and percentage basis.
The blue-chip average shed about 622.24 points, or 1.8%, to 34,312.03, steadily declining throughout the trading day. The S&P 500 dipped 2.1% to 4.380.26. The Nasdaq Composite fell 2.9% to 13,716.72.
""In the short term, the market is just moving to the indications that it's seeing out of Russia,"" Yung-Yu Ma, chief investment strategist at BMO Wealth Management, said. ""That negativity and that additional cloud over the market definitely has a lot of weight right now.""
Stocks tanked last Friday after US National Security Advisor Jake Sullivan warned Russia could invade Ukraine ""any day now."" But then earlier this week, stocks recovered after tensions apparently cooled with the Russian Ministry of Defense said it was beginning to pull back troops from the Ukraine border.
On Thursday, the fear returned to markets. President Joe Biden on Thursday warned that the threat of Russia invading Ukraine is ""very high,"" telling reporters that an attack could come within ""the next several days.""
The US Ambassador to the United Nations said the conflict had reached a ""crucial moment"" and that Russia is moving toward ""an imminent invasion."" Ukraine accused pro-Russian separatists of attacking a village near the border.
The VanEck Russia exchange-traded fund, which tracks shares of companies tied to the country, fell around 5% on Thursday.
The sell-off in stocks was broad-based, with technology leading S&P 500 sectors lower Thursday.
Consumer staples - known as defensive stocks that tend to be stable regardless of how the overall market performs - were the top-performing sector, rising nearly 1%.
Walmart led the consumer staples sector after a quarterly report that topped expectations and reaffirmed guidance. The big-box retailer's shares rose 4%.
Meanwhile, market participants bid up safe-haven assets. Gold futures rose more than 1%, and the benchmark US 10-year Treasury yield, which moves inversely to price, fell below 2% as bond prices gained.
Stocks at risk of bearish 'head-and-shoulder' pattern, Bank of America chart analyst says
Bill Miller is betting big on rising bond yields just as the Fed set to tighten policy
Cathie Wood's Ark Invest scoops up more than $20 million of Roblox during massive sell-off
Investors also digested a slew of corporate earnings reports.
""Not only is the market trying to navigate the geopolitical tensions between Russia and Ukraine, it's also trying to navigate an earnings minefield,"" Adam Sarhan, CEO of 50 Park Investments, said.
Palantir sunk 15.8% after the company missed profit expectations. Nvidia fell 7.5% despite a better-than-expected earnings report as the chip maker's first-quarter gross margin guidance came in slightly lower than analysts expected.
Cisco rose 2.7% after the company also topped estimates and raised guidance. DoorDash saw its shares jump 10.7% after reporting better-than-expected revenue and order numbers.
On the economic front, weekly jobless claims numbers came in at 248,000, rising from the previous week and above the 218,000 expected, according to a Dow Jones estimate. Housing permits for January showed a surprise increase, but housing starts lagged expectations.
For the week, all three major averages are in negative territory. South Korea is monitoring the Russia-Ukraine crisis closely to assess its impact on energy prices, or possible disruptions to supply chains, its trade minister told CNBC.
""I think first, we are closely monitoring a spike in the energy prices,"" Yeo Han-koo said, adding that as much as 92% of South Korea's needs are being met by energy imports.
""Some of these supply chains in [the] manufacturing sector could be also exposed to these potential geopolitical risks,"" he told CNBC's Chery Kang . ""So we are taking all these policy measures to meet this potential risk.""
Tensions between Russia and Ukraine have spiked in recent months as Russia built up troops along its border with Ukraine.
A senior Biden administration official said Wednesday that many as 7,000 troops have joined the 150,000 already near the border in recent days. That's despite claims by the Russian government a day earlier, that the Kremlin was starting a partial drawdown of its troops along the Ukrainian border, and returning them to their base.
The military tensions have sparked concerns that Russia may be preparing to invade the country, and set off fears of a repeat of the Kremlin's illegal annexation and occupation of Crimea in 2014. Moscow has repeatedly denied those allegations.
Gas as well as oil prices have shot up on the back of those tensions, but were trading lower on Thursday.
The trade minister told CNBC that his country is already taking steps to manage its supply chain risk.
Some of South Korea's key exports include autos, chips, and other electronics.
Yeo said the government is trying to work out which critical raw materials could be vulnerable.
""We are trying to identify all these critical raw materials which could disrupt our supply chain and then for example, if we depend on one or two countries [for] too much of this critical raw material, that could be also vulnerable,"" he said.
South Korea is also trying to develop an ""early warning system"" which flags risks to some of these key materials. ""If there's some sort of signs or red flags in the supply chain, [we could] in advance respond to that potential risk right away,"" he added.
If necessary, he said, a stockpiling system or some sort of swap system could be developed with other countries, Yeo said.
As the global chip shortage drags on, Yeo called for international cooperation to resolve the problem.
South Korea's tech giant Samsung, together with Taiwan's TSMC , currently dominate the world's chip production.
""Korean companies play a very important role in this semiconductor supply chain,"" Yeo said. ""We believe that no one country can own the whole supply chain in semiconductor or any other industry.""
An ongoing supply crunch for chips has hurt production across a number of industries - ranging from cars to consumer appliances, personal computers and smartphones, which require semiconductors to run.
""It is very important to maintain really close international cooperation in managing this critical supply chain of semiconductors, batteries or electric vehicles,"" Yeo said, on the chip shortage. He added that South Korea is developing a ""network of partnership"" in the semiconductor and other critical industrial supply chains.
- Correction: This story has been updated to accurately reflect that Y eo Han-koo is South Korea's trade minister. Due to an editing error, an earlier version misstated his title.",5.665,1
2022-02-18,14339,0.0026536328421039,1.0,-0.0006976419984363,0.0,1.0,4,1,Wall Street analysts share hedging tactics as Russia-Ukraine tensions mount,"It's been a volatile week for global markets, with the Dow Jones Industrial Average suffering its worst day of the year Thursday, as investors continued to be on edge about the ongoing tensions between Russia and Ukraine.
Addressing the United Nations Security Council on Thursday, US Secretary of State Antony Blinken made an urgent appeal against a Russian invasion, after Western leaders rubbished the Kremlin's claims of a drawback of troops and Ukraine accused pro-Russian separatists of shelling a civilian village.
Some selling pressure looked to be easing on Friday morning , on hopes that a meeting between Blinken and Russian Foreign Minister Sergey Lavrov next week may yield a diplomatic solution to the standoff.
But there remains a lot at stake, with Western leaders and NATO cautioning against taking Moscow at its word and President Joe Biden warning that Russia could be involved in a ""false flag"" operation .
Assets across the spectrum have been affected by the geopolitical tensions, including oil and natural gas, wheat, the Russian ruble and safe havens such as gold , government bonds , the Japanese yen and the Swiss franc.
Philipp Lisibach, chief global strategist at Credit Suisse, told CNBC earlier this week that any confirmed de-escalation would give a boost to risk assets after a period of uncertainty and volatility.
""If we have, let's say, a resolution in terms of the geopolitical issues that we currently face, I would imagine that the global economy takes a breather, risky elements of the market can certainly recover, the cyclicality and the value trade should probably do well, and European equities particularly that have come under pressure, we assume that they can continue to outperform, so we would certainly look into that angle specifically,"" Lisibach said.
Given the vast array of possible outcomes to the current standoff, investors have been reluctant to set forth a base case scenario, opting instead for careful portfolio hedging to mitigate the potential downside risks of a Russian invasion, while capturing some of the upside in the event of a de-escalation.
""We would rarely look to position for material geopolitical risk, as it's so opaque. That said, we do have some general geopolitical hedges in the portfolio, principally gold and, depending on the source of the risk, some oil exposure, as well as, of course, some government bonds, though with reduced duration,"" said Anthony Rayner, multi-asset manager at Premier Miton Investors.
Bhanu Baweja, chief strategist at UBS Investment Bank, argued earlier this week that outside of energy and Russian assets, markets had actually not priced in a great deal of risk.
""We have seen equities come off a little bit, but if you look at consumer durables - because that is the one sector or subsector that would definitely be impacted through weaker growth and higher inflation - in Europe that sector is doing much better than it is in the US"" he said.
Baweja added that US high yield debt is also underperforming that of Europe, while the euro has remained relatively steady.
Markets are tracking the ""playbook from 2014,"" Baweja suggested, when Russia first invaded Crimea and the subsequent levying of sanctions against Russia through the summer.
""Through that period what really happened was some parts of CEE FX got impacted, oil rose a little bit in the first iteration, came down in the second one, so not a lot happened in stocks, so really it became quite a local event,"" Baweja told CNBC on Tuesday.
""This time it seems much more serious, but I don't think investors want to completely upend their way of thinking and probably want to look for hedges, rather than completely changing their core portfolio.""
In terms of hedging, Baweja suggested that with equity and bond volatility already high due to central bank speculation, investors should look to foreign exchange markets, where volatility is still relatively low.
""Similar to 2014, I would be looking at CEE (Central and Eastern Europe) FX, places like dollar-Pole (zloty) or dollar-Czech (koruna), for hedges,"" he said.
""Russian assets themselves have moved a lot so they along with energy are pricing a lot of risk, which also means if the situation becomes better, then you really shouldn't see global equities seeing massive relief from that, you should see Russian assets going up and energy coming down.""
If the situation escalates, Baweja suggested hedging through FX rather than buying defensive stocks or favoring US assets over Europe.
""If we have to do it within equities, we think DAX and European banks are probably the best hedges,"" he added.
While equity markets in Russia and around the world continue to look sensitive to geopolitical developments, the ruble has remained relatively robust around the 75 mark against the dollar, despite some volatility.
Luis Costa, head of CEEMEA FX and rates strategy at Citi, told CNBC on Thursday that flows into the ruble are likely to render it the most resilient Russian asset class, with high energy and gas prices pointing to strong current account surpluses in Russia.
""And let's not forget Russia used to buy FX, they used to buy dollars as a derivative on the fiscal law, and they stopped the purchase of dollars about a month ago in order to support the currency,"" Costa said.
""This is making natural flows in Ruble even more positive for the currency, so we think that - in the whole asset array of Ruble risk, of Russia risk, credit, rates, bonds and FX - FX will continue to be the most resilient part of the puzzle here.""",0.4052777777777778,1
2022-02-21,14329,-0.0006976419984363,0.0,0.0023003739536599,1.0,3.0,0,0,,,0.0,0
2022-02-22,14362,0.0023003739536599,1.0,-0.0004875161150985,0.0,1.0,1,0,,,0.0,0
2022-02-23,14355,-0.0004875161150985,0.0,0.0011139735190824,1.0,1.0,2,2,"Germany halts approval of gas pipeline Nord Stream 2 after Russia's actions How a Russian invasion of Ukraine, the 'breadbasket of Europe,' could hit supply chains","Germany on Tuesday halted the certification of the Nord Stream 2 gas pipeline designed to bring natural gas from Russia directly to Europe, after Russian President Vladimir Putin recognized breakaway parts of eastern Ukraine and ordered troops into the region .
Germany's chancellor, Olaf Scholz, said that his country would not accept the recognition of the two self-proclaimed, pro-Russian separatist regions in the Donbas area of eastern Ukraine, and that Germany had to reassess the situation regarding Nord Stream 2.
""In light of the most recent developments we must reassess the situation in particular regarding Nord Stream 2,"" Scholz said at a news conference.
Scholz said he'd asked the German Economy Ministry to take steps ""to make sure that this pipeline cannot be certified at this point in time, and without this certification Nord Stream 2 cannot operate.""
""The appropriate departments of the Economy Ministry will make a new assessment of the security of our supply in light of what has changed in last few days,"" he added.
Germany has been accused of failing to act decisively over the Russian threat to Ukraine but on Tuesday Scholz said Europe faced ""difficult hours"" ahead and added that ""almost 80 years after the end of the Second World War, we might see a new war in Eastern Europe. It is our task to avert such a disaster and I call upon Russia once more to contribute their share.""
The $11 billion pipeline is designed to double the amount of gas flowing from Russia to Germany and it was completed late last year. But German regulators had yet to give the green light to the pipeline to officially allow it to operate.
In the course of a dramatic few hours on Monday evening, Putin said Russia would recognize the independence of the two self-proclaimed and pro-Russian republics, and then said he would send Russian troops to the region on a ""peacekeeping"" mission.
Many fear that the deployment of troops into the so-called Donetsk People's Republic and Luhansk People's Republic is a precursor to a full-scale invasion of Ukraine.
Germany has been put in a difficult position over the Nord Stream 2 gas pipeline, with many officials in the US wanting to see the project scrapped or heavily sanctioned. Some countries in Europe, particularly Poland and Ukraine, are vocal opponents of the pipeline and fear Russia gaining more dominance over Europe's energy sector.
If Nord Stream 2 did go ahead, Ukraine would lose millions of dollars' worth of gas transit fees that it earns from Russia's existing pipelines in its own territory. The US would also like to increase its liquefied natural gas exports to Europe. As it stands, the EU imports around 40% of its gas from Russia.
Germany has insisted that the Nord Stream 2 gas pipeline is a commercial project, but it has inevitably been drawn into geopolitical tensions between Russia and the West that have grown since Moscow amassed more than 100,000 troops along its border with Ukraine.
These energy investments spin out attractive income, even as oil prices have fallen
'Too cheap to ignore': Bernstein predicts huge upside for these 3 clean energy stocks
Outperforming fund manager shares tips on investing sustainably - and generating big return
While the Kremlin has repeatedly insisted it has no plans to invade Ukraine, its latest actions recognizing the breakaway, so-called republics and sending troops and tanks there - deployments which have already begun, according to one UK minister - has increased fears that a full-scale invasion could come next.
Ukraine has pivoted toward Europe in recent years, expressing a desire to join the EU and NATO, while Russia has sought to contain and maintain its influence over former Soviet states, like Ukraine and Belarus, leading to a combustive geopolitical situation. Oil and gas prices are set to spike further as the Russia-Ukraine crisis escalates, but the impact on energy won't be the only ramification.
From wheat to barley, and copper to nickel, analysts tell CNBC that supply chains are set to be disrupted as the crisis takes a turn for the worse.
Ukraine is considered the ""breadbasket of Europe,"" and an invasion would result in the food supply chain getting ""hit hard,"" said Alan Holland, CEO and founder at sourcing technology company Keelvar.
Russia and Ukraine are also big suppliers of metals and other commodities, analysts said.
Tensions between Russia and Ukraine reached fever pitch in the past few days as President Vladimir Putin ordered the Kremlin's forces into two pro-Russian separatist regions in eastern Ukraine. It came after he said Russia would formally recognize the independence of Donetsk and Luhansk.
US President Joe Biden on Tuesday described Russia's actions as the beginning ""an invasion"" of Ukraine.
Here's what's at risk if a military conflict takes place or crippling sanctions are imposed.
Ukraine produces wheat, barley and rye that much of Europe relies on, analysts said. It's also a big producer of corn.
""Even though harvesting season is still a few months away, a prolonged conflict would create bread shortages [and increase consumer prices] this fall,"" said Holland.
In fact, it's not just the European Union that will be hit - many nations in the Middle East and Africa also rely on Ukranian wheat and corn, and disruptions to that supply could affect food security in those regions, said Dawn Tiura, president at Sourcing Industry Group.
""China is also a big recipient of Ukrainian corn - in fact, Ukraine replaced the US as China's top corn supplier in 2021,"" she said.
Wheat and corn prices were already soaring. Wheat futures traded in Chicago have jumped about 12% since the start of this year, while corn futures spiked 14.5% in the same period.
Food inflation has been rising, and could worsen if an armed conflict erupts.
""Rising food prices would only be exacerbated with additional price shocks, especially if core agricultural areas in Ukraine are seized by Russian loyalists,"" said Per Hong, senior partner at consulting firm Kearney.
He pointed out that Russia is also the world's top wheat exporter. Together with Ukraine, both account for roughly 29% of the global wheat export market.
Further, any disruptions to the natural gas supply will in turn affect the production of energy-intensive products such as fertilizers - and that's bound to hit agriculture further, said Holland. Fertilizers were already in short supply last year , leading to soaring prices.
Russia was the largest supplier of natural gas and oil to the European Union last year.
Ukraine has steadily increased its exports over the years, and is now a ""huge provider"" of raw materials, chemical products and even machinery like transportation equipment, according to Tiura.
It's also a major supplier of minerals and other commodities, analysts said.
""Ukraine's currency began declining in value since Russian troops started gathering at the border. This will increase the cost of their exports,"" Tiura added.
Russia also controls about 10% of global copper reserves, and is a major producer of nickel and platinum, according to Hong.
Nickel is a key raw material used in electric vehicle batteries, and copper - widely seen as an economic bellwether - is extensively used in electronics manufacturing and construction of homes.
""The US chip industry heavily relies on Ukrainian-sourced neon and Russia also exports a number of elements critical to the manufacturing of semiconductors, jet engines, automobiles and medicine,"" Hong said.
While most of the European Union would be affected by the escalating crisis, Germany would be especially hard-hit.
Germany derives most of its energy needs for manufacturing and electricity from the natural gas it gets from Russia, said Atul Vashistha, chairman and CEO of supply chain risk intelligence firm Supply Wisdom.
""If tensions continue to rise and we see an increase in disruptions due to a potential war or sanctions, it will hold back manufacturing production in Germany. Factories would need to curtail production which would cascade to manufacturing in other countries,"" he told CNBC in an email.
Top exports from Germany include autos and auto parts, other transport equipment, electronics, metals and plastics.",12.650277777777776,1
2022-02-24,14371,0.0011139735190824,1.0,-0.0001391788450402,0.0,1.0,3,1,The case for bitcoin as 'digital gold' is falling apart,"A key investment case for bitcoin is deteriorating as geopolitical uncertainty and rising inflation hammer cryptocurrency prices.
The price of bitcoin fell to a two-week low Tuesday after Russian President Vladimir Putin ordered troops into Donetsk and Luhansk, two breakaway regions in eastern Ukraine, shortly after declaring them as independent.
Bitcoin is often referred to as ""digital gold"" by its backers. The term refers to the idea that bitcoin can provide a store of value similar to gold - one that's uncorrelated with other financial markets, like stocks.
Bitcoin bulls also see the cryptocurrency as a ""safe haven"" asset that can serve as a hedge against global economic uncertainty and increasing prices, which reduce the purchasing power of sovereign currencies like the US dollar .
With inflation at historic highs, you'd expect this would be bitcoin's time to shine - US consumer prices last month rose the most since February 1982 , according to Labor Department figures.
Instead, the cryptocurrency has lost almost half of its value since reaching an all-time high of nearly $69,000 in November. That's led analysts to question whether its status as a form of ""digital gold"" still rings true.
""Bitcoin is still early in its maturity curve to be firmly placed in the category of 'digital gold,'"" Vijay Ayyar, vice president of corporate development and international at crypto exchange Luno, told CNBC.
The latest declines for bitcoin came in tandem with a rout in global stocks, with the S&P 500 closing out Tuesday's session in correction territory . Bitcoin's price has increasingly been tracking moves in the stock market, with correlation between bitcoin and the S&P 500 steadily rising.
Experts say cryptocurrencies have become more closely linked to other speculative parts of the market such as tech stocks, which are falling due to fears that lofty valuations may come down as the Federal Reserve and other central banks begin to hike interest rates and wind down their huge stimulus packages.
""The correlation between crypto and stocks has been high over the last few months on both inflation-related macro news and the Russia-Ukraine geopolitical situation,"" Chris Dick, a quantitative trader at crypto market maker B2C2, told CNBC.
""This correlation shows that bitcoin is firmly behaving like a risk asset at the moment - not the safe haven it was touted to be a few years ago.""
In fact, gold has actually been outperforming bitcoin lately. Spot rates for the precious metal reached their highest levels since June 1 on Tuesday, climbing as high as $1,913.89 per troy ounce.
""Bitcoin, the asset purported to be the answer to every question, has quietly weakened and is notably underperforming its arch enemy, gold,"" John Roque, head of technical strategy at 22V Research, said in a research note Monday.
""We're looking for Bitcoin to get back to 30,000 and then break below there and we continue to expect gold will make a new all-time high.""
Bitcoin's slump has resulted in increased talk about a prolonged bear market known as "" crypto winter ."" The last such occurrence of this took place during late 2017 and early 2018, when bitcoin plunged as much as 80% from then-record highs of close to $20,000.
Not all analysts are convinced the latest downturn in digital currency prices is indicative of a crypto winter, though, with many saying market conditions have changed. There are now plenty of institutions holding bitcoin which, according to experts, is one reason for why it's become more closely correlated with stocks.
""The adoption of cryptocurrencies by investors from traditional asset classes is the driving force behind bitcoin's correlation with equities,"" B2C2's Dick said. However, he added: ""This relationship has the potential to be broken at any time given the different fundamentals for each market.""
To compete more effectively with gold as a store of value, bitcoin needs to achieve more widespread adoption, according to Luno's Ayyar.
""The fundamentals have always made sense - limited supply currency not affiliated with any nation state,"" he said.
""But bitcoin needs to undergo its due process of monetization, where it's held by a large enough pool of participants - more retail flow, larger institutions adding bitcoin to their balance sheets, [and] potentially more nation states after El Salvador buying Bitcoin.""",19.756666666666668,1
2022-02-25,14369,-0.0001391788450402,0.0,-0.0013231660414394,0.0,1.0,4,3,"Gas is key in the Russia-Ukraine conflict - and supply could be disrupted around the world 'Putin is redrawing an iron curtain' across Europe, veteran Russian analyst says Coinbase posts big revenue beat but expects trading volume to fall in the first quarter","Russian forces on Thursday launched their long-feared attack on Ukraine , sending shockwaves through financial markets and ratcheting up fears about the ramifications for gas supplies around the world.
Russian President Vladimir Putin cast aside international condemnation and the first tranche of sanctions by declaring the beginning of a ""special military operation"" aimed at the ""demilitarization"" of Ukraine.
Russian forces have reportedly fired missiles at military control centers in Kyiv and sirens were heard throughout the capital. NBC News reporters on the ground also saw and heard explosions in Kyiv and in other cities across the country.
The crisis in Ukraine is changing rapidly and specific reports from the country are difficult to confirm.
Ukrainian Foreign Minister Dmytro Kuleba said via Twitter on Thursday that Putin had ""launched a full-scale invasion,"" of the country, which he described as ""a war of aggression."" Kuleba called on world leaders to stop the Russian president. ""The time to act is now,"" he said.
European gas prices jumped on news of the invasion, while international benchmark Brent crude futures surpassed $100 a barrel for the first time since 2014.
""While Western governments probably will exempt energy transactions from sanctions, the blizzard of new restrictions will force many traders to be exceedingly cautious in handling Russian barrels,"" analysts at political risk consultancy Eurasia Group said.
""Gas transiting Ukraine will likely be disrupted, affecting supplies to several central and eastern European countries, and raising gas prices in Europe,"" they added.
The US, Canada, Britain, the European Union, Australia and Japan were among the countries to announce the first wave of sanctions against Russia earlier this week, targeting banks and wealthy individuals. A second barrage of measures is widely expected shortly.
Germany also halted a highly contentious gas pipeline project known as Nord Stream 2 , prompting a broader rethink about the region's deep dependency on Russian gas.
Russia's invasion of Ukraine represents one of the worst security crises in Europe in decades. It is also expected to have far-reaching implications for the global economy, particularly given Russia's role as the world's second-largest producer of natural gas and one of the world's largest oil-producing nations.
For several months, Russia has been accused of intentionally disrupting gas supplies to leverage its role as a major energy supplier to Europe amid an escalating dispute with Ukraine.
Indeed, this was even the subject of a rare public rebuke from the International Energy Agency, which called on Russia to increase gas availability to Europe and ensure storage levels were filled to adequate levels during a period of high winter demand.
The Kremlin has repeatedly disputed claims that it is using gas as a geopolitical weapon, with state-owned Gazprom saying it has fulfilled its contractual obligations to customers.
Now, energy analysts are deeply concerned about the risk of a full supply disruption to the EU - which receives roughly 40% of its gas via Russian pipelines, several of which run through Ukraine.
If Russia cut off its gas supplies, there would likely be profound public health and economic consequences, particularly as such a scenario could come during winter and amid the coronavirus pandemic.
Analysts at Wood Mackenzie said Europe can satisfy gas demand for now and is currently in a better position than it was at the start of winter. The longer-term outlook, however, is more uncertain.
Kateryna Filippenko, principal analyst for Europe gas research at Wood Mackenzie, said ""things could obviously get a lot worse"" if Russian exports to Europe were disrupted.
""It [Europe] would have to pull every lever in the energy system to keep the lights on - reducing gas burn and cranking up mothballed nuclear and coal plants; maximising indigenous gas production and pipeline imports; persuading Asian buyers to use coal and free up LNG,"" Filippenko said, noting that even this would only be a temporary solution.
""If all Russian gas is cut off, Europe would have no chance of coping,"" Filippenko said. ""Were all gas flows to stop today, Europe could well muddle through in the short term, given higher storage inventories and low summer demand.""
She added: ""But in the event of prolonged disruption, gas inventory couldn't be rebuilt through the summer. We'd be facing a catastrophic situation of gas storage being close to zero for next winter. Prices would be sky high. Industries would need to shut down. Inflation would spiral. The European energy crisis could very well trigger a global recession.""
Troy Vincent, senior market analyst at researcher DTN Markets, told CNBC via email that ""there are simply no alternatives"" to Russian volumes of oil and gas ""that do not entail far higher prices and potentially the development of severe shortages.""
""With this in mind, it's clear to see how sanctioning Russian energy exports to both Europe and the rest of the world would mean mutually ensured destruction of economic growth and government budgets,"" he said.
""Sanctions on Russian oil and gas would mean higher energy prices the world over,"" Vincent said, but noted that China's pipeline infrastructure linking it with Russia and Beijing's willingness to ignore US sanctions put the country in a unique position.
""China is likely the only major nation globally that could benefit from such sanctions, as they would likely increasingly soak up discounted Russian volumes,"" Vincent said.
Stewart Glickman, energy equity analyst at CFRA, said in a research note on Wednesday that he expected sanctions of Russia to have ""fairly significant consequences"" for energy markets.
A huge supplier of natural gas to Europe, Glickman noted that Russia is also a massive producer of fossil fuels and among the top three in terms of crude production.
With that in mind, Glickman said: ""Cutting off the spigot would, in our opinion, cause pain in all directions - both to Russia, since its national budget is fairly reliant on commodity exports, and to buyers, since fossil fuel demand would still be high and likely result in higher pricing from other suppliers."" Countries and markets awoke to the stunning news of Russian President Vladimir Putin's invasion of Ukraine on multiple fronts Thursday morning, launching a conflict that several leaders have warned will be the biggest in Europe since World War II.
After months of Russian military buildup along Ukraine's borders with troops numbering more than 100,000, and a fiery speech that denied Ukraine's statehood, Putin's offensive against the European country of 44 million has ripped up the international status quo.
""This is a globally systemic event. Putin is redrawing an iron curtain across emerging Europe,"" Timothy Ash, emerging markets strategist at BlueBay Asset Management and a longtime Russia and Ukraine analyst, told CNBC on Thursday.
""We have to totally take a fresh look at how we look at European and Western security, the role of Russian oligarchs, Russian business, and Russia Inc. in Western markets.""
Putin's own words reveal his nostalgia for Russia's more imperialist past, describing many times over the past several years the disintegration of the Soviet Union as a ""tragedy"" and one of the ""greatest catastrophes"" in world history.
Now some regional analysts and historians say that the so-called ""iron curtain,"" a term popularized by former British Prime Minister Winston Churchill in 1946 to describe the political, military, and ideological barrier erected by the Soviet Union under Joseph Stalin to seal itself off from the West, is back - albeit in a different form.
""The former KGB colonel, who has been in control of Russia in one form or another since 1999, does want to reconstitute the geopolitical power and territorial reach of the Soviet empire in Europe and reestablish its prestige and influence worldwide,"" Pierre Atlas, a political scientist and senior lecturer at Indiana University-Purdue University, wrote in an op-ed earlier this month.
The Kremlin has rejected that there will be an occupation, claiming it is ""demilitarizing"" Ukraine and ""protecting"" people from Ukrainian government aggression, which Ukraine and NATO members deny. Russian missiles and artillery strikes have reportedly hit multiple Ukrainian cities on Thursday.
Putin has vowed to protect Russia's ""security"" despite no evidence that Ukraine poses a threat to it, and has stated Moscow's aim to neutralize the country's military. Putin similarly rejected for weeks Western assertions that he would launch an invasion of Ukraine at all.
Barriers - particularly military, political and financial - are set to come up across Western and NATO countries against Russia as governments deploy economic sanctions and European allies likely ramp up their defense spending. US President Joe Biden and NATO heads of state have vowed severe sanctions on Russian officials and its economy, while Ukraine's leaders have urged the world to aggressively isolate Russia.
""Putin knew what kind of sanctions response this was going to draw in from the US and the West more broadly,"" Maximilian Hess, a fellow at Foreign Policy Research Institute, told CNBC. Referring to the suggestions of a new ""iron curtain,"" he said, ""Frankly, the threatened sanctions are going to make that a reality.""
""It was a choice, I expect the Biden administration to do it,"" he added, ""and that's the result - that is what's going to happen to the Russian economy.""
The US is set to deploy more sanctions against Moscow after its previous levies on a number of Russian banks, oligarchs, and the controversial Nord Stream 2 pipeline failed to stop Putin's incursion into Ukraine.
""Given that is what is clearly already underway, we should expect wide-ranging limits on trading Russian debt and financing for Russian companies,"" Hess said, adding that he expects the penalties to ""look more like the Iran sanctions regime than anything else.""
""Sanctioning individuals is necessary but can only go so far. It will be a 'maximum pressure' 2.0 campaign, but this will have substantial costs for the West as well if Russia responds in kind,"" he said. ""I too expect that it will. Geopolitical turmoil is imminent in agricultural, metals and hydrocarbons market, and here to stay.""
Thursday saw Russia's ruble hit a record low against the dollar , with Moscow's main stock index falling as much as 45% during the day. International stock markets all traded heavily in the red, and prices of safe-haven assets like gold and bonds soared. Precious metals silver, platinum and palladium - the latter two of which are major Russian exports - also saw their prices spike.
The sanctions being called for by Ukraine and some lawmakers in the West include severing Russia from the global SWIFT banking system. But in the years since Russia's 2014 annexation of Ukraine's Crimean peninsula, and the sanctions that followed, the country has built up a formidable war chest of international reserves and worked on the de-dollarization of its economy, raising the question of how effective sanctions will ultimately be.
""The beginning of a large-scale war in Ukraine will be the end of the world order as we know it,"" Ukrainian Foreign Minister Dmytro Kuleba told the UN General Assembly in New York on Wednesday, urging the international community to stop Putin.
""If Russia does not get a severe, swift and decisive response now, this will mean a total bankruptcy of the international security system and international institutions which are tasked with maintaining the global security order,"" Kuleba said. Coinbase reported fourth-quarter earnings that beat analyst estimates after the bell on Thursday. Shares bounced around after the report. They were down about 5% in extended trading by the end of executives' call with analysts.
Here are the key numbers:
The company predicted that retail monthly transaction users (MTUs) and total trading volume during the first quarter would be lower than the prior period. Coinbase attributed the change to decreased crypto asset volatility and a 20% decrease in crypto market capitalization quarter to date. Declining market cap is driven by macroeconomic factors like geopolitical instability and the Federal Reserve signaling a tightening of financial conditions, the company said.
Coinbase said it expects subscriptions and services revenue to be lower in the current quarter because of falling crypto asset prices.
MTUs jumped to 11.4 million in the prior quarter, up from 7.4 million in the third quarter; Coinbase saw a decline in MTUs between the second and third quarters.
It also reported net income doubled to $840 million in the fourth quarter compared with the prior period, or several times the year-earlier quarter, when it reported $177 million.
The report comes after major cryptocurrencies saw a weak month in December, despite an overall explosion in value in 2021. Investors blamed the year-end slowdown on concerns about cryptocurrency's energy consumption and on macroeconomic factors like the rise of the Covid-19 omicron variant.
On the company's call with analysts, CEO Brian Armstrong shot down the idea that the sector could be entering a new "" crypto winter, "" which is essentially a bear market. Armstrong said that's because of the change in significant use cases of cryptocurrency, which will make for a different result than earlier cycles of crypto winters and summers.
""I don't expect it to be anything quite that pronounced over time,"" Armstrong said, referring to previous crypto winters.
Coinbase warned shareholders in the previous quarter that its stock should be considered a long-term investment because its business is ""volatile.""
That reality has been demonstrated in recent weeks as major cryptocurrencies like bitcoin fell amid concerns that Russian troops would invade Ukraine . The incursion has also led some analysts to question the idea that bitcoin could act as a safe-haven currency in times of geopolitical instability.
Coinbase did warn in its letter to shareholders that 2022 will continue to have a fair amount of uncertainty for its business.
""We enter 2022 with even more unknowns, which make our business all the more difficult to forecast,"" the company wrote, pointing to ""global macroeconomic headwinds"" on top of unpredictable crypto asset prices, rising interest rates and inflation.
But, it said, on the other hand, that it sees increased opportunities and adoption of cryptocurrency.
CFO Alesia Haas said that while Coinbase's stock moves have been largely tied to changes in cryptocurrency prices, the company hopes investors ultimately take into account the ways it is diversifying its platform and decouple the two factors. She noted that Coinbase is launching a non-fungible token (NFT) platform and that NFT prices and volume are ""less correlated with other crypto assets.""",17.39740740740741,1
2022-03-01,14350,-0.0013231660414394,0.0,0.0016015043634645,1.0,4.0,1,2,"Bitcoin and ether climb higher amid broader market rebound Disney, Warner Bros, other Hollywood studios pause theatrical releases in Russia","Cryptocurrencies rose on Friday following a steep sell-off a day earlier that saw around $150 billion wiped off the market after Russia invaded Ukraine.
Bitcoin last rose 1.6% to $39,065.00, according to Coin Metrics. Earlier in the day the cryptocurrency had jumped as much as 11% over the previous 24 hours, after falling as low as $34,338.57 on Thursday. Ether rose 2.1% to $2,709.22.
Thursday's sell-off was sparked by Russia's invasion of Ukraine that also saw global stocks fall sharply. For several months, bitcoin has been correlated with other risk assets like stocks, as more institutional investors get involved and short-term investors who trade bitcoin like other risk equities have have entered the market.
The sharp drop was a reminder that ""in a crisis, all correlations go to 1,"" Noelle Acheson, head of market insights at Genesis, told CNBC, adding that it reinforced bitcoin's risk asset characteristics. Meanwhile, the bounce shows the longer-term investors ""have been waiting in the wings to buy the dip"" and that risk traders are now betting things ""won't be as bad as they looked at first light,"" she said.
""On the markets, we've known for some time that a big move was coming - this usually happens after periods of consolidation, and activity in the options market was pointing to this also - but we didn't know in which direction,"" Acheson said. ""Now we know: both.""
The 60-day correlation between bitcoin and the S&P 500 reached its all-time high on Wednesday, according to Acheson said.
""The correlation has been over 0.5 on two other occasions, and each time reverted back to lower levels,"" she added. ""It is likely that we see the same again, as risk investors cede price-setting ground to longer-term investors who see bitcoin as an insurance asset in times of geopolitical uncertainty, currency turmoil and inflation. What we don't know is when this will happen.""
A stunning intraday reversal in US stocks on Thursday and throughout the trading session Friday led major indices to close higher. That positive price movement filtered through to cryptocurrencies.
The cryptocurrency rebound is also in large part the result of a so-called short squeeze .
On Thursday, about 73% of bitcoin futures traders held short positions, according to data from Glassnode. Since then, more than $180 million worth of liquidations has occurred, and sentiment has shifted bullish, Leah Wald, Valkyrie Funds CEO, told CNBC. Options were set to expire Friday.
""Given, the situation unfolding in Ukraine, market participants generally went short bitcoin to protect downside risks. This was defensive positioning essentially,"" said Vijay Ayyar, vice president of corporate development and international at crypto exchange Luno. ""What we're seeing now is the market unwinding and shorts closing positions.""
When investors go short, they are essentially betting on the price of the cryptocurrency going down. Traders can short bitcoin by buying a futures contract that bet on a lower price of the cryptocurrency than where it is trading when they purchase that contract. These usually have an expiry date at which they're sold.
A trader betting that the price of bitcoin will go lower would sell a contract with the hope that it drops so they can buy it back at a lower price and pocket the difference. If the price of the contract goes higher and a trader closes out their position, then they have to buy that contract back at a higher price.
That can push the bitcoin price higher, resulting in a short squeeze.
""This momentum appears to have legs, and should continue at least through the weekend, barring a dramatic further downturn in the Ukraine or some other black swan event,"" Wald said. Hollywood studios are halting theatrical film releases in Russia following the country's attack on Ukraine.
The Walt Disney Company was the first major Hollywood studio to take a hard stance against Russia in the wake of its invasion of Ukraine, announcing Monday that it was pausing all film debuts in the country, including the new Pixar film ""Turning Red.""
Also on Monday, Warner Bros. and Sony announced they would not release films in the country. Paramount Pictures and Universal followed suit on Tuesday.
""We will make future business decisions based on the evolving situation,"" Disney said in a statement Monday. ""In the meantime, given the scale of the emerging refugee crises, we are working with our NGO partners to provide urgent aid and other humanitarian assistance to refugees.""
Warner Bros. said it was pausing the release of ""The Batman,"" which was slated for release this week. And Sony said it is postponing all of its planned theatrical releases in the region, including the upcoming ""Morbius.""
Paramount's ""The Lost City"" and ""Sonic the Hedgehog 2"" will also be withheld from the Russian market.
While ticket sales in Russia are not as significant as those drummed up in China, it is still a prominent market for Hollywood studios. On average, the Russian box office accounts for around 3% of all global ticket sales, according to data from Comscore.
""Russia has, at times, been a very relevant piece of the international box office picture,"" said Shawn Robbins, chief analyst at Boxoffice.com. ""But the humanitarian crisis resulting from current developments is emerging as a clear consideration for Hollywood distributors in such a challenging and tragic geopolitical environment.""
""It's yet another unprecedented situation for industry leadership to face with no certain road map or blueprint to follow,"" he said.
""Spider-Man: No Way Home,"" a co-production with Sony , has tallied more than $50 million in the country.
""The Motion Picture Association stands with the international community in upholding the rule of law and condemning Russia's invasion of Ukraine,"" the Motion Picture Association said in a statement Monday. ""On behalf of our member companies, who lead the film, TV and streaming industry, we express our strongest support for Ukraine's vibrant creative community who, like all people, deserve to live and work peacefully.""
These studios' decisions to forego releases in Russia comes amid a wave of other boycotts from the entertainment industry.
Streaming giant Netflix said it will not comply with Russian rules to carry news channels amid the escalating Russian invasion in Ukraine.
""Given the current situation, we have no plans to add these channels to our service,"" a Netflix spokesperson told CNBC on Monday. The decision comes as a wave of Russian state-backed news broadcasts spread Russian propaganda justifying the war Moscow started in Ukraine last week.
Sports organizations and professional athletes are also hitting Russia with their own kinds of sanctions. Federation Internationale de Football Association (FIFA) joined the Union of European Football Associations to announce it would bar Russian teams from events, including the 2022 World Cup in Qatar, until further notice.
The National Hockey League, which has more than two dozen Russian-born hockey players, has suspended agreements with Russian companies and the International Olympic Committee also recommended banning Russian teams from competitions for violating the ""Olympic Truce.""
Correction: This article was updated to reflect the correct spelling of ""Morbius.""
Disclosure: Comcast is the parent company of NBCUniversal and CNBC.",52.06,1
2022-03-02,14373,0.0016015043634645,1.0,0.0006955070526573,1.0,1.0,2,3,"Treasury yields fall sharply, 10-year rate drops toward 1.7% with focus on Russia-Ukraine conflict Russia-Ukraine crisis: How to avoid fundraising scams 'War can never be the answer': Russia's wealthy elite speak out against Putin's invasion","US Treasury yields fell sharply on Tuesday as investors remained focused on Russia's attack on Ukraine and its potential impact on Federal Reserve rate hikes.
The yield on the benchmark 10-year Treasury note fell 11 basis points to 1.726% in afternoon trading and fell as low as 1.682%. The yield on the 30-year Treasury bond dropped 7 basis points to 2.11. Yields move inversely to prices and 1 basis point is equal to 0.01%.
The Russian invasion of Ukraine has entered its sixth day. The attack has roiled global markets and seen investors look to safe haven investments like US government bonds, pushing yields down.
""Until there is some sort of cease fire in Ukraine and the market no longer has to process additional sanctions and those impacts to the global economy, we will see geopolitical money flows continue to dominate the currency and bond markets, even with Fed Chair Powell's testimony tomorrow and Thursday,"" Tom Essaye of the Sevens Report said in a note to clients.
The Kremlin still wants to capture Kyiv, even as Russian forces continue running into stiff Ukrainian resistance, according to a Pentagon assessment shared with CNBC.
Satellite imagery has also emerged showing a large convoy of Russian military vehicles, some 40 miles (65km) long, advancing toward Kyiv. The satellite images were taken by Maxar Technologies on Monday and show a convoy of armored trucks traveling sometimes two or three vehicles abreast on the road.
The invasion of Ukraine, and the resulting sanctions on the Russian financial system, have caused volatility in the credit markets and led some traders to worry about potential ripple effects. The big moves in benchmark US Treasurys were mirrored across the yield curve and in foreign bond markets.
John Luke Tyner, a portfolio analyst at Aptus Capital Advisors, said ""there's smoke coming out of the engine here"" but that were still some orderliness to the Treasury market despite the volatility.
""The curve is still able to keep the spread between 2s and 10s. That keeps the market from getting overly concerned,"" Tyner said.
Investors will be watching Powell's testimonies to Congress this week, for any indication on whether the Russia-Ukraine conflict will affect the central bank's plans for tightening monetary policy.
Geoffrey Yu, senior market strategist at BNY Mellon, told CNBC's ""Squawk Box Europe"" on Tuesday that markets will likely be focused on how sanctions against Russia could cause supply chain issues and drive up prices and, in turn, how policymakers will react.
""In the US, for example, we don't see this changing the Fed's path at all,"" Yu said.
However, the market volatility appeared to be leading some traders to dial back expectations, with the expectations for a 50-basis point hike in March going to zero, according to the CME FedWatch Tool.
In terms of data releases due out on Tuesday, Markit's final reading for its February manufacturing purchasing managers' index and ISM's February manufacturing PMI both came in close to expectations. Construction spending from January came in higher than expected.
- CNBC.com staff contributed to this market report. As the conflict between Russia and Ukraine intensifies, the humanitarian crisis is worsening as well.
More than half a million Ukrainians have fled the country since the fighting began Feb. 24, but as many as 5 million could be displaced as Russian troops continue to advance toward major cities.
Many people around the world want to help Ukraine, whether by donating money or supplies. Unfortunately, that creates an opportunity for scammers to take advantage of their altruism.
More from Personal Finance: How US investors may have exposure to Russian stocks When to get back into stocks after panic selling How to protect against a cyberattack as Russia-Ukraine crisis escalates
""People are feeling very sympathetic and willing to give, and they use that as leverage,"" said Adam Levin, co-host of the ""What the Hack with Adam Levin"" podcast.
The most common types of scams include phone calls, emails, banner ads and text messages that ask for donations and seem entirely legitimate, Levin said. ""The caller ID and number may even look right.""
However, often these communications are coming from cybercriminals trying to capitalize on the current geopolitical turmoil .
To make sure your money doesn't end up in the wrong hands, Levin offers these tips to avoid scams:
""If someone got your payment information, they are not only going to use it this time, they are going to use it again and again,"" Levin said.
If you believe you are the victim of a scam, contact your financial institution to put a hold on your credit card and notify the attorney general in your state, then file a complaint with the FBI's Internet Crime Complaint Center . As Europe and the US ratchet up sanctions on the yachts and mansions of Russia's oligarch elite, some of Vladimir Putin's ultra-wealthy inner circle have begun speaking out against his invasion of Ukraine.
While none have directly referenced the Russian president, the rare sounds of dissent from his high-profile allies - many of whose fortunes have close ties to the Kremlin - signal the widening fissure among Russian voices.
Mikhail Fridman, founder of Russia's largest private bank Alfa Bank and one of the country's richest men, became the first Russian businessman to speak out against the conflict Friday, calling for an end to the ""tragedy"" and ""bloodshed.""
In a letter to staff at his London-based private equity firm LetterOne, the Ukrainian native, whose parents still live in the country, said he was ""convinced"" that ""war can never be the answer.""
""I am deeply attached to Ukrainian and Russian peoples and see the current conflict as a tragedy for them both,"" he wrote in the letter first seen by the Financial Times.
""I do not make political statements,"" he continued, ""I am a businessman with responsibilities to my many thousands of employees in Russia and Ukraine. I am convinced however that war can never be the answer. This crisis will cost lives and damage two nations who have been brothers for hundreds of years.""
Fridman's gamut of businesses include mobile carrier Veon, whose CEO Kaan Terzioglu told CNBC Monday that the war should be ""stopped as soon as possible.""
""I really believe that this madness should stop as fast as possible,"" he said, adding that the company is providing internet connectivity to Ukrainians fleeing the conflict.
The European Union on Monday placed sanctions on Fridman personally along with his business partner Petr Aven, steel magnate Alexei Mordashov, and a number of other ultra-wealthy Russians.
Fridman responded Tuesday saying that he did not know whether there would be a backlash in Russia against the invasion but said that a blanket ban on Russians doing business in the world seemed unfair.
Mordashov, meanwhile, called the fighting a ""tragedy of two fraternal peoples"" that should be stopped but added that he should not be a target of international sanctions.
""I have absolutely nothing to do with the current geopolitical tensions. I don't understand why sanctions have been imposed against us,"" he said.
Separately, metals mogul Oleg Deripaska, who has been the subject of US sanctions, wrote on Telegram last week: ""Peace is very important! Negotiations must begin as soon as possible!""
Meanwhile, Oleg Tinkov, the billionaire founder of Tinkoff Bank who is currently undergoing cancer treatment, described the conflict ""unthinkable and unacceptable,"" calling for states to spend money on cancer research ""not on war.""
Roman Abramovich, the billionaire owner of English soccer team Chelsea, has not spoken out publicly but he handed ""stewardship"" of the team to a charitable foundation. He was also reportedly involved in talks in Belarus on Monday after Ukraine asked for his help in reaching a ""peaceful resolution.""
The comments from Russia's wealthy elite join those of other high profile figures, including actress Liya Akhedzhakova and Nobel Peace Prize laureate Dmitry Muratov, who have called for an end to hostilities.
And they are not insignificant. Few if any oligarchs have spoken out against Putin in the almost two decades since Mikhail Khodorkovsky, Russia's then richest man, was imprisoned for funding opposition parties.
Still, they are but a handful among the wealth of Russian oligarchs who have remained silent, and many have questioned the sincerity of their motives as they face potential further sanctions.
Already, some of Russia's ultra-rich have seen their net worth's almost half, resulting in estimated combined losses of $83 billion so far this year , as the Russian economy remains in freefall.
Meantime, others have queried what influence if any they have on the powerful Russian leader, who has shown little sign of backing down despite defiance from within Ukraine and wide-reaching measures from its Western allies.",14.058148148148147,1
2022-03-04,14383,0.0006955070526573,1.0,0.0019448502344724,1.0,2.0,4,4,OneWeb's internet satellites caught in UK-Russia standoff days before launch Russia-Ukraine conflict has a limited impact on China's food prices Tech private equity investor Orlando Bravo says the mantra of 'growth at all costs' is over US imposes new sanctions on pro-Putin Russian oligarchs and their families over Ukraine invasion,"The corporate internet space race has taken a geopolitical turn.
Russian space agency Roscosmos is refusing to launch the next batch of 36 OneWeb internet satellites as scheduled for Friday, unless the company meets the state agency's demands. Roscosmos head Dmitry Rogozin said the ultimatum is a response to UK sanctions against Russia over its invasion of Ukraine.
Roscosmos said in a statement on Wednesday that the Soyuz rocket will be removed from the launchpad at Baikonur Cosmodrome in Kazakhstan unless OneWeb meets two demands:
UK Business and Energy Secretary Kwasi Kwarteng said in a statement that there is ""no negotiation"" with Roscosmos about OneWeb and that the government ""is not selling its share.""
""We are in touch with other shareholders to discuss next steps,"" Kwarteng said.
In turn, Rogozin responded to Kwarteng by saying he would give the UK two days to think about its decision, and implied that OneWeb would not be able to complete its satellite network without Roscosmos' help.
OneWeb's chief of government, regulatory and engagement Chris McLaughlin told CNBC that in the meantime, the company has removed its personnel from Baikonur Cosmodrome - as Russia leases the spaceport. McLaughlin said OneWeb's team on site, as well as a US State Department security representative, are now all safely offsite and relocated elsewhere within Kazakhstan.
""We've not been complacent - we've been looking after, as a priority, the safety and security of our people and of our compliance with ITAR [International Traffic in Arms Regulations],"" McLaughlin said.
Arianespace, a subsidiary of European rocket builder ArianeGroup, has also relocated its personnel in coordination with the OneWeb teams. The company sells rockets, including the Soyuz, that are supplied by Roscosmos for OneWeb launches. Arianespace declined CNBC's request for comment on the situation.
OneWeb has launched 428 satellites to low Earth orbit on Soyuz rockets and plans to operate a constellation of 650 satellites to provide global internet coverage from space.
McLaughlin said that OneWeb has been receiving information about the situation the same way that the public is: through tweets by Roscosmos and Rogozin.
""It's all we're getting,"" he said. ""It sounds crazy but I've seen the letters [to OneWeb from Roscosmos], and the letters say nothing that isn't already in the tweets.""
As McLaughin understands it, Roscosmos will have a meeting on Friday evening, at which point - if the demands aren't met - the Russian space agency would formally declare it's not launching the OneWeb mission, roll the rocket back from the launchpad and disassemble it.
OneWeb's satellites arrived in Kazakhstan before Russia invaded Ukraine, and McLaughlin explained that all the parties involved decided to continue moving forward as ""this particular launch was not subject to any sanction.""
""Yesterday, they were looking forward to launching us,"" McLaughlin said.
In the event Russia cancels the launch, McLaughlin says the contracts between OneWeb, Arianespace, and OneWeb are ""all to be discussed"" and anticipates each party will point to ""force majeure.""
""I've just got a visual of that Reservoir Dogs scene, where everyone's pointing guns at everyone,"" McLaughlin said.
Space companies have been racing to build next-generation satellite internet networks, largely in low Earth orbit using hundreds or thousands of satellites. OneWeb is one of the most mature versions of these concepts - alongside SpaceX's Starlink - and has already begun to provide service to customers.
OneWeb's business depends on multinational cooperation with a diversity of stakeholders across the world. The company was rescued from bankruptcy in 2020 when the UK government and Indian telecommunications conglomerate Bharti Global each took equity stakes to finance the company's network. It also counts among its stakeholders Japanese investment giant SoftBank, European communications firm Eutelsat and South Korean conglomerate Hanwha systems.
McLaughlin said that OneWeb's shareholders expect to hold an emergency meeting in the coming days to discuss the Roscosmos standoff.
The company's supply chain is also global: OneWeb's satellites are manufactured in Florida through a joint venture with European aerospace giant Airbus. Its launches are conducted through Arianespace on Russian-built rockets. Countries require regulatory approval for the company to provide service.
By contrast, SpaceX is a private, heavily-verticalized US venture. Elon Musk's company builds and launches Starlink internet satellites itself. SpaceX provides Starlink service in more than two dozen countries.
The company recently activated service in Ukraine in response to requests from the government. SpaceX also sent Starlink terminals to Ukraine, with the antennas helping to connect the country to the internet amid the Russian invasion.
McLaughlin said OneWeb is not providing services in Ukraine because ""we're still early stage,"" and also does not have ground stations in Russia.
""We weren't in a position to assist in the way that Musk went ahead and did,"" McLaughlin said.
As a result, the Ukraine conflict is likely a boon for Musk's company over the likes of OneWeb, Deutsche Bank analyst Edison Yu wrote in a note on Wednesday.
""In the near-term, the clearest winner is SpaceX considering it essentially becomes the only viable backup option for any entity that was reliant on Russian Soyuz rockets,"" Yu wrote in a note to investors.
Yu highlighted Rocket Lab as another potential beneficiary, saying the company's Electron rocket ""could potentially take over some small payload launches."" Meanwhile, Yu emphasized that ""the biggest losers would likely be the European Space Agency, OneWeb, and the International Space Station given heavy Russian cooperation.""
Clarification: This story was updated to reflect the role of Arianespace as an ArianeGroup subsidiary. BEIJING - China's emphasis on its own food production and security helps mitigate the impact of the Russia-Ukraine conflict on domestic food prices, analysts said.
Notably, China is the world's second-largest consumer of corn, but only 9.4% of domestic corn consumption in 2021 came from imports, according to Citi. Only 5.9% of China's wheat consumption last year was imported, the report said.
""The US-China trade disputes, the African swine fever outbreak, and the food price shock of the Covid-19 pandemic have propelled China to further improve self-reliance in food supply,"" Citi analysts Xiangrong Yu and Xiaowen Jin said in a report Monday.
""China has been improving its incentive system for the production of grain, pork, and others and diversifying sources for food imports,"" the analysts said. ""As a result of the enhanced policy emphasis on food security, the direct contribution of grain price growth to headline inflation has been very small recent years.""
China has boosted agriculture production at home and expanded the sources of imported food.
In 2021, domestic corn production grew by 4.6%, while Chinese buyers turned away from US corn to become Ukraine's largest buyer of corn - accounting for a third of Chinese corn imports, according to US government reports.
Ukraine has been an important part of China's efforts to improve national food security by diversifying its suppliers of grain, said Stephen Olson, senior research fellow at Hinrich Foundation, a nonprofit focused on trade issues.
""Any disruptions in shipments from Ukraine to China would undoubtedly create inflationary pressures,"" he said.
Worries about inflation, including for food, have increased since the pandemic started in early 2020.
""Food-price inflation could stay higher for longer due to high energy prices or due to the disruption of shipments of wheat, corn or seed oils,"" Steven Cochrane, chief APAC economist with Moody's Analytics, said in a note Tuesday. ""Ukraine is primarily an exporter of agricultural commodities - mostly wheat - as well as basic manufactured commodities such as iron, steel and aluminum.""
""Indonesia and India have the highest exposure to imports from Ukraine, followed closely by imports into China. But, relative to the size of each importing [APAC] country's GDP, the import flows are modest relative to the size of each economy,"" Cochrane said.
China's heavy reliance on domestically produced wheat and corn does not mean the country is immune to price increases. Prices of imported wheat and corn have surged, according to Chinese media reports.
Globally, corn and wheat futures have surged to highs not seen in at least nine years - near record levels - as traders worry whether a prolonged Russia-Ukraine conflict will cut into the global grain supply.
""The gains [for wheat futures] on the two US exchanges might have been larger had they not been stopped by daily trading limits,"" Tobin Gorey, agri commodities strategist at Commonwealth Bank of Australia, said in a note Wednesday.
He expects supply problems for wheat to persist, while in the corn market, ""there are worries about whether Ukraine corn planting will be delayed or prevented."" That season typically begins in April, Gorey said in a previous note.
Ahead of Russia's invasion of Ukraine, China's National Food and Strategic Reserves Bureau said in a statement on Feb. 22 it decided to release some edible oils from the central reserves based on the current domestic and overseas market situation.
China's customs agency decided the next day to approve imports of wheat from Russia, according to a release Thursday.
The supply of grains, oils and oilseeds will likely remain tight before there is a conclusion to Russian-Ukraine negotiations, said Bian Shuyang, agricultural products analyst, Nanhua Futures.
In addition to geopolitics, Bian noted that problems such as a drought in Argentina had already raised concerns about crop supply.
Soybeans are the only major crop for which China relies heavily on imports - 84% of domestic consumption in 2021, mostly from the US and Brazil, according to Citi.
Soybean prices have climbed as traders worry that a shortage of sunflower oil from Ukraine might boost demand for other vegetable oils, said Jim Sutter, chief executive officer of the US Soybean Export Council.
China is the largest importer of soybeans globally, and has recently increased off-season purchases from the US due to concerns about the South American supply, Sutter said, noting that's ""separate and apart"" from the situation in Ukraine.
JPMorgan picks China stocks to buy now. Alibaba's not on the list
Portfolio manager explains why he has the 'most conviction' in this China tech stock
China's version of Spotify is 'underappreciated,' Morgan Stanley says
Goldman Sachs loves this sub-sector in China - and names 3 stocks to buy
During a press conference Tuesday, China's Minister of Commerce Wang Wentao and other officials at the ministry did not take any questions on trade with Russia, Ukraine or the US
Instead, the ministry emphasized plans to cooperate more on trade with the European Union and Southeast Asia, as well as with ""Belt and Road"" countries.
Both Ukraine and Russia are part of the ""Belt and Road"" regional infrastructure development plan, which is widely seen as Beijing's effort to increase its global influence. Software has been one of the worst-performing sectors this year amid a rising rate environment and geopolitical tensions overseas.
This comes as no shock to Orlando Bravo who helms tech-focused private equity firm Thoma Bravo. He says the mantra of 'growth at all costs' is over and that investors are slowly shifting their focus from momentum to fundamentals and profitability.
(The below has been edited for length and clarity. See above for full video.)
Leslie Picker: There has been a massive shift in 2022, there's just this macro change afoot. How does that impact what you do and what do you make of the recent revaluation in the [tech] sector?
Orlando Bravo: It was just a long time coming. I mean, we've been on a decade of tailwinds not only in the software industry, but in multiples. And what happened recently is that multiples of these growth stocks went from 20x to 10x. They got cut in half. Now why is that? Our theme and our thesis on it in talking to the big investors, sovereign wealth funds, big state pension plans, the original sources of capital, is that people are getting tired of being money-losing operations. They're finally digging into the business models, looking at when profitability is going to come and discounting assets that have high growth, but no near-term prospects for profitability. So that correction is here and it's happened and it's in effect today. Now how does that affect our business? That is phenomenal on the buy side for our business because we are focused on buying the entire company, not in buying pieces of paper where you're dependent on what others think. So it gives us an opportunity to do the one thing that we do really well and focus on which is to take these high-growth, innovative companies and put together an operating framework that allows them to be profitable as well and create profitable growth engines.
Picker: Would you say at this point in time that the sell-off is really priced in or do you think that valuations still have further to go before they're at their intrinsic value, in your estimation?
Bravo: As a business owner, and as a participant in the private equity industry, it's looking extremely attractive for groups like us, because once again, you can partner with companies and change their operational makeup by inspiring leadership. And these assets can produce big cash flow, not 20 EBIT/EBITDA margins, but 50% at growth and scale. So if you can price in your improvements, it looks extremely attractive. Now for the public markets, the problem is that once again, you don't have control. So what is the bottom price on a revenue multiple when you're unprofitable, especially when you miss your numbers? And now even more so if companies don't beat and raise enough to surprise the street positively and they don't have profitability to hold up your valuation, they are usually getting big negative surprises in terms of their share price.
Picker: What's that tell you in terms of exits, though? Obviously on the buy side you mentioned tremendous opportunity. But what about the portfolio companies? You've been a massive dealmaker over the past few years, one of the most prolific dealmakers over the past few years, in all of private equity, not just tech. But what does that mean for the portfolio companies that you're holding right now? Do you kind of wait a while for things to settle down before you look to do an IPO or to sell it? Or are you still seeing opportunities out there?
Bravo: What we do is we buy multiples of revenue, but we sell them on multiples of EBITDA. So we're a fundamental seller as well and that's how we model our investment cases in our companies. So if you have high cash flow, and you don't get the right multiple on that cash flow, you can wait because you're going to keep adding equity value, and you're going to keep building a balance sheet that you can use for acquisitions. We are really not dependent on the market that we call 'buy high and sell higher.' We're not in the momentum business, we're in the fundamental business. What we're seeing in private equity is private equity has not slowed down yet, in terms of buying companies on an EBITDA basis. And strategic buyers are sitting on their cash. And when they combine the number one player in a given sector in software, and that company does not have to be fixed, it does not have to be turned around, it's highly profitable and can operate even as an independent business unit, that is still attractive to these corporate buyers.
The IPO is certainly a problem. And if you look at our industry, one of the challenges of private equity that the community doesn't really talk about too much, is remember private equity needs to buy these public companies at a premium, call it 30% premium, and then you're taking them public at a discount to the comps, call it a 20% discount. So the value that you have to create in between has to be so large for you to make your investment case work if you're planning on taking it public later.
Picker: So if I'm understanding this correctly, then you are very hyper focused once you acquire a company on ensuring that it becomes profitable before you exit or at least close to that level of profitability before you do seek to exit. How do you do that, especially in this current environment with inflation and all sorts of labor issues in terms of acquiring and maintaining talent? It seems like it would be a tough job right now.
Bravo: I really appreciate that. We feel like we earn it and when you own a whole company, which is what we do, you own all the problems. You can't outsource the problems. People change their minds. People want to change jobs. You need to inspire your leadership. Customers change their point of view. Their product problems, their sales problems, distribution problems. We live those every single day. The way we do it, we do it in a unique way in private equity, in software, which is we make big positive changes in the companies we buy but we look to do that only with the existing management team. And that's the secret sauce of our firm...we have a way of talking to leaders and inspiring them to continue to do the great innovative things that they're doing that are going very well and not interrupt the growth curves of these companies, while implementing an approach where of discipline and operational cadence that allows the company or those businesses to produce more margin while they grow faster.
We are different than most of the world. We do not subscribe to the view that in order to grow, you need to lose money or invest negatively in your P&L. These companies, once you have over $100 billion of ARR - annual recurring revenue - the more profitable you are, the faster you should grow, because you have more money built in from your operation to invest in sales, which is tactical and more money to invest in R&D, which is more long-term and strategic. And we really work with our leaders to put this motion in place and understand that and embrace it so that they can build these long term profitable engines. And what that does, is it de-risks innovation. That way that companies can continue to innovate for a long period of time without having big disruptions to their business models. Or if capital dries up, they're not dependent on outside capital to continue to grow, grow their business.
Picker: So the mantra 'growth at all costs,' do you think that's not the way the world is right now?
Bravo: That is over. 'Growth at all costs' has ended and whoever is still investing and operating in this way, is going to be surprised. It's changed and it finally has come after a long period of time of just investing behind a total available market and around momentum growth. People are now finally looking at the business economics. And think about it, it's so basic. How could you create a company, and a large company over time, where the societal resources that you use for production way exceed the output? It just, it cannot last and that's a bit of a structural problem the software industry has now and groups like us look to fix that.
Picker: How does [the geopolitical situation in Russia and Ukraine] affect the technology sector? Are you seeing a value that technology can provide as we assess what's going on overseas?
Bravo: The world has become digital and that is now, talking about technology, that is an irreversible trend. And we are at the beginning of that trend. In the last two years when we all had to work from home, when companies needed to do business differently, communicate with their customers differently, transact differently, people began - business leaders in society as a whole began - to use technology that has existed for a long time. But their minds were opened to actually absorb that technology and use it differently. And that created another step function in the world of quote-unquote going digital. Now you see industrial companies trying to go digital, either acquiring and or changing their businesses. Financial institutions, some of them call themselves a technology company with a financial services business model, and that is the trend. Therefore the world is a lot more exposed to cybersecurity risks. And now we are in - yesterday, some news came out starting to talk about it - that we're also in a technology war. And the importance of cybersecurity as the world goes digital, and especially now, given the geopolitical environment and in essence of war, the importance of cybersecurity is huge.
Picker: You own a plethora of cybersecurity companies. You do have a good sense of the pulse of the technology as well as the premium that investors are paying here for these types of assets, especially as their value-add becomes ever more present. What would you say about just the ability to defend our organizations here in the US and in the West against foreign actors that may be seeking to harm, whether it's banks or other entities here, our defense organizations here in the US?
Bravo: Thoma Bravo has been in cybersecurity since 2008. We were the first private equity group from a control standpoint to develop a large portfolio in cybersecurity, and today we have $6 billion in revenue. If you put all of our cybersecurity companies together, which make us in total, the largest cybersecurity company in the world. One of the things we saw is three months before the invasion, a huge spike in DDoS attacks - denials of service - mainly coming from Russia. And of course now you see a 10x increase in DDoS attacks emanating from Russia. These attacks are at scale, they are complicated, and even the best cybersecurity technology experts in the US don't quite know how they pull them off at this scale. So it is so important now that corporations all over the world, and especially in the United States, have a strong, what we call, cybersecurity posture, which is difficult to have because it requires a big investment. It requires pulling a number of products together and it's also really important that these corporations of any size - you can be a large company or you can be a very small company - buy the best product in each cybersecurity area. Do not buy free product. Free product is worth what it is, it's free, and that is what it's meant to be. You do not want to be in a bad cybersecurity posture when you did not invest in your infrastructure appropriately. The United States on Thursday announced a new round of sanctions targeting Russian oligarchs and their family members who are supporting President Vladimir Putin as he wages war in Ukraine.
The new penalties include ""full blocking sanctions"" on at least eight so-called elites in the country and visa restrictions on 19 Russian oligarchs, their 47 family members and close associates, according to the Biden administration.
One of the elites targeted by the US is Dmitry Peskov, Putin's press secretary, who was sanctioned earlier this week by the European Union.
Less than an hour later, the United Kingdom unveiled its own set of sanctions on Alisher Usmanov and Igor Shuvalov, two of the oligarchs targeted by the US Usmanov and Shuvalov are said to hold a combined wealth of $19 billion.
""In coordination with the US and other allies, these measures amount to the largest set of financial sanctions in history,"" UK Foreign Secretary Liz Truss said in a press release.
The Biden administration said it is targeting visa access in an effort to respond to actions that are seen to ""direct, authorize, fund, significantly support, or carry out malign activities in support of Russia's destabilizing foreign policy.""
The Treasury Department will also designate ""disinformation targets,"" including seven Russian entities and 26 Russia- and Ukraine-based individuals, according to the White House.
""These individuals and their family members will be cut off from the US financial system, their assets in the United States will be frozen and their property will be blocked from use,"" the White House said in a fact sheet detailing the sanctions.
President Joe Biden said later Thursday afternoon that the sanctions already imposed on Putin and those around him have ""had a profound impact.""
Asked at the White House about the expanded sanctions, press secretary Jen Psaki said that the US was confident that these measures were an effective approach.
The goal of ""choking off access to technology as well as cutting off access to the global financial system"" is to ""maximize the impact on Putin and Russia and minimize the harm on us and our allies and friends around the world,"" Biden said.
The Russian elites named in the White House release are:
The Russian entities being sanctioned are: SDN Strategic Culture Foundation and associated outlets; Odna Rodyna, Rhythm of Eurasia, and Journal Kamerton; SouthFront; SDN InfoRos; New Eastern Outlook; Oriental Review; United World International; and Geopolitical.
In a separate release, the Treasury Department detailed the extravagant wealth of some of the individuals now being targeted with penalties.
Usmanov's superyacht, for example, is estimated to be worth between $600 and $735 million, according to Treasury officials. The boat, named Dilbar, ""has two helipads and one of the world's largest indoor pools ever installed on a yacht,"" and costs about $60 million per year to operate, the Treasury said.
The agency also said Usmanov's private business jet, named ""Bourkhan"" after his father, ""is registered in the Isle of Man and is believed to have cost between $350 million and $500 million.""
Tokarev, another longtime Putin associate, amassed his fortune as the chief executive of Transneft, a state-owned pipeline company responsible for carrying 90% of the oil extracted from Russia. His daughter Mayya leads a real estate business has been valued at more than $50 million in Moscow alone, Treasury said.
Part of her business, officials added, includes ""prime oceanfront real estate on a Croatian island that includes a villa built by the 19th-century Austrian emperor Franz Joseph I.""
The sanctions are the latest wave of penalties imposed by the US, the EU and the UK and other allies as they work to pressure Putin into ending the war on Ukraine.
The EU said Monday evening that it added 26 prominent Russians and businessmen to its own sanctions list, freezing their financial assets and instituting travel restrictions. Meanwhile, the UK is expected to soon vote to force anonymous foreign owners of British properties to reveal their identities and broaden regulations to halt the movement of assets held by Russian elite.
This is breaking news. Please check back for updates.",26.86319444444444,1
2022-03-07,14411,0.0019448502344724,1.0,-0.001180350770612,0.0,3.0,0,4,"S&P Dow Jones is removing Russia stocks from indexes, stripping country of emerging market status Samsung Electronics suspends shipments to Russia, will donate $6 million in aid Eastern Europe created its own Silicon Valley. Russia's invasion of Ukraine risks it all How to know when oil prices will cause a recession, and what to invest in","Index giant S&P Dow Jones Indices said Friday it is removing all stocks listed and/or domiciled in Russia from its benchmarks in light of the country's invasion of Ukraine, further isolating the nation from the global economy.
The removal, effective before the open next Wednesday, also affects Russian American depositary receipts (ADRs), S&P Dow Jones Indices said.
The firm, which is the keeper of the Dow Jones Industrial Average and the S&P 500, also said it will declassify Russia as an emerging market and categorize it as a standalone group.
The move came as Russian forces attacked Europe's largest nuclear power plant in Ukraine early Friday morning, causing a fire to break out at an adjacent training facility. The US Embassy in Kyiv called the attack a war crime.
Earlier Friday, the NYSE halted trading in three Russian ETFs - Franklin FTSE Russia ETF (FLRU), iShares MSCI Russia ETF (ERUS) and Direxion Daily Russia Bull 2X Shares (RUSL). The exchange cited ""regulatory concerns"" for these halts.
Exchange-traded funds tracking Russian stocks have been in a tailspin since the geopolitical tensions escalated. The iShares MSCI Russia ETF tumbled 33.4% for its worst day Tuesday since the fund's inception in 2010, and after losing 27.9% on Monday.
Meanwhile, shares of the VanEck Russia ETF ended February down 54.9%, closing out its worst month ever. Samsung Electronics said on Saturday shipments to Russia have been suspended ""due to current geopolitical developments.""
""We continue to actively monitor this complex situation to determine our next steps,"" the company said in a statement.
Samsung Electronics is No. 1 in handsets in Russia with 30% market share as of the fourth quarter of 2021, ahead of Xiaomi's 23% and Apple's 13% respectively, according to data provider Counterpoint.
Brands such as smartphone rival Apple, Nike and Ikea have stopped sales, distanced themselves or paused business in Russia as the country has been hit with sanctions and international criticism for its invasion of Ukraine . Changes in shipping routes are an additional factor.
Chinese firms, which contributed 44% of the Russia handset market in 2021 according to Counterpoint, have so far stayed largely silent about their operations in Russia, as Beijing has refrained from criticizing Moscow for the invasion of Ukraine.
Samsung is also donating $6 million, including $1 million in consumer electronics, as well as voluntary donations from employees, to support humanitarian efforts ""around the region,"" including aid for refugees, it said. Technology has been at the center of national security and global economic concerns for years.
US President Joe Biden used his State of the Union address this week to again focus on competition with China and competitiveness in technology manufacturing. But that speech was overwhelmed by the more immediate concern of Russia's invasion of Ukraine, and there is another key link in the technology sector that the first land war in Europe since WWII has highlighted: the booming hub of tech workers in Eastern Europe.
Ukraine, Belarus and Russia - three countries now intertwined in war - have grown into essential growth areas for tech talent in a world more reliant on digital than ever before. From start-ups sourcing the developers and engineers they need to get to the next level, to already established corporations relying on software partners for digital transformation, hundreds of thousands of tech workers in the region have become critical to the global economy.
Gartner estimates there are over one million IT professionals in the three countries, with one-quarter (250,000) working for consulting or outsourcing firms. There were 200,000 Ukrainian developers in the country in 2020 , according to Amsterdam-based software development outsourcing company Daxx, which says that 20% of Fortune 500 companies have their remote development teams in Ukraine.
Software vendors working on behalf of big corporations, from financials to retail, rely on the talent that the region has cultivated. Take EPAM Systems , as an example. More than 50% of its tech staff are across the three nations - over 30,000 employees. It is an example of just how quickly war can disrupt the functioning of organizations in ways impossible to imagine, with internal dissension now an issue for EPAM leadership as workers in Ukraine call for its CEO to take a much harder anti-Putin line, according to a Bloomberg report , even though it has so many workers in Russia and Belarus.
For many following the rapidly unfolding events on social media, Aleksandr Volodarsky, the Ukrainian founder and CEO of developer outsourcing company Lemon.io , has helped to make the human dimensions and tech worker dimensions of the war real, through tweets such as one in which he showed a picture of his chief marketing officer in military gear.
He had announced back in mid-February that his company was providing two months of pay in advance to employees, and he has since posted that clients are stepping up and ""even though developers are mobilized, unavailable, can't work, or volunteered to help the army, they will keep paying them regular salaries.""
For analysts who have covered companies like EPAM Systems associated with the rise of talent in the region, immediate concerns are with the contacts they have made and the individuals they have come to know from the ranks of company leadership and the broader tech communities in Eastern Europe, and the scope of the humanitarian crisis in the region is greater than any company or sector outlook.
""Yes our teams are sending deliverables from a f - ing parking garage in Kharkiv under heavy shelling and gunfire in the area. Amazing humans,"" Logan Bender, chief financial officer at a San Francisco-based software licensing company, said in a story posted to Instagram on Tuesday by venture capital meme account PrayingforExits.
Longer-term, though, there is significant risk of a ripple effect across technology and other sectors.
""We've seen a lot of Eastern European countries become hotbeds for development,"" said Scott Berg, software analyst at Needham. ""Whether it is the right individuals or the right individuals at the right price, across all of the companies I cover, a solid third if not half have resources in that area.""
""These public companies, the headline companies like EPAM, are just the tip of the iceberg,"" said another analyst.
The ubiquity of digital technology is intersecting with the geopolitical aspirations of countries in what Gartner now refers to as ""digital geopolitics."" This competition in the digital realm between countries, ""is now one of the most disruptive trends,"" wrote David Groombridge, Gartner Research VP, and his colleagues in a report this week.
The Gartner team says executives were worried about their enterprise location strategy even before the Russia-Ukraine War, with 43% of boards of directors telling Gartner deglobalization was a major concern.
The answer isn't to pull out of the region or necessarily pull existing accounts from vendors, though this is a risk for any companies with significant talent pools in the region. Analysts say clients will be reluctant to pull work as long as operations can continue, but may be less inclined to give expanded work to companies with this geographic risk, especially when they have to take into account issues including cybersecurity, and that could limit the growth trajectory for the Eastern Europe tech hub and companies reliant on it.
For companies in the region, they are just trying to understand basic operational issues, such as how long they will access to funds to pay workers based in Russia where financial restrictions imposed by the West could limit their payroll abilities, and making sure workers have the internet access needed. And the longer the conflict goes on, the more tech firms in the region and their clients will worry about technology restrictions and implications for new product development.
""The current impacts to software development centers in Ukraine and surrounding countries have brought this into sharper focus, forcing organizations to rapidly reconsider which countries their IT services and supply chains should be sourced from,"" Groombridge told CNBC via email. ""The answer should not be a reactive onshoring of capabilities, especially in a world where the current crisis will increase existing shortages of digital skills. Instead, executives need to navigate a complex balance of competitive advantage, geographic concentration risks, skills availability, legal and regulatory issues, and country risk factors to relocate their IT services.""
There was already an acute shortage of labor in the technology sector, where on average, it can take up to 70 days to hire a skilled worker.
""The best talent is in Silicon Valley and the US, but the second-biggest hub is Eastern Europe,"" said one Wall Street analyst who has traveled throughout the region.
Developing tech talent isn't easy, and it isn't a problem as simple to fix as moving a factory from one location to another.
""The people problem takes a long time. These hubs take a long time to develop,"" the analyst said.
Unlike the economic hubs that have developed across the globe based on natural resource riches, precious minerals or commodities for fuel, intellectual concentration of resources doesn't happen often. Before Eastern Europe, it had been decades since a significant new software and technology talent pool had been developed.
So far, the companies most exposed are managing - building up a cash reserve in advance, relying on data centers outside the region to begin with, building redundancies into processes in the event that systems aren't functioning. But the longer the conflict persists, the more stability is at risk. The worst fears about cybersecurity and access to the technology needed to perform core tasks have not played out on a widespread basis, though there have been internet outages in Ukraine and Russian missiles targeting key infrastructure, and Russia's invasion is intensifying and expected to target more population centers.
If there is a potential silver lining, according to experts who have studied the region, while other global tech hubs such as Israel and some South American nations are growing, in the same way that European nations are committing to defense budgets that are much larger now than just a month ago, Eastern European nations such as Poland, Romania and Ukraine may see further investment and support in their economies in the future, even if Russia remains shunned by the global economy.
Volodarsky recently laid out a business plan with an end date that isn't typical for a CEO, not measured in a quarter or year, but rather, ""until the end of the war.""
• Keep it running with those who can work. • Support and pay the team even if they are not available. • Donate profits to army.
Among all the other global implications of a war that is still for many in the stun phase, one tech lesson that has the potential to be significant for both consumers and businesses is becoming clear: the global economy can't build a talent pool the size of the one that now exists in Eastern Europe quickly, but it's hyper-real now that events within a few weeks can suddenly run the risk of seriously damaging it. With the national average for a gallon of gas hitting its highest price since 2008 and the stock market on edge with the first land war in Europe since WWII being waged by one of the world's biggest crude oil producers, crude oil prices and energy stocks are an area of focus for investors. It is hard for stock market participants to avoid the question, are energy stocks, which have had a huge run since the pandemic bottom, still a buy given the geopolitical premium? But the related question could stop them in their tracks before continuing: will oil prices cause a recession?
Bespoke noted last week that as of Friday morning, WTI crude oil was up just over 20% within the week, one of five periods where crude rallied more than 20% in a week. It noted that three of the prior four periods where prices spiked occurred during recessions.
Rystad Energy, one of the top global energy sector consulting and research firms, expects a plunge in Russian oil exports of as much as 1 million barrels per day - and limited Middle Eastern spare capacity to replace these supplies - to result in a net impact that oil prices are likely to continue to climb, potentially beyond $130 per barrel, and relief measures such as releases from the Strategic Petroleum Reserve can't make up the difference.
There is of course disagreement and contrarian takes. Citi's commodities team wrote last week it is becoming ""probable"" that oil prices have peaked already or could soon consolidate near a top. But that would require a de-escalation in the Russia invasion of Ukraine and progress on Iran talks. US inventories are at or near lows, but Citi says stock builds are on the way in 2Q'22.
For Nicholas Colas, co-founder of DataTrek Research , this is a good time to look at the value of energy stocks in a diversified portfolio and how to think about the risk of oil prices causing a recession.
As an analyst covering the auto sector earlier in his career, Colas remembers the presentation decks used by economists employed by the ""Big Three"" automakers three decades ago, which they had been using since the 1970s oil shocks.
""The rule of thumb I learned from auto industry economics in the 1990s is that if oil prices go up 100% in a one-year period, expect a recession,"" he says.
A year ago, crude oil was $63.81 (March 4, 2021) a barrel. Double that and that is the strike price for a recession. On Friday, WTI crude was at $115 - by Monday, crude oil had touched the $130 level as talks between the US and allies about a ban on Russian oil imports picked up.
""We are close and getting there fast,"" Colas said.
These energy investments spin out attractive income, even as oil prices have fallen
'Too cheap to ignore': Bernstein predicts huge upside for these 3 clean energy stocks
Outperforming fund manager shares tips on investing sustainably - and generating big return
""We're at the point now where prices at the pump are higher on the way home from work than on the way in,"" Bespoke wrote in a note to clients on Friday.
But Colas added oil prices would need to be persistently over that doubling, staying at $130 rather than merely spiking and pulling back quickly, to be concerned. ""A day or two is OK, but a few weeks is not,"" he said.
A big caveat: the evidence isn't deep. ""Recessions don't come along that often, so we're talking three periods since 1990,"" Colas said.
Other market analysis argues that this is not the 1970s, and oil represents a much smaller part of GDP and economic consumption than it did then. A JPMorgan analysis from last fall made the case that equity markets would hold up in an environment even with oil prices as high as $130 to $150.
Still, underneath it all, oil prices drive gas prices and the consumer is 70% of the US economy. ""When you take that much money out of their pocket, it has to come from somewhere else,"" Colas said.
The spike in oil and gasoline prices comes just as commuting is returning to normal again as well, with more companies calling back workers across the country as the omicron wave of Covid has declined.
Office occupancy is currently running at 35%-37%, and there is about to be much more commuting and miles driven with as much as 65% of workers currently at home for at least part of the week needing to commute in, which will increase pressure on gas prices. Gas usage in the US has been climbing steadily, near 8.7 million barrels, and trending up quickly.
The return to offices is not necessarily a bad thing for the economy, as urban growth relies on it, but at the same, Colas says a broader economic environment with oil prices persistently above a 100% annual increase likely outweighs those benefits to GDP: ""Can we grow if oil prices stay here at 100%? Recent history says no.""
He said there is evidence from recent periods when spikes in oil prices didn't spell doom for the economy, but there was a key difference between those periods and today. Previous periods which were close to recession-inducing levels, but when no economic contraction occurred, include 1987 (+85%) and 2011 (81%).
""The issue here is that oil prices may have risen quickly, but they were nowhere near unusually high levels relative to the recent past. Consumers, in other words, had already mentally budgeted for those levels and while they were certainly unwelcomed they were not a complete surprise,"" Colas wrote in a recent note to clients. ""In 1987 we got a large spike on a percentage basis, but not on an absolute basis versus the prior few years. From 2011 - 2014, the percent change off the 2009 - 2010 bottom hit 80 percent, but on an absolute basis WTI was in line with the immediate pre-crisis past.""
The past decade has not been kind to the energy sector of the S&P 500 and most investors are underweight energy stocks. As of now, the energy sector is 3.8% of the US stock market. Even as energy stocks have bounced since the pandemic low of March 2020, their overall market profile has not risen. Consider that Apple (7%), Microsoft (6%) and Alphabet (4.2%) each have larger weights in the US stock market than the entire energy sector.
Farther back, energy was 29% of the S&P 500 in December 1980 after a decade of oil shocks and huge gas price spikes. It was, more or less, what technology represents in the US stock market today. Energy is a fundamental underweight, and the reason for that has been understandable: energy has been either the worst-performing or second-worst performing sector in seven of the past 10 years.
Nevertheless, Warren Buffett's Berkshire Hathaway recently doubled down on its Chevron investment (increased by about 30%) and last week revealed a $5 billion stake in Occidental Petroleum .
It is possible that even if oil prices are a probable cause of a recession right now, energy stocks - represented by sector ETFs such as XLE - are still buys.
This doesn't mean energy stocks would avoid the pain of a recession. The best thing for energy stocks isn't a rapid spike in oil prices like the one the economy is experiencing now, but a gradual rise. Stocks in the sector may not even be positive in a recession, but they may still outperform other sectors. ""All correlations go to one if the VIX is at 50,"" Colas said, referring to a measure of market volatility that would signal a crash. But he noted that the equity market, so far, doesn't want to crash based on its rebound from spikes in the VIX into the 30s as recently as last week. And the current geopolitical events and overall supply-demand imbalance in the crude market suggest that current oil prices are sustainable. Combined with the energy sector's diminished weight in the S&P 500, the sector's valuation as a whole, ""is just ridiculous,"" Colas said.
This is not the 1970s, and energy is not going back to that prominence in the market on a relative sector basis, but as recently as 2017, when market pundits were talking about oil companies as being valued ""terminally,"" the sector was still over 6% of the market. Buying the trough in 2020, when the sector fell to as low as 2% of the index, was wise, but Colas says 3.8% isn't the number that says it is time to sell. ""I don't know the right number, but I know even in 2019 it was 5% of the index.""
For Colas, doing the math on energy stocks as still being undervalued is simple: In 2011, the energy sector weighting in the S&P 500 was almost triple its current index representation, as high as 11.3%, and when energy was at similar prices. ""What else do you need?"" he said.
Investors should be very focused on hedging risk in the stock market right now, and maybe only in the US with energy stocks. In Europe, energy stocks were hit hard last week, which shows the case for US energy isn't about oil prices alone. ""European equities are just getting demolished. We don't share a land mass with Russia,"" Colas said.
All of this leads Colas to conclude that for investors looking at the stock market in this environment, ""if you want to win, it's energy.""
A recent update from S&P Global Market Intelligence showed energy shorts to have reached the highest level since 2020, but the details show that while there are a few big bets against ""wildcat""-style drillers, these short bets are more likely to be in other energy niches, including in renewable energy spots like EV charging, as well as in the coal sector, rather than among the biggest oil and gas producers. The biggest US oil companies, in fact, had less short interest than the S&P 500 as a whole .
""The biggest rookie mistake an analyst can make is trying to short a new high,"" Colas said. ""Never short a new high.""
""$130 is the max for oil,"" he said. ""We don't often see more than 100% return. But oil stocks are so cheap and good dividend payers.""",44.02173611111111,1
2022-03-08,14394,-0.001180350770612,0.0,-0.0015991659935027,0.0,1.0,1,4,"McDonald's, quiet on the Ukraine war, has more exposure to Russia than other US fast-food chains Some tech stocks are down 75% from their highs last year - these are among the biggest losers American businesses in China say US-China relations are back to Trump era tensions How will Russia's war with Ukraine end? Here are 5 possible outcomes","US fast-food chains have limited exposure to Russia and Ukraine, but McDonald's is under the most pressure, according to a new report from Bank of America Securities.
McDonald's, which owns a large majority of its restaurants in Russia, has been quiet about the Russian invasion of Ukraine . The company declined to comment to CNBC on Monday.
Other restaurant companies have avoided greater exposure to Russia and Ukraine because most - or all - of their locations in the countries are operated by franchisees. While those restaurants generate less revenue for the franchisor, it also means that a significant economic downturn in either country is less likely to dent the company's overall results. Rather than face consumer or government backlash from either side of the conflict, both the franchisor and franchised restaurants can point to their local ownership, even if the chain is based in the US
Since opening its first location in the Soviet Union 32 years ago, McDonald's has grown its footprint in Russia and Ukraine to more than 900 locations. Those restaurants account for 2% of its systemwide sales, roughly 9% of its revenue and 3% of its operating income.
The Chicago-based company has shrunk its ownership from 100% to roughly 84% of restaurants in Russia since the Kremlin invaded Crimea.
""In 2014, after Russia was hit with sanctions in response to its Crimea invasion, there was a perceived negative reaction at the country level against American companies, including McDonald's whose Moscow restaurants it closed for 'sanitary violations,'"" Bank of America Securities analyst Sara Senatore wrote in a note to clients Monday.
Franchisees operate the rest of McDonald's Russian footprint.
According to Senatore, a bigger threat to McDonald's business is whether the conflict spills over into the rest of Europe. The Continent accounts for nearly a quarter of McDonald's systemwide sales. Senatore estimates that the region could generate roughly a third of its operating profit.
Starbucks , on the other hand, generates only about 5% of its systemwide sales from Europe, according to Senatore. The coffee giant hasn't paused operations in Russia, where all of its cafes are run by franchisees. CEO Kevin Johnson condemned the Russian attack on Ukraine and vowed to donate royalties from its Russian business to humanitarian causes in Ukraine.
Yum Brands , which owns Taco Bell, KFC and Pizza Hut, has more than 1,000 restaurants in Russia that account for roughly 2% of its systemwide sales. However, the vast majority of those locations are franchised, so the revenue that Yum receives through licensing fees is much smaller.
""Like so many across the world, we are shocked and saddened by the tragic events unfolding in Ukraine, and we're focused on the safety of our employees, franchisees and partners in the region,"" Yum said in a statement to CNBC.
The company added that it is too early to discuss the impact but it is monitoring the situation very closely. Its foundation is donating $1 million to the Red Cross and matching employee donations to a number of charitable relief organizations.
Domino's Pizza and Burger King owner Restaurant Brands International also have restaurants in Russia and Ukraine, although all of those locations are operated by franchisees, according to Senatore. Macro conditions were already troubling for tech. With inflation at a 40-year high and the Federal Reserve signaling a series of interest rate hikes on the horizon, investors started the year by fleeing growth stocks, sending the Nasdaq in January to its worst month since March 2020, the early days of the pandemic.
The outlook over the past three weeks has gone from bad to substantially worse. Russia's invasion of Ukraine last month rattled an already fragile stock market, sprinkling geopolitical unrest into the stew of volatility. Oil prices just spiked to their highest in over 13 years, and other commodity prices are on the rise on supply concerns as Russia is a key producer of wheat, palladium and aluminum.
Energy and utilities are the only places in the US where investors are finding comfort. While everything else is getting hit, the highest-growth tech stocks are proving unpalatable to all but the most fervent industry bulls.
""The mood of the market is real foul right now for good reasons,"" Snowflake CEO Frank Slootman told CNBC's ""Mad Money"" on Wednesday. Shares of the cloud data analytics vendor plunged even though revenue beat estimates and the company gave an upbeat forecast.
Snowflake is more than 50% off its 52-week high reached in November. That makes the company a relative safe haven compared to wide swaths of the tech industry. Numerous stocks have lost at least three-quarters of their value since peaking in late 2021, and some well-known names are down 90% or more.
Byron Deeter, a partner at Bessemer Venture Partners and a cloud evangelist, said the median member in his basket of subscription software stocks is down 53%, and that price-to-sales multiples, on average, have compressed from 25 to below 12.
""This sector has just been pounded and yet the macro trends remain very much intact,"" Deeter told CNBC's ""TechCheck"" on Monday. ""You continue to have these extremely high-quality names but they're on sale across the board.""
CNBC pulled a list of tech and tech-adjacent companies currently valued at $1 billion or more that have lost at least 75% of their value from their 52-week highs. Here are 10 of the most notable companies.
Discount mobile commerce app Wish has struggled since shortly after its IPO in December 2020. The stock priced at $24 and got as high as $32.85. But it's now trading at $1.99, and is more than 90% below its intraday 52-week high from almost a year ago.
Wish's challenges are separate from the broader issues facing tech stocks. Fourth-quarter revenue plummeted 64%, declining for a third straight period. The story has gotten worse each quarter, with the primary problem being that people are abandoning the app .
CEO Vijay Talwar spent part of the company's earnings call on Tuesday trying to reassure investors.
""These numbers tell me we need fresh thinking to guide us back to the growth that we know is possible,"" Talwar said.
Shareholders don't see things improving anytime soon. The stock sank 16% last week.
Robinhood 's stock-trading app became a favorite for retail investors buying and selling meme stocks and cryptocurrencies, particularly after Covid-19 hit in a big way.
Robinhood's stock, which started trading in July, has largely been a bust. It's down 70% from its IPO price and 87% from its high in August.
The early hype cycle for Robinhood would have been hard to sustain in the best of times. On Aug. 3 investors pushed the stock up 24% despite a lack of news. On Aug. 4, it went up 50% with the launch of options trading, which has been a popular choice for Robinhood's users. But a day later the stock fell almost 28% after the company said existing shareholders would sell up to 97.9 million shares.
In January, the company gave a bleak forecast for the first quarter and showed a decline in monthly active users.
In 2020, Stitch Fix more than doubled in value, driven by the broader surge in e-commerce stocks. Since January 2021, the shares have been on a downward trajectory. They're down 85% from a year ago, the 52-week high, and over 90% from a record a couple months earlier.
Stitch Fix shares plunged 24% on Dec. 8, after the company warned that weaker-than-expected growth in new customers would weigh on 2022 revenue. Much of the slowdown was attributed to the rollout of a product called Freestyle , geared towards personalizing the shopping experience. CFO Dan Jedda called the transformation a ""multi-year endeavor.""
In addition to fewer new customers, Jedda said the guidance ""reflects the ongoing macro impact of global supply chain challenges in the industry.""
Workout bike maker Peloton became a pandemic darling in 2020. That was a long time ago.
In November, the stock fell 35% in a single session after subscription revenue, digital subscribers and gross margin all fell short of expectations. On Jan. 20, CNBC reported that Peloton was temporarily halting production of its connected fitness products, sending shares down almost 24%.
Peloton said on Feb. 8 that CEO John Foley would step down and the company would trim 20% of its workforce. The stock is down 83% from its 52-week high in July.
Affirm got a major jolt during the pandemic as its ""buy now, pay later"" offering was widely adopted by online retailers. Amazon even jumped aboard in August, helping boost the stock 71% that month.
Since reaching a high market cap of about $47 billion in November, Affirm shares have tumbled 81%, and the company is now valued at $9.5 billion.
The stock sank 20% or more in consecutive days in February, even after its revenue and forecast exceeded estimates. Analysts at DA Davidson said the full-year guidance was disappointing because it implied second-half weakness. Still, they recommend buying the shares.
""With expanding consumer adoption amid a broadening Affirm retail footprint, Affirm's volume growth is accelerating while most BNPL peers are slowing,"" the analysts wrote.
Opendoor pioneered the iBuying, or instant buying, home market, using a combination of technology and people to purchase houses in high volumes and then sell them. When rival Zillow announced in early November that it was exiting the market , investors saw it as a positive sign for Opendoor, sending the stock up 16% in one day.
However, in the four months since, Opendoor is down more than 70%, and the stock is down 78% from its 52-week high almost a year ago.
Opendoor's steepest plunge came on Feb. 25, when the shares lost 23%. Like so many other out-of-favor tech companies, Opendoor topped estimates and beat on its outlook, but investors hit the exits anyway. The one key fourth-quarter metric that disappointed was contribution margin, or the revenue left from home sales after costs. That number was 4%, down from 12.6% a year earlier.
On Feb. 18, Roku's stock fell 22%, tied for the largest single-day decline since the streaming company went public in 2017. Roku's fourth-quarter revenue and first-quarter guidance both missed expectations , prompting Pivotal Research Group to give the stock a sell rating.
TV unit sales have declined in the US as device manufacturers have run into shortages. Roku is eating the costs rather than passing them to customers.
""In essence, Roku is going to grow revenue at a slower than expected pace in combination with a massive ramp in expenses, into potentially a global economic slowdown with increasing levels of competition,"" Pivotal's Jeffrey Wlodarczak wrote in a note.
The stock is down 77% from its 52-week high in July.
The Israeli website builder Wix is still taking market share, but at a more modest pace, Atlantic Equities analysts Kunaal Malde wrote in a note to clients earlier this month. He lowered his rating on the stock to neutral from the equivalent of buy.
A decade ago Wix was growing revenue by 95% a year. But growth dipped into the teens for the first time in the fourth quarter.
Wix shares fell 23% on Feb. 16, after the company reported fourth-quarter results, the largest decline since its 2013 Nasdaq debut. Revenue and first-quarter revenue guidance both failed to meet analysts' expectations. The shares are 77% below their 52-week high from April.
""Sales and marketing efficiency is moderating on a gross profit basis,"" Malde wrote. As it pulls back on spending, ""Wix also risks losing incremental share of higher-yielding commerce websites,"" he added.
Online real-estate brokerage Redfin showed surging growth in 2021 as home shoppers shook off pandemic concerns. Revenue increased 117%.
Yet investors cut Redfin stock by 20% on Feb. 18, after the company issued its fourth-quarter numbers. The shares are 76% below their 52-week high from March of last year.
Redfin's gross margin was narrower than expected as a result of higher transaction bonuses and personnel costs, Chris Nielsen, the company's finance chief, said on a conference call with analysts.
Revenue per transaction also inched lower. The company has seen a shift in its user base with people moving to cheaper homes, Nielsen said.
If you've eaten under a heat lamp at a neighborhood eatery in the past couple years, you've probably become familiar with the name Toast . The company grew up by providing point-of-sale software and hardware to restaurants and emerged as an industry heavyweight during the pandemic by helping customers transition to a world of contactless ordering and payments.
Toast went public in September and rallied steadily until early November, reaching a high market cap of about $35 billion. It's since fallen about 75% to $8.8 billion.
The biggest one-day drop, an 18% plunge, came on Feb.16, after revenue beat estimates but the company's loss was wider than analysts expected. Revenue is projected to increase 39% this year and 33% in 2023, and the company is ""still a strong share gainer in the US restaurant space,"" according to a note last month from Mizuho Securities analysts, who have the equivalent of a hold rating on the stock. BEIJING - American businesses in China no longer expect relations between the two countries to improve from the tensions of the Trump administration, according to a business association survey.
After President Joe Biden was elected in late 2020, there was a spike in optimism among businesses, with 45% of respondents expecting better US-China relations, the American Chamber of Commerce in China's annual survey of members found.
That level of optimism has dropped to 27% of respondents in the latest survey - conducted in fall 2021 - the same as when Donald Trump was president and enacted tougher policies on China. Rising US-China tension has ranked among the top five challenges for doing business in China since 2019, the survey said.
""There was a level of perhaps hope and optimism once Biden entered office that the relationship would improve,"" Alan Beebe, president of AmCham China, said Tuesday in a call with reporters.
""But I think what we've seen over the course of the last year is that there's a new reality that has set in, where largely speaking many of the policies and sentiment of the Trump administration remain in place with the Biden administration,"" he said.
Since Biden took office in early 2021, Trump-era tariffs have remained in place, while the US has added more Chinese companies to blacklists that prevent them from buying from American suppliers.
Trump used sanctions and tariffs in an attempt to pressure China to address longstanding complaints of intellectual property theft, unequal market access and forced transfer of critical technology.
While the Chinese central government has announced policies to address many of these concerns, AmCham said local implementation remains uneven.
The last year of regulatory crackdown and new laws on data privacy have added to American businesses' challenges to operating in China and caution on future investments, the survey found.
Economists said last month that the worst of the crackdown was likely over as Beijing focuses more on growth, but they noted that does not mean the end or reversal of regulation.
China's economic slowdown is also affecting business operations in the country, while Covid-19 travel restrictions discourage new, overseas talent from joining local teams.
The share of companies anticipating a year-on-year increase in profits ticked up to 59% in 2021 from 54% in 2020, but well below the 73% seen in 2017 before the pandemic and US-China trade war, AmCham said.
Beebe said a reason for the continued pressure on profits is that companies have not been able to pass on rising production costs while remaining competitive locally.
US businesses in China increasingly feel less welcome and face growing political pressure from Beijing, Washington and media in both countries, the survey found.
More than 40% of respondents said they received pressure to make or avoid making statements about politically sensitive issues, particularly among consumer businesses, the report said.
Geopolitical tensions have become business risks at a local level for many international companies.
Foreign brands like Nike and H&M faced backlash on Chinese social media last year over comments about reports of forced labor in Xinjiang in western China. More recently, US and European businesses have cut ties with Russia after the Ukraine war began, while Chinese tech companies doing business in Russia have remained silent.
For American businesses in China, it's too early to tell what the impact might be of US sanctions on Russia, other than for businesses that export to Russia, Beebe said.
The share of respondents planning to increase business investment in China held steady from last year at around two-thirds, the survey found. The share of respondents not considering a relocation of manufacturing or sourcing also held steady at 83%, the same level since 2019.
AmCham survey respondents remained optimistic about the Chinese market opportunities, not just for the consumer market but also for resources and industrials.
Aerospace, oil and gas and energy were industries where well over two-thirds of respondents said the quality of China's investment environment was improving.
JPMorgan picks China stocks to buy now. Alibaba's not on the list
Portfolio manager explains why he has the 'most conviction' in this China tech stock
China's version of Spotify is 'underappreciated,' Morgan Stanley says
Goldman Sachs loves this sub-sector in China - and names 3 stocks to buy
But a greater portion of businesses planned investments at a smaller scale this year, while 18% said US-China tensions could delay or cancel China investment decisions. Significantly fewer companies were confident in Beijing's commitment to open the local market further to foreign investment in the next three years.
Foreign companies overall increased their investment into China last year, up by 14.9% from a year earlier to 1.1 trillion yuan ($171.88 billion), according to China's Ministry of Commerce.
Investors from Singapore and Germany increased their investment by 29.7% and 16.4%, respectively, the ministry said in January, without disclosing figures for other countries.
US investment in China accounted for nearly 20% of foreign direct investment in the country in the years leading up to the pandemic, according to National Bureau of Statistics data accessed through Wind. Less than two weeks into Russia's invasion of Ukraine and the country's people and armed forces continue to mount a staunch - and undeniably brave - resistance against Russian forces.
But for all of Ukraine's heart and courage in facing down multiple, sustained attacks from Russia's military in the north, east and south of the country, many analysts and strategists believe it is only a matter of time before Ukraine is overwhelmed by Moscow's military might.
What comes next for Ukraine could be bleak, these experts say, with many expecting a long and drawn-out conflict, noting that even in the most positive scenario - that Russia withdraws its troops and Ukraine remains a sovereign nation - Europe is unlikely to return to the prewar status quo.
CNBC takes a look at the possible outcomes for Ukraine and what might happen in each of them:
Close watchers of the Russia-Ukraine war say the fluid and rapidly changing nature of the conflict makes it hard to gauge what will happen next in Ukraine, with both Moscow's and the West's next moves unpredictable.
However it's widely expected that Russian President Vladimir Putin , loathing Ukraine's current pro-Western government and its aspirations to join the EU and NATO, wants to install a pro-Russian regime in Kyiv.
Just how and when (and if) that happens is uncertain but Eurasia Group's base-case scenario for the next three months is for Russia to gain ""patchy control of eastern Ukraine, up to the Dnipro River"" and to capture the capital Kyiv after a protracted siege, and for ""a Russian-backed puppet government"" to be established.
Eurasia Group's chairman, Cliff Kupchan, and colleagues added in a note Thursday that ""a rump Ukrainian state"" is likely to be led from Lviv, a city in Ukraine's west and near the border with Poland, with the semi-exiled government likely to receive ""heavy western support.""
The analysts predicted refugee flows of 5 million to 10 million people from Ukraine to Western Europe.
In such a scenario, Eurasia Group predicted that NATO, which has so far refused to intervene militarily in the conflict (Ukraine is not a member of the military alliance), would provide ""significant military assistance to the western Ukrainian state and materiel [military materials and equipment] to support insurgency in eastern Ukraine."" But they added that this could lead to the risk of airborne clashes between Russian and NATO aircraft.
Russia's military strategy has at times been beset with logistical problems, confusing the picture of what Russia's main or immediate goals are.
To date, only one city has definitively fallen to the Russians since the invasion began in the early morning of Feb. 24 - Kherson - although others like Mariupol, in the south, appear to be perilously close amid food, water and power shortages.
Resistance to Russian forces is likely to get tougher as the war progresses and Russia pulls out the stops to seize more territory.
Scott Boston, a senior defense analyst at the Rand Corp., told CNBC on Friday that the Russians ""have a whole lot of combat power left and a lot of capacity to scale up the violence, which seems to already be happening. This thing could really drag on for a long time.""
Some analysts agree that any patchy control over Ukraine by Russia could lead to some kind of partitioning of the country, particularly as Russia becomes firmly entrenched in eastern Ukraine - particularly in the Donbas region where it recognized the independence of two pro-Russian republics ahead of its invasion of the wider country.
Taras Kuzio, a research fellow at the Henry Jackson Society, wrote in an article for the Atlantic Council on Thursday that Moscow has indicated that it is aiming at ""the complete military conquest of Ukraine followed by a partition and a massive purge of the civilian population.""
""Putin's apparent objective is to eradicate all vestiges of Ukrainian identity while condemning the country to a grim future as a military dictatorship locked firmly inside a new Russian Empire. This nightmarish vision tallies closely with Putin's own stated objectives for the current military campaign along with his long record of public contempt and animosity towards Ukrainian statehood,"" he said.
There are many questions over who could lead a loyalist regime in Ukraine, one that could resemble that of Belarus' Alexander Lukashenko. Kuzio noted that there has been speculation about Moscow seeking to install former Ukrainian President Viktor Yanukovych, who was stripped of his powers by Ukrainian lawmakers during the 2014 Maidan Revolution and fled Kyiv for Russia.
""This would be entirely in keeping with Kremlin propaganda, which has insisted for the past eight years that Yanukovych was illegally removed by a Western-backed coup,"" Kuzio noted.
Most warn that Ukrainians would continue to fight against any puppet regime, with the conflict descending into an insurgency with those Ukrainians left in the country attempting to topple any such regime by any means available.
Close watchers of Russia like Tim Ash, an emerging markets strategist at BlueBay Asset Management, have said Russia is likely to face a long, drawn-out, pricey and painful occupation of Ukraine.
""Assuming Putin wins the military war the trillion dollar question is how he wins the peace in Ukraine ... Ukrainians have had 30 years of freedom, which they relish, and how can Putin turn the clock back to 91' [the collapse of the Soviet Union] without brutal suppression which would further make him, and his puppet regime in Kyiv, international pariahs. This is not 1945, 1956 or 1968 where Soviet troops/the NKVD [the Soviet law enforcement agency] did bludgeon civilians into submission, but 2022,"" Ash said in emailed comments on Feb. 25, a day after Russia invaded Ukraine.
""Ukrainians will resist long and hard even if the formal military battles end. And news 24/7 and the internet will expose Putin's brutality for all to see.""
There's of course the possibility that a Ukrainian fightback doesn't pose a significant challenge to Russian forces that remain in Ukraine - after all, thousands of fighters are civilians who taken up arms and have been hastily trained.
Other analysts warn of a ""quagmire"" - where there is no easy solution for what would likely be a heavily destroyed Ukraine, or for Russia - if an insurgency continued long term.
In this scenario, strategists at the Atlantic Council's Scowcroft Center for Strategy and Security program, Barry Pavel, Peter Engelke and Jeffrey Cimmino, noted that Russia's victory in Ukraine would be a ""pyrrhic one,"" that is, a victory not worth winning because so much is lost to achieve it.
In this scenario, the strategists noted that a Ukrainian insurgency could force ""a significant, sustained human and financial toll on Russia"" as it would be required to devote far more of its resources over a much longer period of time than it had anticipated. In the meantime, NATO countries ""would likely provide covert but very robust defensive assistance to the Ukrainian resistance.""
In this scenario, ""the conflict drains Moscow's coffers and resolve, ultimately forcing a withdrawal after much violence and death,"" an outcome that has echoes of Russia's ill-fated, unpopular and costly invasion of Afghanistan in 1979, a conflict that lasted 10 years and led to the deaths of 15,000 Russian soldiers.
In this scenario, the strategists noted, Russia would realize it has ""once again fought an unwinnable war, the proverbial quagmire that has trapped many powerful states through history.""
While this scenario might appear positive for Ukraine, with Russia becoming a pariah state at a global level and withdrawing after a costly invasion, Ukraine would be ""devastated"" in the process, the strategists said.
The Western military alliance NATO has repeatedly refused to directly intervene in the Russia-Ukraine war as doing so would likely bring it into direct conflict with Moscow which, for its part, has warned that any country that ""interferes"" in what it calls its ""special military operation"" in Ukraine will face untold consequences.
Countries on the EU's (and NATO's) eastern flank like Poland, Romania and the Baltic states, all of which have seen their NATO deployments bolstered in recent weeks, are extremely nervous about the potential for the conflict to spill over into their own territories.
If Russia prevails in Ukraine, analysts including Ash have warned of a new ""Iron Curtain"" descending on Eastern Europe, creating two opposing geopolitical blocs reminiscent of those in the Cold War - the EU (and NATO nations) on one side of a potentially militarized border and Ukraine and other countries in Russia's political orbit (such as Belarus and Moldova) on the other.
Such a situation is a tinderbox in Europe, Ian Bremmer, Eurasia Group's president, said in emailed comments Monday. He noted that it's a ""non-starter"" for the West to send troops to fight alongside Ukrainians or to implement a no-fly zone over Ukraine ""because that leads to direct confrontation between NATO and Russian troops and accordingly risks World War III.""
""Anything short of that is fair game: you can send fighter jets and other advanced weapons systems to the Ukrainians, provide Ukraine with real time intelligence on the disposition of Russian forces, and take economic measures without limitation to destroy the Russian economy,"" he said.
But Bremmer believes that Putin still perceives this kind of help ""as acts of war taken by the United States and NATO allies against Russia, meriting retaliation.""
Bremmer said Russia may therefore resort to more indirect attacks including cyberattacks against critical infrastructure, disinformation campaigns, and even the possible sanctioning of terrorism in and against NATO countries.
""It remains highly unlikely Russia would launch direct military attacks against NATO forces, given that's understood by NATO to be a tripwire for a broader war ... but support for Chechen terrorist attacks into frontline NATO states delivering all these weapons? That's another matter. NATO would be unlikely to respond directly with military strikes against a nuclear power; the only way to prepare is greater intelligence efforts to prevent or at least blunt the effectiveness of the efforts,"" Bremmer said.
Strategists based in Eastern Europe are under no illusion as to whether NATO could get dragged into the conflict.
Michal Baranowski, director of the German Marshall Fund's Warsaw office, told CNBC just hours into Russia's invasion that Putin ""told us what he wants to do, he wants to change the government in Kyiv and when he was laying out his demands he was talking about the eastern flank of NATO and the rest of Europe as well. So buckle up, we need to be deterring not only attacks on Kyiv but the rest of the lines.""
""The world has changed. There is no going back ... we are in an entirely new era,"" he said.
""We are in for a very long fight, this is not going to be short, this is not only going to be about Ukraine. ... This is probably the biggest challenge that we are seeing in Europe since World War II,"" he said.
Analysts of course agree that an unequivocal withdrawal of Russian armed forces from Ukraine would be best possible outcome for the country in its dire situation.
Analysts at the Scowcroft Center noted that, in their ""rosiest"" possible scenario for how the Ukraine conflict could end, Ukraine could see its own defensive capabilities bolstered by NATO, allowing its military and civilian resistance to ""overcome the odds and grind Moscow's advance to a halt.""
In this hypothetical scenario, Putin would be prevented from toppling Kyiv's government and establishing a puppet regime, while ""the determination and skill of the Ukrainian resistance forces a stalemate on the battlefield that favors the defenders,"" the Atlantic Council's strategists Pavel, Engelke and Cimmino noted.
Indeed, in this ""miracle"" scenario, the analysts said that the Kremlin realizes that Russia ""will pay an exorbitant price"" for its invasion of Ukraine and, facing the prospect of a long and costly slog in Ukraine, coupled with economic collapse and diplomatic isolation, Putin would order a withdrawal of his troops.
Still, even this outcome where Ukraine remains a sovereign democracy and NATO is faced with an improved security situation could be ""fraught with danger,"" the analysts warned.
""The short war has claimed thousands of lives on both sides, leaving widespread bitterness in its wake. And although a democratic Ukraine emerges intact if not unscathed, its still-dangerous neighbor faces an uncertain future with the Russian political landscape at a tipping point. Whether the country leans toward greater authoritarianism under Putin, or away from him altogether, will largely determine how Russia behaves with the rest of the world,"" they added.",8.172291666666666,1
2022-03-09,14371,-0.0015991659935027,0.0,-0.0050926197474497,0.0,1.0,2,3,"Fears grow among Russia's neighbors that Putin might not stop at Ukraine After unprecedented Russia boycotts, corporate boardrooms will face a much trickier, longer-term global end game Putin's always wanted to weaken the West. He's done the exact opposite","Tensions are rising in Europe's ex-Soviet Baltic nations that President Vladimir Putin might not stop at invading Ukraine, and could have his sights set on them.
Lithuania, Latvia and Estonia - the Baltic countries located in north-eastern Europe - are now members of the EU and NATO. However, in June 1940 they were invaded and occupied by the Soviet Union and after World War II were a part of the USSR until its collapse in 1991 when they regained their independence.
Today, it's estimated that a million ethnic Russians still live in the Baltics. That is a worry for the region, as Putin's pretext for an invasion of Ukraine was the ""protecting"" of ethnic Russians the country's east - a justification widely questioned and dismissed by many experts on the region.
Many analysts perceive Putin's invasion of Ukraine as an attempt to rebuild Russia's lost Soviet empire, the destruction of which Putin once described as ""the greatest geopolitical catastrophe of the 20th century.""
Russia has also sought to bring other former Soviet republics into its sphere of influence, including Belarus and Georgia to its north and Moldova to its south, with varying degrees of success. There have been a number of anti-government protests in these countries over the years, most notably Ukraine's pro-democracy revolutions in 2004 and 2013.
Now, there are concerns in the Baltic states that Russia, having invaded one former Soviet territory, could go further and launch an assault on them.
European Commission Vice President Valdis Dombrovskis warned Monday that the EU had to take the Russian threat seriously.
""If we do not support Ukraine, it's not going to stop in Ukraine. Clearly Putin is now in some kind of aggressive war mood and unfortunately it is likely that this aggression will continue in other countries,"" he said in an interview with Politico published Monday evening.
In an apparent effort to reassure the region, US Secretary of State Antony Blinken started a two-day tour of the Baltics on Monday, visiting Lithuania and Latvia Monday and Estonia Tuesday.
Lithuanian President Gitanas Nauseda appeared to press Blinken for more collective NATO action when speaking at a joint press conference , saying that ""deterrence is no longer enough, and we need more defense here ... because otherwise it will be too late here, Mr. Secretary. Putin will not stop in Ukraine; he will not stop.""
And the country's Foreign Minister Gabrielius Landsbergis said the West had a ""collective duty and obligation"" to help Ukraine, adding: ""If you want to avoid the third world war. The choice is in our hands.""
Blinken responded by insisting that ""the United States, with all allies and partners, will defend every - every inch of NATO territory should it come under attack, and there should be no doubt about that on anyone's mind.""
But he stressed that NATO has no aggressive intent and will not seek out conflict.
Latvia's Foreign Minister Edgars Rinkevics told CNBC Tuesday that he had been reassured by Blinken's visit. He welcomed the pledges for practical support, such as additional US troops in the region and discussions on bolstering its defenses.
""One really important thing is that there are not only political statements but also already practical things,"" he told ""Squawk Box Europe."" ""I feel the US support very much.""
In a press conference Monday, Rinkevics said that public opinion and policymakers' decision-making had shifted with regards to military deployments, noting that now ""we need a permanent stationing of NATO troops, including US troops, on our soil"" - something he had called for before Russia's invasion of Ukraine.
On the day Russia invaded Ukraine (Feb. 24), Biden ordered the deployment of an additional 7,000 US troops to Europe, and moved forces already in Europe to NATO's eastern flank, including to Latvia.
When asked if he was worried that Russia could cite the protection of ethnic Russians as a pretext for further invasions, Rinkevics said there was a ""huge difference"" between Ukraine and the Baltics, as they are part of NATO and the EU.
""If you look at the composition of Latvia, there are no such territories that are hugely Russian-populated,"" he said. ""Yes, there is a Russian minority, but there is a shift in the Russian-speaking population as we speak.""
Nonetheless, Rinkevics said he feared that a second Cold War was emerging, with a schism growing between the West and Russia, and countries within its sphere of influence. ""The Iron Curtain is now falling, Russia is disconnecting itself from the Western world ... I think we're in a very long situation here.""
Even though the Baltic states have been a part of NATO and the EU since 2004, with all three using the euro as their currency, their geographic location makes them vulnerable. Like Ukraine, they all share a border with Russia. Latvia and Lithuania also share a border with Russia's ally Belarus, which is widely believed to be supporting Russia in its invasion of Ukraine.
Krista Viksnins, program assistant with the Transatlantic Defense and Security Program at the Center for European Policy Analysis, commented in an editorial last week that the Baltics had good reason to be concerned.
""All three [Baltic countries] have successfully reintegrated into Europe. Yet they are now at risk and must be among the West's top priorities - Russia has demonstrated its desire to make Ukraine a vassal state through full-scale military action and may not stop its bloody campaigns,"" Viksnins wrote.
""Just as Vladimir Putin issued blood-curdling threats to Ukraine before his unprovoked assault, so too he has menaced the Baltic states.""
It's an issue also raised by the European Commission's Dombrovskis in his Monday interview.
""If you look at escalating Russia's aggressive rhetoric and even statements claiming Russia supporting Belarusian interests in having access to Baltic Sea, and the increasing anti-Baltic rhetoric - well in Ukraine, it also started with increasing anti-Ukrainian rhetoric,"" he added.
The Western officials all agree: Ukraine must be helped in its war against Russia.
The West should support Ukraine in ""any way we can,"" Latvia's Foreign Minister Rinkevics said, while Lithuanian Foreign Minister Gabrielius Landsbergis told CNBC Monday that ""any country that has means, should be providing what it can."" As corporations across all sectors of the economy exit Russia with unprecedented speed, one of the questions being weighed is where this response to an act of unprovoked war fits on the spectrum of leadership decision-making.
Is it a short-term pause; a demonstration of the greater, maybe lasting, influence of ESG in the C-suite; or a significant reshaping of corporate strategy and the economy around the theme of de-globalization?
For experts in international business and management, the current events appear as if they may go well beyond reputation management and to a fundamental shift from the post-World War II period of increasingly global markets and efforts to achieve global scale, which were still firmly in place only about a week ago.
""The world has changed and the C-suite really started taking seriously the parts of the world we don't want to go to,"" said Witold Henisz, professor of management at The Wharton School, University of Pennsylvania. ""In 48 hours companies were pulling out and rethinking the post-war world. This is a fundamental break. It isn't a proxy war or limited incursion. This is not something that has happened since 1940.""
One thing is clear: the ""old-school"" political risk of conventional international warfare is back, say Stanislav Markus, an international business professor at the Darla Moore School of Business, University of South Carolina, and associate at the Davis Center for Russian and Eurasian Studies at Harvard University. For many decades, large-scale violence had been geographically restricted - for example, to pockets of terrorist activity, civil wars, or drug cartels, and in failed states such as Afghanistan or specific regions of major economies, such as Mexico.
It is too soon to conclude a broader de-globalization trend is accelerating, according to Gary Hufbauer, a fellow at the Peterson Institute for International Economics, but he says for experts already studying globalization data for signs of a reversal, the Russian invasion of Ukraine is potentially significant. From 2010 to 2015, globalization continued to increase, but the rate slowed between 2015-2019. Covid caused the rate of globalization to go backward in 2020, and the question now is: by 2025, will that abrupt reversal in globalization become persistent?
""We may be at a turning point here because of the strong forces against the standard economic forces that drove globalization. There is no quick reversal of this,"" Hufbauer said of Russia's invasion.
Some globalization experts remain cautious about a rush to judgment on the impact of Russia, while noting the rate of globalization has slowed. ""The halt in the period of rapid globalization actually goes back further than Trump & the pandemic (important as those have been). It started with the global financial crisis,"" said Jeffrey Frankel, a leading expert on globalization at Harvard University and former White House Council of Economic Advisers member.
He cites one important statistic: For some decades, prior to 2008 the ratio of trade/GDP had been rising steadily (trade had been growing twice as fast as GDP). Since 2008-09, the ratio has been pretty flat.
""My best judgement is that the major events with respect to Russia will not further set back globalization. Obviously Russia itself will become substantially cut off; but Russia is a very small share of the global economy,"" Frankel said.
Hufbauer thinks the emphasis on corporate social responsibility has played a role in the swift response and we have seen companies exit markets in the past, such as Cuba and Iran. ""But this is unprecedented,"" he said. ""Big companies in droves. My thinking is that we've had this period of emphasis on corporate social responsibility and many CEOs and directors nominally saying they are all for it. With the 'woke language' of the moment they would be hard pressed by the background and their statements and the atmosphere not to be out in front of it,"" he said.
For some companies it will be easier to resume business in Russia than others, and at less overall cost. A company like Disney pulling a film release is not in a position similar to BP or ExxonMobil walking away from multi-billion-dollar oil and gas projects , though working in the country has proven difficult for energy firms from well before this crisis. Shell learned just how quickly its reputation would become a headline issue during this conflict for purchasing Russian oil, even though it too had previously announced an exit from Russian business ventures with state-owned Gazprom. On Tuesday, Shell said it will be withdrawing from all Russia oil and gas operations .
""If you have to pull out under such pressure, you might as well look courageous. No one wants to be the last one still in,"" said Henisz, who studies corporate ESG. ""What's happening is coming up in ESG conversations,"" he said, but he stressed that he doesn't believe ESG is the primary driver for the corporate decisions. ""The pullouts are not happening because of those conversations. It's because Russia launched a land war in Europe,"" Henisz said.
Brands from Apple to many of its Silicon Valley rivals and fashion luxury houses may not have too much to lose in the short-term from suspending operations, even though Russia is still a reasonable size consumer market with 144 million people. McDonald's and PepsiCo , which have among the largest revenue exposure to Russia, according to FactSet, among S&P 500 companies, had been slower to make a decision . But on Tuesday, McDonald's - which stated in a regulatory filing it has 9% revenue exposure to Russia and Ukraine - said it will temporarily suspend business at all of its Russia locations , 850 restaurants, and then later in the day, Starbucks, PepsiCo, as well as Coca-Cola, announced their own business halts in Russia.
Between the sanctions, inflation in Russia and the rouble crash , it was not a hard call for many consumer brands that were first to pull out of the market. ""The reputation risk gets exponential as you wait,"" said Scheherezade Rehman, a professor of international finance at George Washington University who has advised the US State Department, The World Bank and IMF. And especially for companies without a significant physical real estate footprint and few workers of their own in the country to support, the business isn't worth the risk or current operational headaches. ""Having an export market overseas at some point means taking local currency and exchanging it into dollars or euros. You don't want to be stuck in roubles. That's not a good business,"" she said.
Among the biggest implications of de-globalization is a financial system that could fragment to a much greater extent on a geopolitical basis. Mastercard and Visa pulling out of Russia over the weekend, and PayPal suspending operations in Russia, are part of the response from the corporate world after the unprecedented sanctions imposed on Russia kneecapped the eleventh-largest global economy in a matter of days.
Rehman says while retail brands without their own extensive physical real estate footprints can easily move back into Russia, and there are workarounds within Russia for businesses - email, fax, Telex, she thinks many may choose to stay away given complexities under current conditions and that will have a lasting impact. ""You can still make payments, but who wants to do business like that? It will erode,"" Rehman says.
While companies won't state their decisions in these terms, even large ones may choose to stay away because the unprecedented sanctions are not worth attempting to fully understand given the risks of ending up on the wrong side of the US government.
This never before seen type of ""financial nuclear warfare,"" as Rehman calls it - a coordinated block of a nation on such a scale and so fast-moving, including its central bank, has implications that are large and likely to grow over the longer-term. Cryptocurrencies and fintechs will factor into the future, but there are even bigger changes likely for the core ""plumbing"" of the global transactions system. With SWIFT now politicized and alternative payments systems already developed in countries including China, Russia and India - as well as in the EU, which didn't want to be as reliant on SWIFT, which is 80% US dollar dominated - experts says the financial geopolitics will expand beyond this hybrid, kinetic war.
""This sends a powerful signal to other regimes that may run afoul of the West, which controls the global financial infrastructure,"" says Markus. ""The signal is: create alternative infrastructure asap. We will see a fragmentation of payment networks, a proliferation of state-issued digital currencies, 'sovereign internet' (as Russia termed its largely failed effort), etc.""
The global technology talent pool is also being shaken up. Over one million technology professionals work across Ukraine, Russia and Belarus, part of an Eastern European ""Silicon Valley"" that boomed in recent decades. Gartner, which says 43% of executives were worried about de-globalization even before Russia invaded Ukraine, stated in a recent report that the emerging issue of ""digital geopolitics"" is one of the most disruptive trends in the technology space.
""The answer should not be a reactive onshoring of capabilities, especially in a world where the current crisis will increase existing shortages of digital skills,"" David Groombridge, Gartner Research VP told CNBC via email. ""Instead, executives need to navigate a complex balance of competitive advantage, geographic concentration risks, skills availability, legal and regulatory issues, and country risk factors to relocate their IT services.""
If de-globalization is going to escalate, and China and India's positions on Russia's invasion remain nuanced, it didn't come out of nowhere. The battles in recent years between the US and China over key technology and actions imposed on Huawei were warning shots in what may yet become a much larger divide.
""The global geopolitical realignment, and the early signs of a China-Russia anti-Western partnership, imply that businesses may need to prepare for an emergence of Cold War blocks (amplified by infrastructural de-coupling). The challenge is how to span the blocks effectively and act as a bridge-builder in the eyes of the stakeholders,"" Markus said.
This is the more significant issue than the multi-national corporate outlook in Russia. If boardrooms are now playing out a war scenario that snuck up on them, the strategies being devised for Russia are the first draft of a playbook for the far more bleak prospect of potential Chinese aggression against Taiwan.
In recent days China has pushed back against any attempt to draw parallels between Russia's invasion of Ukraine and its ambitions, and has tried to walk a finer line in its stance on Russia than it did initially. In fact, some experts believe China may be the key , or even only hope, in deescalating the Russia-Ukraine situation.
Russia can carve out its ""sphere of influence"" at the expense of Ukrainian sovereignty, and then it will remain a global pariah on par with Iran, North Korea, and Venezuela, experts say. Executives would need to re-draw supply chains to avoid any reliance on Russia in the future, or turn back to playbooks from the past in which global businesses worked in other autocratic states without the rule of law. They make deep connections to state actors - as well as to societal stakeholders - because in such situations that is paramount since no independent courts can protect foreign investors, says Markus, who has studied these relationships.
There are hopes that China will view the swift, unified response to Russia's invasion as a reason to move more slowly. But China's economy is much larger than Russia's and the corporate repercussions would be extreme if this scenario were to play out in relation to its territorial ambitions. ""Which explains the muted corporate response to human rights violations in Xinjiang or Hong Kong,"" Markus said. ""However, ignoring a brutal violent war (if China repeats Russia's mistake) for corporations would mean losing their credibility with a broad range of stakeholders. Clearly, advance discussions of such scenarios in the boardrooms are necessary.""
""That's the bigger issue, people starting to think, what will we have to do about China, in 5 years, 10 years? People are starting to have a conversation they never had before,"" Henisz says. ""One of the most important conversations going on in board meetings in 2022 will be, what would happen if we have to pull out of China?"" If there's anything we've learned about President Vladimir Putin over the 22 years or so that he's been in power in Russia it's that he has systematically and repeatedly tried to weaken and undermine the West.
But in his invasion of Ukraine he seems to have achieved exactly the opposite, managing to unite most of the international community in its condemnation of Russia's aggression toward its neighbor.
""NATO is united - more so than at any point since the Soviet collapse - with a renewed sense of purpose and mission,"" Ian Bremmer, president of political risk consultancy Eurasia Group, commented this week.
""So too is the European Union: Germany supports ending their economic dependence on Russia and is nearly doubling their defense spend; France is on board ... even Moscow-tilting Hungary has condemned the invasion, favored a crippling sanctions regime, and is allowing in hundreds of thousands of Ukrainian refugees,"" Bremmer said in emailed comments Monday.
The West is used to Russia behaving like a ""malign actor"" on the global stage with its interference in democratic processes like its meddling in the 2016 US election or support for far-right political groups in Europe, or the overseeing of state-sponsored cyberattacks and weaponizing energy supplies with recent gas price rises in Europe. It was also widely seen as responsible for a nerve agent attack on UK soil in 2018 and was subsequently sanctioned . Putin was then accused of ordering a nerve agent attack on his political nemesis and biggest critic, Alexei Navalny, in 2020. Russia denied involvement in both attacks despite overwhelming evidence to the contrary.
With this background of bad behavior and geopolitical meddling, Russia's invasion of Ukraine should come as no surprise, particularly given its annexation of Crimea in 2014 and its overt attempts to politically influence other former Soviet neighbors, like Belarus and Georgia.
Despite imposing sanctions on Russia for Crimea's annexation, the West was widely accused of not being tough enough on Moscow with analysts saying Putin learned from the Crimea experience that he could invade and annex part of a sovereign state and, essentially, get away with it.
But now, with Russia's invasion of the north, south and east of Ukraine on Feb. 24, the West looks more united than it has been for many years. Recent divisions over, within and between NATO, the EU, the UK and other developed nations are seemingly dissipating overnight as nations unite to help Ukraine defeat Russia.
Anton Barbashin, a political analyst and editorial director of the journal Riddle Russia, told CNBC that Putin's invasion has had a number of unintended consequences:
""Whatever was Putin's end goal in Ukraine, it is already clear that what he has achieved is uniting the West, destroying Russia's economy, endangering the survival of the Russian state as we know it, almost guaranteed Ukraine's future inclusion into western institutions and ultimate demise of Russia's grand power aspirations. To call it a mistake is to say nothing,"" he told CNBC in emailed comments Wednesday.
Global diplomatic circuits have been busy in recent months as officials largely feared Russia was gearing up for some kind of attack on Ukraine, although the full-scale invasion caught many analysts by surprise with most expecting a smaller-scale incursion into eastern Ukraine.
Since the invasion, there has been a further flurry of high-profile and urgent meetings, visits and video calls between the leaders of NATO countries with previous disagreements between members of the alliance - on a range of matters from defense spending to refugees, Brexit and energy security - put on the backburner.
Multiple public protests have been held across the world against Putin and his war in Ukraine while many iconic brands have pulled out of Russia, turning the country into a pariah on the global stage.
""Putin's brutal invasion of Ukraine is reshaping the politics of Europe and - possibly - beyond,"" Berenberg Bank's chief economist, Holger Schmieding, noted in his latest report assessing the macro impact of the conflict. ""The free world seems to be pulling together like rarely before,"" he added.
Even before the war, Schmieding noted, Russia was starting to resemble some features ""of a Soviet style petro-economy with an oversized military sector and ultimately unaffordable imperial ambitions"" and seemed bound to slowly fall more and more behind the advanced world.
Now, the costs of war, increasing domestic repression and duly harsh Western sanctions ""will likely hasten the economic demise of Putin's Russia much more so and much faster than the costly occupation of Afghanistan contributed to the erosion of Soviet power in the 1980s,"" Schmieding noted.
While Putin is looking increasingly isolated, Western democracies are treading a tightrope of supporting Ukraine while trying not to be perceived to intervene militarily, a move that could easily spark a wider and more destructive global conflict with Russia.
In his State of the Union address last week, President Joe Biden commented on the West's cohesion in the crisis, saying that ""we see the unity among leaders of nations and a more unified Europe, a more unified West"" adding that ""in the battle between democracy and autocracy, democracies are rising to the moment.""
Democracies in the West might be rising to the moment but Russia's invasion has certainly posed a moral, military and geopolitical dilemma for the EU and NATO.
Ukraine is not a member of either bloc but its position on the edge of Europe, acting as a buffer state between NATO members and Russia, puts it in an important strategic position. Ukraine's pro-Western and pro-democracy government and populace, and aspirations to join the EU and NATO, have also provoked widespread sympathy for Ukraine and its people. Hundreds of thousands of civilians have fled the war but many have stayed to fight, increasing global admiration for Ukraine.
Ironically, Putin's invasion - largely predicated on the demand that Ukraine is never allowed to join NATO - has inadvertently boosted the case for joining the military alliance with public opinion in Finland and Sweden shifting in favor of joining the organization.
NATO deployments in Eastern Europe and the Baltic states have already been bolstered with more troops and weaponry, again strengthening an alliance Putin wanted to see diminished.
Russia's invasion has also prompted tardy defense spenders, namely Germany, to pledge a massive boost in defense spending and infrastructure and has hastened Europe's decoupling from Russia on the energy front, too, with the EU (which received 41% of its natural gas from Russia, and 27% of its crude oil, according to 2019 data ) looking to diversify, and fast.
That dependence on Russian energy (which the US and several European countries like Ukraine and Poland warned about with the Nord Stream 2 gas pipeline) has led to some signs of division in Europe over how far the bloc should go in restricting Russian energy supplies. But on Tuesday, the US and UK said they were banning Russian oil imports, while the EU announced updated plans to wean itself off Russian fossil fuels.
Asked whether he believed Russia expected a more disunited reaction from the West, political analyst Barbashin noted that the ""Kremlin has certainly anticipated a reaction, sanctions and strong condemnation but he [Putin] has miscalculated for Germany's ultimate change of policy towards Russia that granted a full European-Atlantic consolidation against Putin's war.""
Less than two weeks into Russia's invasion, Ukraine's armed forces and volunteers continue to mount a brave resistance against Russian forces who have attacked cities in the north, east and south of the country.
Many analysts and strategists believe it is only a matter of time before Ukraine is overwhelmed by Moscow's military might, however, and they have predicted the installation of a pro-Russian regime in Kyiv followed by a long and bloody insurgency as Ukrainians refuse to accept Russia's proxy rule .
China, Russia's ally, is believed to be increasingly perturbed by the prospect of a long-term conflict. US intelligence officials have suggested Beijing is not only unsettled by the war but its possible impact on the global economy and the fact that it is bringing the US and Europe closer together.
Giving evidence before Congress on Tuesday, the CIA's director, Bill Burns, said that China ""did not anticipate the significant difficulty that the Russians would run into and I think they're unsettled by the reputational damage that could come from their close association with President Putin,"" Burns said.
China has refused to condemn Russia's invasion but analysts believe Chinese President Xi Jinping likely did not believe Putin would launch such a full-scale attack.
Although China has also offered to broker peace talks, and held a call with France and Germany's leaders on Tuesday, it still has to tread a finer line with the Kremlin given Xi's commitment to deeper strategic cooperation with Moscow.
Burns echoed many other defense experts on Tuesday by saying Putin has made fundamental errors in going into Ukraine, believing it to be ""weak"" and underestimating the resistance Russian forces would face there.
Burns said that Putin also believed he had ""sanction-proofed"" the economy and modernized his military to the extent that they were easily capable ""of a quick decisive victory at minimal cost.""
""He's been proved wrong on every count,"" Burns told Congress on Tuesday.",14.90611111111111,1
2022-03-10,14298,-0.0050926197474497,0.0,0.0005593623415319,1.0,1.0,3,4,Yale professor behind corporate 'naughty-or-nice list' lauds US brands' decision to pause Russia business Here's a list of the top-rated charities to help the Ukraine relief effort Oil drops 12% for worst day since November as wild ride triggered by Russia disruption continues S&P 500 falls on Thursday as stocks resume their downward move from Russia-Ukraine war,"The Yale professor who put together a list of major Western companies still operating in Russia applauded multiple major American brands' decisions to pause business in that country over its government's war on Ukraine .
""I am feeling pretty good about this!"" Jeffrey Sonnenfeld, professor at the Yale School of Management, told CNBC in an email Tuesday after hearing the news that McDonald's , Starbucks and Coca-Cola were halting operations in Russia .
PepsiCo soon followed suit with its own announcement that it is suspending Russian sales of Pepsi-Cola, 7UP and Mirinda brand sodas, while continuing to sell some essential products.
Earlier Tuesday, The Washington Post had named the first three companies, in order of their subsequent announcements, in a headline for a story about the spreadsheet maintained by Sonnenfeld and his research team at the Yale Chief Executive Leadership Institute.
The newspaper called the spreadsheet a ""naughty-or-nice list of sorts."" It currently lists 290 companies that have said they will exit Russia, or suspend or curtail business there. It also lists companies that have continued operations in Russia.
Sonnenfeld said in an interview that in recent days he was in touch with executives at some of the four companies who announced their moves Tuesday in the face of outrage over Russia's attack on Ukraine.
""I admire all of these companies enormously,"" Sonnenfeld said, referring to their decisions.
""Our list made a big difference in that the CEOs wanted to do the right thing,"" he said. ""They kept telling me they were looking for the affirmation of others,"" and that their boards of directors were keeping an eye on actions by other big companies, Sonnenfeld said.
""They were afraid of the 'tall poppy syndrome,' as the Australians call it, and they didn't want to suffer reprisals,"" Sonnenfeld said. Spokespeople for Coca-Cola and PepsiCo had no immediate comment on Sonnenfeld's remarks.
McDonald's and Starbucks replied by pointing to statements by their respective CEOs on their decisions Tuesday.
McDonald's CEO Chris Kempczinski said that while the restaurant chain has operated for more than three decades in Russia, and become an ""essential part of the 850 communities in which we operate. ... At the same time, our values mean we cannot ignore the needless human suffering unfolding in Ukraine.""
Starbucks CEO Kevin Johnson condemned Russia's ""horrific"" attack on Ukraine. ""Through this dynamic situation, we will continue to make decisions that are true to our mission and values and communicate with transparency,"" he said.
Sonnenfeld, in his interview, said that as one company after another in recent days said they were leaving Russia or suspending business, ""it had a snowball effect.""
""These are some of the strongest representing foundational American values,"" he said of the four companies, which announced their suspensions of business Tuesday.
""These brands have heritages going back to perestroika in 1990 as the Soviet Union was opening to the West, and they were greeted with enthusiasm by all sides,"" he said.
""This is why these companies, given that heritage, were confused on what to do,"" in light of the Ukraine invasion, Sonnenfeld said.
""They were lost in a time warp, because they were looking for a win-win solution in a world where [there is] no longer any middle ground,"" he said.
Sonnenfeld said that in his discussions with three of the companies, the executives were trying to navigate a legal and operational resolution to the problem of having business in Russia while the nation faces worldwide condemnation and harsh economic sanctions from major Western governments.
""None of them were troubled by financial considerations,"" he said. ""They were trying to find the right thing in a very complex geopolitical and cultural situation with loyalty and compassion for large local workforces.""
Another US food brand on Sonnenfeld's list, Papa John's , said Wednesday that it, too, would suspend business in Russia.
Sonnenfeld said he compiled his spreadsheet as a moral argument for punishing Russia.
""The whole point of the legal sanctions [by governments] coupled with voluntary employer economic embargoes is to stall out the Russian economy,"" he said.
The professor cited the success of widespread corporate boycotts of South Africa, in concert with global government action, in the 1980s and 1990s for helping push that country to dissolve its apartheid system, in which the white minority population had institutionalized legal, economic and legal power over the Black majority.
Sonnenfeld predicted that the actions by Western companies ""absolutely will have an effect"" on Russia.
He argued that Russian President Vladimir Putin 's power over the country is ""anchored on two things"": a willingness to use violence as coercion, and ""the illusion that he has totalitarian control over all sectors.""
But the loss of major Western business in the country has shattered that illusion, the professor said.
""The ruble has already fallen almost 80%. Inflation has soared to almost 30%. So that's 10 days of economic history unparalleled in the world,"" Sonnenfeld said.
He noted that the flight of big companies from Russia business, including by oil giants like Exxon, Shell and BP, means ""several hundreds of billions of dollars written off"" in physical property and other assets in Russia, ""separate from hundreds of billions of lost revenue.""
""It's a big deal,"" he said.
""This was extraordinary moral courage. It exceeds even what happened in South Africa,"" Sonnefeld said.
He noted, however, there are about three dozen Western companies on his list that are ""stubbornly staying"" in Russia. For now, at least. In less than two weeks, Russia's invasion of Ukraine has escalated into a full-fledged humanitarian crisis.
Already, 2 million people have fled Ukraine, but as many as 5 million could be displaced as Russian troops continue to advance toward major cities.
Many people around the world want to help Ukrainian refugees, whether by donating money, medical supplies or emergency housing. However, there are just as many scammers trying to capitalize on the geopolitical unrest. ( Here's how to avoid fundraising scams .)
""Unfortunately, in times of crisis it can bring out the best in people and the worst in people, too,"" said Kevin Scally, chief relationship officer for Charity Navigator, which independently evaluates and rates nonprofits.
More from Personal Finance: Russia-Ukraine crisis: How to avoid fundraising scams How US investors may have exposure to Russian stocks How to protect against a cyberattack as Russia-Ukraine crisis escalates
Avoid any high-pressure donation, Scally advised, such as responding to an urgent email, phone or text solicitation. ""It's okay to take some time to do your due diligence.""
Although you may feel compelled to give to individual appeals, ""there is much more safety in supporting an established nonprofit,"" he said.
""You may not reach that family specifically but you will support hundreds, if not thousands, of people in a similar situation.""
To make sure your money gets into the right hands, find a relief effort through a site such as BBB Wise Giving Alliance , Charity Navigator or CharityWatch .
Charity Navigator compiled a list of highly rated nonprofits already engaged in relief and recovery efforts in Ukraine and the surrounding areas.
Here are more than 30 organizations that earned high marks for being financially efficient and transparent.
Medical Services UNICEF USA International Medical Corps Heart to Heart International Mercy Corps World Vision
Medical Supplies Americares Project CURE World Vision MAP International Heart to Heart International UNICEF USA MedShare Direct Relief Project HOPE Operation USA
Non-Medical Supplies Operation USA Mercy Corps Americares Matthew 25: Ministries MedShare International Relief Teams World Help Project HOPE American Jewish Joint Distribution Committee Operation Blessing International GlobalGiving ActionAid USA UNICEF USA Save the Children Episcopal Relief & Development Catholic Relief Services World Hope International Good360
Water, Sanitation and Hygiene Heart to Heart International Catholic Relief Services GlobalGiving World Hope International Convoy of Hope UNICEF USA ActionAid USA World Help Operation Blessing International International Relief Teams Water Mission World Vision
Emergency Housing World Vision UNICEF USA A Chance In Life World Help Islamic Relief USA GlobalGiving American Jewish Joint Distribution Committee Catholic Relief Services
Long-Term Assistance Center for Disaster Philanthropy Catholic Relief Services World Help Operation Blessing International
Other (cash/cash vouchers, logistic supply) World Vision American Jewish Joint Distribution Committee Islamic Relief USA Heart to Heart International Church World Service ActionAid USA Americares Samaritan's Purse UNICEF USA Oil prices dropped in a sudden move on Wednesday, giving back some of the rally this month amid supply disruptions stemming from Russia's invasion of Ukraine.
WTI crude oil tumbled more than 12%, or $15, to settle at $108.7 per barrel, registering its worst day since Nov. 26. Earlier this week, WTI topped $130 per barrel briefly - a 13-year high - during escalated geopolitical tensions.
Brent crude oil , the international benchmark, fell a similar 13%, or $16.8 to $111.1, for its biggest one-day drop since April 2020. Brent has just hit $139 on Monday, its highest since 2008.
The move in oil lower came amid indications of possible progress by the US in encouraging more oil production from other sources. Reuters reported that Iraq said it could increase output if OPEC+ asks. Secretary of State Antony Blinken also signaled that UAE would support increased production by OPEC+.
""That $130 price point was factoring in the absolute siege mentality in the oil market, where we were staring down potentially losing all Russian output, OPEC not budging and the Ukraine situation just worsening,"" John Kilduff of Again Capital said on CNBC's "" The Exchange. "" ""Now we've reversed all of that, seemingly, to a degree at least. I don't want to get ahead of myself.""
Last week, the International Energy Agency released 60 million barrels of oil reserves to compensate for supply disruptions following Russia's invasion, and the agency called the move ""an initial response"" and said more could be released if needed.
Still, oil prices have surged this month with WTI crude oil up roughly 15% as Russia, the world's second-largest crude exporter, invaded Ukraine.
""The world is working together to tackle surging oil prices and that has put a short-term top for crude,"" Ed Moya, senior market analyst at Oanda, said in a note.
The United Kingdom announced its own restrictions on buying Russian oil imports, saying it will phase out the country's imports by the end of the year. The European Union also unveiled a plan to wean itself off of Russian fossil fuels .
- CNBC's Jesse Pound contributed reporting. Stocks fell Thursday after failed peace talks between Ukraine and Russia spooked investors about how the geopolitical conflict could impact global growth.
The Dow Jones Industrial Average dipped 112.18 points to 33,174.07, after rallying more than 650 points in the previous session. The S&P 500 shed 0.4% to 4,259.52. The technology-focused Nasdaq Composite fell 1% to 13,129.96, dragged down by losses in Apple and Meta Platforms.
Negotiations between Russian and Ukrainian foreign ministers ended with little progress on matters including a cease-fire or a safe passage for civilians trying to flee the besieged city of Mariupol.
Markets have been tied closely to the conflict and have been inversely correlated with energy prices, which have been on a tear higher during the Russia-Ukraine war. Since Feb. 24 - when Russia invaded Ukraine - West Texas Intermediate crude have risen more than 14%, while Brent crude oil is up about 15% in that time.
Oil prices have cooled off in the past two sessions, however. On Wednesday, WTI and Brent sliding more than 12% and 13%. WTI fell again Thursday to around $106 per barrel, while Brent slid 1% to near $109 per barrel.
""The violent gyrations of the market seem completely attached to Ukraine-Russia peace talks and the subsequent volatility of energy costs,"" said Timothy Lesko, senior wealth advisor at Mariner Wealth Advisors. ""The fall in commodity prices [Wednesday} seemed to trigger a relief rally that is unwinding a bit as peace talks seemed fruitless.""
Energy stocks Chevron and Exxon Mobil rose 2.7% and 3.1%, respectively.
Other commodities that have seen significant rallies since the war in Ukraine, that pulled back Wednesday, where higher again on Thursday. Silver and gold rose, as investors worry about the impact of high prices on economic growth.
Amazon shares jumped 5.4% after the company announced a 20-for-1 stock split and $10 billion buyback. CrowdStrike rallied 12.5% following an earnings beat and raising its outlook.
Elsewhere in tech was a sea of red. Zoom Video fell 5.3% and Microsoft dipped 1%. Apple and Meta Platforms fell 2.7% and 1.7%, respectively. Tesla ticked 2.4% lower.
Goldman Sachs dropped 1.1% after announcing it is shuttering its Russia business , becoming one of the first major global investment banks to do so after the country invaded its neighbor Ukraine last month. JPMorgan made a similar announcement on Thursday afternoon. JPMorgan fell 1.2%.
The consumer price index , a key inflation gauge, showed a wide-ranging basket of goods and services increased 7.9% in February, a fresh 40-year high. This was a touch higher than the estimate of 7.8% for the year, according to economists surveyed by Dow Jones.
On a month-over-month basis, the CPI gain was 0.8%, compared to the estimate of 0.7% for the month.
""The inflation situation is getting worse, not better. Household staples are becoming more and more expensive, crowding out spending on discretionary categories and delaying the spending reallocation back to services. And while gas prices explain much of the story, food and housing prices were also key drivers in February,"" said John Leer, Morning Consult's chief economist.
""Unfortunately the war in Ukraine will make it more difficult to get inflation under control. Gas and energy prices continue to rise, wheat prices are through the roof and supply chains remain in chaos,"" Leer added.
The US 10-year Treasury yield broke above 2% for the first time since Feb. 25.
Traders also weighed the European Central Bank's decision to unwind stimulus measures sooner than expected. The bank said Thursday it will end its bond-buying program in the third quarter of this year, if the economic data allows for it.
The ECB's decision comes ahead of next week's Federal Reserve meeting where the central bank is expected to raise rates.",16.46409722222222,1
2022-03-11,14306,0.0005593623415319,1.0,0.0015366350722185,1.0,1.0,4,0,,,0.0,0
2022-03-14,14328,0.0015366350722185,1.0,-0.0004886732618451,0.0,3.0,0,1,"Western arms convoys to Ukraine are 'legitimate targets,' Russia warns","As the war between Ukraine and Russia drags on, it is clear that Ukraine has mounted a far better resistance to Russian forces than many expected. To continue to do so, however, Ukraine will need more help from the West - and that brings with it a dangerous risk that the war could escalate to involve NATO.
Russia warned the West against sending further arms to Ukraine, saying such arms convoys could now be considered ""legitimate targets"" for the Russian armed forces.
Speaking to Russia's Channel One broadcaster on Saturday, Russia's Deputy Foreign Minister Sergey Ryabkov issued a warning to the West that could lead to a direct confrontation between Russia and NATO.
""We warned the United States that pumping Ukraine with weapons from a number of countries orchestrated by them is not just a dangerous move, but an action that turns the corresponding convoys into legitimate targets,"" the deputy minister said, according to comments reported by Russia's state news agency TASS.
Ryabkov said there could be consequences to what he called the West's ""thoughtless transfer"" to Kyiv of weapons such as portable anti-aircraft missile systems and anti-tank missile systems, both of which have been supplied to Ukraine by several NATO members including the US and UK
Close observers of Russia, and its ongoing invasion of Ukraine, expressed shock and dismay at Ryabkov's comments.
""If Russia attacks Western arms shipments ... it takes the conflict to a new level, of NATO vs. Russia,"" Timothy Ash, senior emerging markets sovereign strategist at BlueBay Asset Management, said on Saturday, adding that a ""critical moment in this conflict [is] coming up.""
""Does the West really realize the threat to our very system of government, and our way of life, from Putin, and is it willing to act,"" he asked.
Despite Russia's latest threats, the West is in a tricky position over Ukraine because its continued support for Ukraine in terms of arms, intelligence and financial aid, defense experts and strategists argue, could make or break Ukraine's resistance and could even tilt the war's outcome in Ukraine's favor, something that seemed unimaginable when Russia invaded over two weeks ago.
""There can be a point where this balance [in the war] is shifted in favor of Ukraine,"" Wojciech Lorenz, a senior analyst at the International Security Programme at The Polish Institute of International Affairs, told CNBC.
Additional support from NATO's individual members in the form of arms shipments, intelligence and other forms of aid ""really makes a difference and is why Russia is doing so badly,"" he said.
There could even come a point, he added, where Ukraine is able to not only resist Russian forces but can launch counter-offensives against them ""and reclaim lost territory.""
While Ukraine has won the affection of people and governments around the world for its brave stand against Russia's invasion, Russia has been heavily sanctioned, making it geopolitically, economically and financially isolated and vulnerable.
With the World Bank's chief economist predicting that Russia is edging toward a default on its foreign debt while at home, numerous foreign brands have pulled out of Russia or ceased operations there, and Russian consumers are feeling the pain of the central bank's interest rate hike to 20% to bolster the crumbling ruble.
Aside from sanctions, which came swiftly and in a surprisingly unified way by the West, one of the biggest dilemmas for the West is how much military assistance it could and should extend to Ukraine. Ukraine is not a NATO member, but it is a pro-Western ally that's geopolitically important as a buffer state between Russia and the rest of Europe.
NATO has repeatedly said that it stands by Ukraine and its leadership under President Volodymyr Zelenskyy, and NATO countries have unilaterally offered and delivered weaponry to Ukraine to help it defend itself.
However, Ukrainian officials have repeatedly called on Western officials to provide more support. This ranges from more actionable maneuvers - such as imposing the full weight of sanctions on Russia and providing more arms - to the more problematic plea for a ""no-fly zone"" over Ukraine. NATO has rejected the latter request, saying this could bring it into direct confrontation with Russia .
Without that extra support from NATO, strategists said, Zelenskyy needs to keep Ukraine at the forefront of the world's geopolitical priorities, and to maintain other forms of support for the country.
""At this critical juncture, every significant weapons shipment he [Zelenskyy] receives, every word of support he receives and every action NATO takes helps him and help Ukraine and he's trying to keep that squarely in the political view,"" Ian Lesser, vice president of the German Marshall Fund of the United States, told CNBC on Thursday.
Describing Russia's invasion and military aggression against Ukraine as ""outrageous,"" Lesser said it was still vital to keep up the momentum of support for the country, be it through emotional support which people around the world can give, or media coverage. However, he questioned how long such support could be sustained.
""There is already a shift in the discussion towards energy security, the cost to Western publics and economies, the stability of the international financial system. These are all very real issues of course but from Zelenskyy's point of view, these are all distractions from the principal problem which is the fate of his people in Ukraine.""
Crucially, Lesser said, Western partners would be more inclined to keep up their support of Ukraine if they ""believe that Ukraine can make good use of it.""
While Ukraine has a fighting chance of defeating Russia, analysts said that if the converse happens, President Vladimir Putin could be emboldened to attack NATO.
""Russia wants to change the security architecture in Europe, and wants to recreate the empire by taking control of Belarus and Ukraine at a minimum, so even if they aren't able to achieve their goals now after a few years of reorganization they will try again,"" senior analyst Lorenz said.
Lorenz said Putin's intentions in this regard were made clear last December when Russia issued demands to the US and NATO that it wanted legal guarantees ruling out NATO's eastward expansion and the deployment of weapons that, as Putin said in early December, ""threaten us in close vicinity to Russian territory.""
""Russia just needs to be strategically defeated,"" Lorenz said, because if Putin feels that he has ""achieved a victory by further undermining the territorial integrity of Ukraine, or the West forces Ukraine to accept some humiliating peace conditions like the recognition of the annexation of Crimea or the independence of Donetsk and Luhansk, then it will only mean that in a couple of years we'll have war between Russia and NATO.""
Russia's aggression in warfare appears to be becoming more indiscriminate, with its forces attacking a children's hospital and maternity ward on Wednesday. Russia said it had not targeted civilians at the hospital, despite images indicating civilians were caught up in the attack, while Ukraine accused it again of committing a war crime.
There are concerns that Russia might resort to using biological warfare against Ukraine, with intelligence officials fearing that Russia could invent a pretext to use chemical, or even nuclear, weapons either against Ukraine, or any other nation if Russia feels directly confronted.
At the start of Russia's invasion on Feb. 24, Putin warned Western nations that any interference in what he called Russia's ""special military operation"" in Ukraine would be met with ""consequences greater than any you have faced in history."" He did not provide details on what that would entail.
Most analysts agree that NATO's current path of allowing member states to help Ukraine individually, while holding off on any collective measures, is the right one. But if Russia's assaults on Ukraine take a darker turn, such a stance could be harder to maintain.
""NATO allies are appropriately concerned about the potential for a military escalation that could lead to a wider war between NATO and Russia,"" Charles Kupchan, senior fellow at the Council on Foreign Relations, told CNBC Wednesday, although he praised the alliance's ""impressive steps"" so far to provide military support to Ukraine.
""Such support is helping Ukrainians resist Russia's invasion, and Ukraine's military, its democratic government, and the country's citizens have demonstrated defiant resilience,"" he said.
Just how far Russia would - or could - go to retaliate against any nation helping Ukraine is uncertain, with analysts saying Putin's increasingly reckless and unpredictable behavior makes it hard to judge.
""Considering where Russia currently stands, the potential for retaliation is currently limited - basically, Russia can't afford to retaliate beyond provocation and scaremongering,"" Anton Barbashin, a political analyst and editorial director of the journal Riddle Russia, told CNBC on Wednesday. He added that Russia would be hard-pressed to act, given that it's tied up in Ukraine.
However, he warned, ""other options can't be excluded.""",68.85805555555555,1
2022-03-15,14321,-0.0004886732618451,0.0,-0.0006985191678267,0.0,1.0,1,1,Portraits of war: photos show the impact of war in Ukraine over the past 100 days,"It's been 100 days since Russian President Vladimir Putin marched troops into Ukraine. For the millions of Ukrainians whose homes and families have been shattered by war, the days before the invasion may feel like a lifetime away.
Putin's attack against its sovereign neighbor shocked the world, upending the geopolitical status quo virtually overnight and stoking fears of a new nuclear crisis. The war in Ukraine has produced seemingly endless scenes of carnage.
The war also fomented a historic refugee crisis: More than 6.8 million Ukrainians - mostly women, children and the elderly - have fled the country, with an estimated 8 million people displaced internally, according to United Nations' data.
They leave behind schools, jobs, communities and thousands of others who couldn't escape the conflict. As of Thursday, the UN confirmed 4,169 civilian deaths and 4,982 civilian injuries in Ukraine since Russia began its invasion on Feb. 24. The Office of the UN High Commissioner for Human Rights has said the death toll in Ukraine is likely higher. There have been 269 attacks on healthcare facilities and 1,837 attacks on education facilities, the human rights office said.
Russia's army dwarfs Ukraine's, but Moscow has faced significant setbacks on the battlefield and ignited even more global outrage after reports surfaced of a Russian massacre in Bucha and a missile strike on a crowded train station in Kramatorsk. The US and EU have levied a number of economic sanctions, oil embargoes and has targeted Russian oligarchs to weaken their economy and military position while providing ongoing military aid to Ukraine.
Kyiv, meanwhile, has received billions of dollars in military and humanitarian aid from allied nations, especially the United States. Ukraine President Volodymyr Zelenskyy, who remained holed up in bunkers in Kyiv as Russia pounded the nation's capitol, has been hailed as a hero by Putin's enemies.
The invasion has reinforced the determination of the NATO alliance, instead of splintering it as Putin intended, and convinced Sweden and Finland to finally begin the formal process of joining NATO . The push comes as Russia's assault on Ukraine has raised fears for other countries in the region. Moscow, long wary of NATO expansion, has opposed the two nations' plans to join the alliance.
The following images look back on the past 100 days to show the destruction, pain and suffering of war, but also the strength, courage and determination of the Ukrainian people as they continue to push back against Putin's war of choice.
Editor's note: Graphic content. The following photos contain images of dead and wounded civilians and soldiers.",18.61777777777778,1
2022-03-16,14311,-0.0006985191678267,0.0,-0.0014684803869627,0.0,1.0,2,0,,,0.0,0
2022-03-17,14290,-0.0014684803869627,0.0,0.0034928432296981,1.0,1.0,3,0,,,0.0,0
2022-03-18,14340,0.0034928432296981,1.0,6.973257560103864e-05,1.0,1.0,4,0,,,0.0,0
2022-03-21,14341,6.973257560103864e-05,1.0,0.001184710407216,1.0,3.0,0,1,Saudi Aramco's full-year profit more than doubles on soaring oil prices,"Saudi Arabian oil giant Aramco reported blowout full-year earnings on Sunday, posting a more than doubling in year-on-year net profit to $110 billion.
Aramco's 2021 net income increased by 124% to $110 billion in 2021, compared to $49 billion in 2020, citing higher crude oil prices, stronger refining and chemicals margins, and the consolidation of its chemicals business, SABIC's, full-year results.
The numbers were in line with expectations, with analysts surveyed by Reuters forecasting net income of $109.7 billion for the full year. Aramco shares on the Saudi Tadawul Exchange rose almost 4% in Sunday trading after the result.
""Our strong results are a testament to our financial discipline, flexibility through evolving market conditions and steadfast focus on our long-term growth strategy, which targets value growth for our shareholders,"" Aramco CEO Amin Nasser said in the results release.
Aramco benefitted from surging oil prices during 2021, with international benchmark Brent crude rising above $80 a barrel by the end of the year, up roughly 50% for the 12-month period. Supply shortages added to a complex slew of factors driving major uncertainty across the energy and commodity complex, even before Russia's invasion of Ukraine.
""Although economic conditions have improved considerably, the outlook remains uncertain due to various macro-economic and geopolitical factors,"" he added. It comes after the IEA warned that the oil market was heading for its ""biggest supply crisis in decades"" as Russian sanctions hit and buyers shun its exports.
""We see healthy oil demand. Unfortunately there is shrinking global spare capacity, combined with low inventories and a lack of investment,"" Nasser said on an earnings call Sunday. He also blamed ""a transition plan that is totally unrealistic "" for the current pricing dynamic.
The result and earnings call also came just hours after Saudi authorities confirmed another attack on Aramco facilities on Sunday, with Houthi rebels using missiles and drones to target at least six sites across Saudi Arabia, including an Aramco fuel depot and a liquefied natural gas plant.
""There were no injuries or fatalities, and no impact on the company's supplies to customers,"" Nasser said.
""We've demonstrated our ability to respond swiftly and effectively,"" Nasser said, pointing to Aramco's response to a major attack on its facilities in 2019 . ""We were able to restore operations rapidly, while ensuring reliability of supply to our customers.""
Aramco also declared a fourth quarter dividend of $18.8 billion, to be paid in the first quarter of 2022. The dividend is covered by a rise in free-cash flow to $107.5 billion in 2021, compared to $49.1 billion in 2020.
Aramco said it would recommend that $4 billion in retained earnings be used to pay bonus shares to investors, subject to approval. An Aramco press release stated that ""under the recommendation, shareholders would receive one bonus share for every 10 shares owned. As a result, the total dividend for 2021 is $75 billion in cash, in addition to bonus shares.""
The profit figures are a stark contrast from the company's 2020 earnings, which saw a 44% drop on the previous year due to demand collapse brought on by the coronavirus pandemic.
Nasser at the time described Aramco's 2020 financial year as one of its most ""challenging years"" in recent history.
The company also said it would invest to increase crude oil production capacity to 13 million barrels per day by 2027, expand its liquid to chemical production, and look to increase gas production by more than 50% by 2030.
Aramco has also said it wants to achieve net-zero Scope 1 and Scope 2 greenhouse gas emissions across its wholly-owned operated assets by 2050. Scope 1 refers to direct emissions from sources owned or controlled by the company, while Scope 2 covers indirect emissions from the generation of purchased power consumed by the company.
""We're doing our part, but it's not enough. Other players in the industry also need to do their part and increase investment,"" Nasser said, saying demand for oil will continue to accelerate in coming years.
According to the press release by Aramco , capital expenditure last year hit $31.9 billion, a rise of 18% from the year before, which was largely down to its Tanajib Gas Plant, the development of drilling programs and a general rise in oil production. It said it expects spending this year to reach $40-50 billion, increasing further over the next three years.
Clarification: This story has been updated to restate the information around Aramco's bonus shares and capital expenditure.",25.99,1
2022-03-22,14358,0.001184710407216,1.0,-0.0004876519654965,0.0,1.0,1,0,,,0.0,0
2022-03-23,14351,-0.0004876519654965,0.0,0.0006965728896869,1.0,1.0,2,0,,,0.0,0
2022-03-24,14361,0.0006965728896869,1.0,-0.0013936313314064,0.0,1.0,3,3,"Intel CEO says semiconductors are like oil - making more in US can avoid global crises India is in a sweet spot, courted by the Quad, China and Russia Putin's invasion of Ukraine is seen as his biggest ever mistake - and it will harm Russia for years to come","Intel CEO Pat Gelsinger on Wednesday likened semiconductors to oil, suggesting that computer chips will play a central role in international relations in the decades ahead.
""Oil reserves have defined geopolitics for the last five decades. Where the fabs [factories] are for a digital future is more important,"" Gelsinger said in an interview on CNBC's ""Squawk Box."" ""Let's build them where we want them, and define the world that we want to be part of in the US and Europe.""
Fabs is shorthand for fabrication plants, which are the factories where semiconductors are manufactured. The vast majority of chips are currently made in Asia, especially in Taiwan . That concentration has raised natural security concerns, particularly as China has scaled up its military presence near the democratically ruled island that Beijing claims as its own.
Semiconductors also have been in short supply during the Covid pandemic, as production disruptions clashed with surging demand for the chips that are used in electronics, ranging from smartphones to cars to washing machines.
Under Gelsinger's leadership, Intel has made an aggressive push to geographically diversify chip manufacturing. In recent months, Intel has announced massive investments to build new fabs in the US and Europe. Intel also started work last year on two chip factories in Arizona.
The Santa Clara, California-based company - an influential firm in the early days of Silicon Valley - also has been pushing officials in both Washington and Brussels to support legislation that would include government money to assist in semiconductor production.
Gelsinger's comments Wednesday came ahead of his testimony before the US Senate in support of a $52 billion subsidy plan.
The former chief of cloud computing company VMWare , Geslinger, is not the first person to compare semiconductors to oil. But his remarks take on increased salience because crude oil prices jumped this year due, in part, to the Russia-Ukraine war and fears of supply disruptions.
It's the latest instance of geopolitical tensions leading to elevated fuel prices and, in turn, concerns about their impact on American consumers. It's happened before, such as in the energy crisis of the 1970s.
Geslinger expressed concern for the humanitarian consequences of Russia's attack on Ukraine, while also pointing to economic implications.
""While the Russia-Ukraine situation isn't central to any of the supply chains for semiconductors, it just reinforces the geopolitical instability and the urgency around building supply chains that are geographically balanced - US, Europe and Asia - and far more resilient for the digital future,"" he said.
""Everything digital runs on semiconductors, and it is just essential that we build these fabs where we want them."" Russia's invasion of Ukraine appears to have unwittingly put India at the sweet center of a diplomatic triangle in the Indo-Pacific.
As the war enters its fourth week, New Delhi has been receiving a stream of high-profile visitors from major capitals around the world.
At one end, this has included delegations from the United States, Australia and Japan, the three nations which are India's partners in the Quad, officially known as the Quadrilateral Security Dialogue.
The Quad is willing to look past India's refusal - including in four recent UN resolutions - to condemn Russia's invasion of Ukraine.
An informal grouping, the Quad works to deepen strategic cooperation on issues related to security, technology and the economy while implicitly countering China's assertiveness in the Indo-Pacific.
The high profile visits are ongoing.
The foreign minister of Greece Nikos Dendias arrived on Tuesday and Israeli Prime Minister Naftali Bennett is scheduled to visit in early April. But in a surprising turn of events, even traditional rival China is making overtures to India at this time, seeking New Delhi's assent to a visit by Foreign Minister Wang Yi.
Another suitor is Russia, India's trusted arms supplier for decades, which is now also becoming a supplier of discounted crude oil to New Delhi as Moscow recoils from sanctions enforced by western consumers of its natural gas.
On Monday, US Under Secretary of State for Political Affairs Victoria Nuland met India's Foreign Secretary Harsh Vardhan Shringla , to reaffirm the two countries' commitment to shared objectives in the Indo-Pacific.
There was a brief allusion to the Ukraine war but it was almost an afterthought, mentioned at the end of issues pertaining to South Asia, the Indo-Pacific and West Asia. If there was unhappiness over India's ""somewhat shaky"" position on Ukraine, to which President Joe Biden alluded hours later in Washington, there was no mention of it in statements issued after the official talks.
Talks with the US were preceded by meetings between Indian Prime Minister Narendra Modi and his Japanese counterpart Fumio Kishida in New Delhi on Saturday and a virtual consultation with Australian Prime Minister Scott Morrison on Monday.
Discussions on China were at the front and center of both summits. While Modi brought up the June 2020 border clash on the Himalayan border, Kishida made references to the territorial dispute with China over the Japanese-administered Senkaku Islands, which China calls Diaoyu.
Kishida announced a $42 billion investment in India and also invited Modi to the next Quad summit in Japan later this year. Again, there was no reference to India's stand on Ukraine except for calls to end the war.
Morrison had expressed understanding of India's position on Ukraine, Shringla said, briefing reporters. ""There was a great deal of comfort ... both sides saw that conflict in Europe should not be a reason for us to divert our attention from the Indo-Pacific region,"" he said.
A visit by British Prime Minister Boris Johnson to New Delhi is also on the cards. British Foreign Secretary Liz Truss will hold talks with Indian External Affairs Minister Subrahmanyam Jaishankar in New Delhi later this month, in a visit to prepare ground for the yet unannounced visit by Johnson.
China's proposal for its foreign minister's visit comes just short of two years of a bloody confrontation between Chinese and Indian soldiers in Ladakh that claimed the lives of 20 Indian troops and four Chinese soldiers in June 2020.
India has so far been non-committal about the visit but China appears to be eager, in part to secure Modi's in-person presence at this year's BRICS summit. The annual meeting of leaders from Brazil, Russia, India, China and South Africa will be hosted by China this year. A Russia-India-China summit may also be held on the sidelines.
JPMorgan picks China stocks to buy now. Alibaba's not on the list
Portfolio manager explains why he has the 'most conviction' in this China tech stock
China's version of Spotify is 'underappreciated,' Morgan Stanley says
Goldman Sachs loves this sub-sector in China - and names 3 stocks to buy
China has also proposed an ""India-China Civilization Dialogue"" to be held in both countries and an India-China Trade and Investment Cooperation Forum.
In recent weeks, nationalistic newspaper Global Times, a mouthpiece of the Chinese Communist Party, has shown a marked shift in its tone toward India . ""China and India share common interests on many fronts. For instance, the West recently pointed the finger at India for reportedly considering buying Russian oil at a discounted price. But it is India's legitimate right,"" the paper said in an essay last week.
Commenting on Kishida's visit to New Delhi, the Global Times called the Japanese prime minister a ""lobbyist"" who failed to ""sway India on Ukraine.""
""Although Kishida pushed Modi to take a tougher line on Russia over the Ukraine issue during his first visit to India after he took office, the joint statement issued later showed that the Japanese lobbying did not meet the expectations of Washington and Canberra,"" the Global Times said.
And on Sunday, Prime Minister Imran Khan of Pakistan - India's traditional foe and a close China ally - also praised India's ""independent foreign policy.""
India's value as a democracy and capacity as the only other military power able to push back against Chinese aggression in Asia is not lost on the Quad. But a lot will depend on how well India - more nimble under Modi - articulates its position on Ukraine.
""India is today in an enviable position because of years of careful diplomacy, and fortuitous geo-politics,"" Aparna Pande, a South Asia expert at the Hudson Institute, a Washington DC think tank, told CNBC.
""The US and its partners - in Europe and Asia - need India on their side in the long-term peer competition with China. They are, therefore, more understanding of India's predicament.""
But Pande cautioned that India's reluctance, as a democracy and as a key member of the Indo-Pacific to support the liberal international order will be remembered.
India faces a stark choice, said Bruce Bennett from the Rand Corporation, a think tank headquartered in Santa Monica, California.
""The key question is whether India will want to be known as a principled country or a nationalistic country. A principled country stands up against any violation of national boundaries, whether it is Russia invading the Ukraine or China invading parts of India,"" he said.
""If India decides to 'sit on the fence' to maximize its national leverage and influence, I think many people around the world will lose sympathy for India's concerns about its own territorial integrity."" Russian President Vladimir Putin has been in power for more than two decades and during that time has carefully cultivated an image of himself as a tough, strongman leader, fighting for Russia's interests and reinstating the country as a geopolitical and economic superpower.
With his decision to invade neighboring Ukraine, however, analysts say Putin has made the biggest mistake of his political career and has weakened Russia for years to come.
""Everything he has done up to this point [conferred] reputational damage to Russia, but it also enhanced power. And he just kept going and kept going and kept going,"" Kurt Volker, former US ambassador to NATO, told CNBC.
""But now he has actually dramatically weakened Russia, in every respect,"" he said, adding that he could not think of anything that Putin has done in his political career that's comparable.
Global leaders are gathering in Europe on Thursday to discuss the war in Ukraine and how to help the country survive Russia's onslaught: An extraordinary NATO summit in Brussels, as well as meetings of EU leaders and the G-7.
NATO is expected to commit to ""major increases"" in troop numbers along its eastern flank as well as more arms and humanitarian assistance for Ukraine, although the military alliance has been reluctant to go further, fearing a direct confrontation with nuclear power Russia.
Speaking to CNBC on Thursday, NATO Secretary-General Jens Stoltenberg said, ""President Putin has made a big mistake and that is to launch a war, to wage a war, against an independent sovereign nation.""
""He has underestimated the strength of the Ukrainian people, the bravery of the Ukrainian people and armed forces,"" Stoltenberg told CNBC's Hadley Gamble.
NATO's plans to step up support for Ukraine, and deployments in Eastern Europe would allow it to respond to ""any threat, any challenge, to our security.""
Russia's invasion of Ukraine has, in one month, prompted more than 3.5 million civilians to flee the country, with hundreds of thousands losing their homes in a relentless bombardment by Russian forces.
The southern city of Mariupol has been the worst hit so far, with the port - a key export hub for Ukraine - still under siege and heavily destroyed.
Ukraine's president, Volodymyr Zelenskyy, has said there are around 100,000 civilians still trapped in the city, where water, food, electricity and medical supplies are scarce.
Despite deploying near-constant shelling attacks and siege tactics in some areas, Russian forces have only captured one city - Kherson - and a much-feared assault on the capital Kyiv has yet to begin. In addition, the country's second-largest city, Kharkiv, continues to resist Russian attacks and the western city of Lviv is currently relatively unscathed.
The UK Defense Ministry said Wednesday that little had been gained by Russian forces, despite attempts to envelop Ukrainian troops in the east of the country.
It's becoming clear to both Moscow and Kyiv that this war will not be easily won - and in the meantime, Putin has made Russia a pariah on the international stage.
Secretary of State Antony Blinken announced Wednesday that the U.S government believes Russia has committed war crimes in Ukraine and should be prosecuted.
In a statement, Blinken compared the destruction in Mariupol to similar Russian campaigns against Grozny in the Second Chechen War and Aleppo during the Syrian civil war.
""Russia's forces have destroyed apartment buildings, schools, hospitals, critical infrastructure, civilian vehicles, shopping centers, and ambulances, leaving thousands of innocent civilians killed or wounded,"" he said.
Russia has repeatedly said it does not target civilian infrastructure, despite much evidence to the contrary. CNBC has contacted the Kremlin for a response to the US accusation that Russia has committed war crimes and is awaiting a reply.
Under Putin's leadership - and until now - Russia's economy has prospered.
Putin attracted much foreign direct investment to the country and exploited its natural resources, particularly its abundance of oil and gas, as well as trying to diversify the economy.
During his tenure, however, Russia has also been hit by economic misfortunes both of its own making - such as international sanctions after its 2014 annexation of Crimea from Ukraine, a nerve agent attack in the UK and its meddling in the 2016 US election - and some it had no control over, such as the 2008 financial crisis, 2014 oil price crash and most recently, the Covid-19 pandemic .
Now, Russia's economic misfortunes are once again ones that Putin has brought upon the country himself with the invasion of Ukraine.
The economy is already creaking under the weight of international sanctions and on Thursday, when US President Joe Biden meets with European and NATO leaders in Brussels, even more sanctions could be imposed squeezing energy exporter Russia hard.
The Institute of International Finance has said it expects Russia's economy to contract by 15% in 2022, driven by both official sanctions and the ""self-sanctioning"" of foreign companies that have pulled out of Russia.
Predicting a further economic decline of 3% in 2023, the IIF said Wednesday that the war ""will wipe out fifteen years of economic growth."" Moreover, it said the impact on medium- and long-term prospects is likely to be even more severe, with a ""brain drain"" and low investment likely to weigh heavily.
Despite making limited progress in his invasion so far, Putin appears undeterred.
Russian forces are now believed to be conducting a period of reorganization before resuming large-scale offensive operations on and around Kyiv.
Taras Kuzio, a research fellow at the Henry Jackson Society, wrote in an article for the Atlantic Council on Tuesday that it is ""increasingly obvious that Russian President Vladimir Putin has badly miscalculated.""
'He appears to have sincerely believed Kremlin propaganda fairytales about the weakness of the Ukrainian military and the readiness of ordinary Ukrainians to welcome his invading troops with cakes and flowers,"" Kuzio said, stating that Putin had drunk the Kremlin ""kool-aid.""
In addition, Putin seems to have been unprepared for the ferocity of the international response or for the scale of domestic opposition to his invasion, Kuzio noted. ""Thanks to these catastrophic miscalculations, Putin now finds himself with no good options to end a war that is threatening to accelerate Russia's geopolitical decline as a great power.""
Russia has few friends left on the global stage, with the invasion almost universally condemned. Even Russia's ally China appears uneasy about the potentially prolonged conflict in Ukraine and its impact on the global economy.
When the UN General Assembly met in early March, 141 countries adopted a resolution demanding that Russia immediately end its military operations in Ukraine. Only a handful of countries - a rogue's gallery of Belarus, North Korea, Eritrea and Syria, all of which are run by dictators - supported Russia's invasion. Russia's allies Cuba, Nicaragua and China abstained in the vote.
Close watchers of Putin say there are increasing signs of desperation in Russia's military campaign and have questioned how far Putin will go to achieve his objectives.
""There are deep mysteries about Russian intentions,"" Ian Lesser, vice president of the German Marshall Fund of the US, told CNBC earlier this month. ""How far will they go? What would they consider a victory?""
""There are all sorts of possibilities, from a complete occupation of Ukraine, which I think most observers would say is not possible, to control over a couple of critical political centres in Ukraine, including Kyiv and possibly including Odesa, or perhaps they take have a larger territorial gambit in mind.""
In such a scenario, he said Russia would be ""very exposed"" to an ongoing insurgency which also implies ongoing humanitarian costs. ""So there are large dilemmas here,"" Lesser added.
Michal Baranowski, senior fellow and director of the German Marshall Fund's Warsaw office, told CNBC on Tuesday, that Putin has ""really overextended himself.""
""We might be looking at the end of Russia as we have known it,"" he said. ""But if he survives this, I think what we might be looking at is the foothills of a new Cold War.""",7.314166666666666,1
2022-03-25,14341,-0.0013936313314064,0.0,0.0013239958730029,1.0,1.0,4,1,The space-linked internet investing idea Bill Gates has backed since 1990s,"In this weekly series, CNBC takes a look at companies that made the inaugural Disruptor 50 list, 10 years later.
Back in the 1990s, Bill Gates made a big bet on the future of satellite-based connectivity: Teledesic. At the time, when he teamed with another Seattle tech titan, telecom billionaire Craig McCaw, and each invested $5 million, ""the pairing was akin to Elvis and the pope on tour together,"" according to the Seattle Times . But if you have not heard of Teledesic, that is because it failed.
Gates, though, has never given up on investing in the space-based future of connectivity.
Kymeta, a flat panel antenna technology for global satellite and cellular connectivity, was founded roughly one decade ago with Gates as a major investor and has made in-roads in the defense, maritime and aviation sectors. Last week, Gates led another $84 million round of investment in the company.
The engineering design, which uses metamaterial thin film transistors that remove reliance on silicon, is in its second generation and planning to ship its third generation soon. And the use cases are growing, including within the defense industry at a moment in time when NATO is facing the largest threat in Eastern Europe since World War II. From health-care workers in remote settings to forest firefighters, there are multiple real-world scenarios today where the lack of connectivity is directly tied to uncertainty and elevated risks.
Kymeta has done health-care trials allowing paramedics to perform surgery in conjunction with a trauma center over satellite-based communication links. Firefighters can see satellite imagery in real-time delivered to their body cameras and, in conjunction with drones, have command and control of water tankers working together in ways never before contemplated.
""For now, and I think in the foreseeable future, we are business to business,"" says Doug Hutcheson, who joined Kymeta in 2019 as executive chairman and co-CEO after having previously held top executive posts at Leap Wireless and Cricket Communications, as well as within the private equity sector. ""Other satellite companies are focused on business to consumer broadband, but our hallmark is communications on the move,"" he said. ""Our antenna can move at 600mph and through rapid turns and dives and communicate with satellites moving at 17,000 miles an hour.""
Kymeta's biggest opportunity of all may be in vehicles.
""There is no question the holy grail for what Kymeta is trying to do is the connected car, things with wheels, the autonomous vehicle we all believe will happen over the next 10 to 20 years,"" Hutcheson said.
""There are 80 to 90 million cars made a year and about 200 million things that move in the global transportation system, things with wheels, tracks and some form of mobility. That's our addressable market,"" he said.
Every year, roughly half of cars shipped by automakers like Toyota don't ever again connect to a WiFi or cellular signal. As autonomy and virtualization become more critical, Kymeta is betting that three or four or even five lines of broadband connectivity will be needed as part of building redundancies into keeping control of autonomous vehicles and for the experience of the passenger.
Tesla has already said it will have satellite technology in cars, and Hutcheson said every major manufacturer is trying to solve this technology challenge, especially for when cars moves out of dense urban areas.
""Nothing is better for us than anytime Elon mentions putting satellite tech on a Tesla,"" he said. ""It wakes everyone up and makes everyone realize that is the future.""
SpaceX's Starlink internet service using its low-earth orbit satellites is part of Musk's vertically integrated business model, from the satellite launched by SpaceX back to the internet service in a Tesla. While Hutcheson didn't rule out one day potentially working with more companies, including Starlink and Amazon Kuiper, Kymeta is independent and currently works with entities from the Department of Defense to Starlink's low-earth orbit (LEO) rival OneWeb, as well as existing geostationary (GEO) satellites.
Switching seamlessly, in micro seconds, between a satellite that is low-earth orbit on the horizon due south to a GEO satellite at the equator or to another satellite constellation - in effect, its antenna able to see ""all of what is in the sky and switch in microseconds"" - is the goal. And to do it at very fast download speeds.
Eventually, Kymeta's goal is to reach one gigabyte per second of connectivity. Tests it has taken part in with OneWeb have reached download speeds between 100 mbps and 200 mbps, but the current available standard service is slower. Elon Musk has said download speeds for his Starlink service will more than double to 300 mbps from current levels of service.
Kymeta's relationship with OneWeb allows for Kymeta and the satellite company to cross-sell services , but it has become more complicated as OneWeb relied on Russian rockets for its launches and had to sign a recent deal with Starlink, in effect its competitor, amid the economic war between the West and Russia. There are other competitors out there as well which offer mobile and remote connectivity solutions, from Ball Aerospace to ThinKom and L3Harris Technologies , as well as the defense industry giants like Lockheed Martin and Northrop Grumman in the satellite sector.
Hutcheson, who worked from Qualcomm earlier in his career, said Kymeta, if successful, will be like what Qualcomm was to the phone. Consumers don't go out to buy Qualcomm but over the past decade almost everyone who bought a phone bought a Qualcomm chip inside of it. ""We don't want to be the brand name on top,"" he said.
Airbnb: Survived, even thrived during Covid, but the crises in 'sharing' economy remain
23andMe: An early Google investment in genetics testing pays off
Aereo: How a Supreme Court loss may yet change the future of the internet
Atlassian: Why two CEOs can be better than one
Block: Jack Dorsey's $50 billion, and growing, successful bet on fintech
Box: Trading near a record while cloud peers suffer
The current private space race is a reason Gates remains focused on the technology.
""That $50 billion of investing going up in space, this is why Bill is so motivated,"" Hutcheson said.
Even as Teledesic failed, McCaw and Gates realized a fundamental challenge for the future: solving the ground-based user terminal for the future growth of connectivity.
Kymeta, which as an engineering idea is several decades old, was designed around the belief that LEOs would eventually become a dominant form of spaced-based communication. If low-earth orbit combined with legacy GEO satellites was going to be as big as it could in terms of global connectivity, ""it needs something able to make it work on earth,"" Hutcheson said.
""What we are seeing happen now is the foundational basis of what we were created for, and seeing it come to fruition, and I think will see over the next decade as much change as we've seen in last ten years, tenfold more,"" he added.
For Rich Safran, an analyst at Seaport Global who covers defense and aerospace, there are big technological leaps coming, but he remains unsure on calling a winner from among today's design and engineering. The radio frequency (RF) based approach which underpins the communication networks of today remains at threat of disruption from breakthroughs in laser-based optical communication.
Kymeta's moveable antenna has provided one solution to a geometry challenge, whether it is a ship or airplane on the move, providing the ability to communicate and electronically steer for constant communication. But it isn't alone in doing this, and optical communication could yet replace the approach, with companies including General Atomics and Mynaric developing new, if unproven, ideas.
And as many companies are rushing to put up satellite constellations and communication solutions, Safran worries about a repeat of the boom and bust in the telecom sector of the 1990s.
""What's the difference between this and the 90s, when the entire world was going to higher bandwidth and everyone was trying to build these commercial models,"" he said.
The government has been investing in laser-based communications technology, and while it is still early days, its interest is a sign that this technology evolution can play out in ways that disadvantage the latest advances in RF technology, ultimately on the commercial side. This doesn't mean that niche markets for companies like Kymeta won't continue to exist, but the world of RF-based connectivity solutions is well populated with solutions that could be competing for a limited set of contracts.
""This is the classic battle of the VHS vs. beta and we haven't found out who will win,"" Safran said.
Existing, better funded services may have an advantage and in the near-term future, all the solutions will continue to be based on RF. OneWeb and Kymeta may be winners between the number of launches the satellite company is committed to, and Kymeta's funding and equipment orders, but all tech start-up models are ""hockey sticks"" - with the promise of the exponential growth and money that will be made in the future.
""Nobody has talked about the capture rate and market share and margins. Some are better capitalized than others which gives better odds, but no guarantee,"" Safran said. ""Gates has deep pockets and it is not his first time out so presumably he knows where a lot more of the potholes are to avoid.""
Kymeta would not discuss financial information.
For defense analysts, there is an assumption that today's government-funded R&D is tomorrow's production program. That could be the case for laser-based communication, though it remains too early to say. ""The good thing about Gates is he does recognize the defense side of this is pretty important, but the question is, how many contracts does he have?"" Safran said.
All of this is occurring on a geopolitical landscape that is evolving quickly and leading to de-globalization of relationships. Access to space is going up with the private investment, but there is still going to be nation-state prioritization. North America and Europe will have captive satellite systems and China is launching its own LEO satellites, but Hutcheson says military users and commercial users will want redundancies across systems and massive amounts of traffic that are harder to attack, so the opportunities should reinforce each other.
Major powers are talking about integrating communications in the theatre of war from logistics to what individual troops are doing at a level that requires major communications-based improvements. ""What is happening in Ukraine is pretty ugly, but if one thing is clear it is that it only makes this whole space and the transition even more apparent. ... Fully integrated communications where everyone knows what's going on. ... The drive to have that information be there and how it is used will be a key differentiator,"" Hutcheson said.
He wouldn't discuss any exit strategy for Kymeta, including the potential for an IPO, but on the issue of Bill Gates' involvement to this day, he was clear. ""There is a reason it's his name in the press release,"" Hutcheson said about last week's funding announcement , rather than the name of a Bill Gates investing entity. ""He is very knowledge about what's going on.""",13.394166666666669,1
2022-03-28,14360,0.0013239958730029,1.0,0.0002785127437582,1.0,3.0,0,4,"Hoping to attract billions in Chinese investment, Taliban now preserve buddhas Xi's gamble on Putin may be the most dangerous and short-sighted of his nine years in power S&P 500 rises on Monday to extend two-week comeback, Nasdaq adds 1% on tech rally India is snapping up cheap Russian oil, and China could be next","The ancient buddha statues sit in serene meditation in the caves carved into the russet cliffs of rural Afghanistan. Hundreds of meters below lies what is believed to be the world's largest deposit of copper.
Afghanistan's Taliban rulers are pinning their hopes on Beijing to turn that rich vein into revenue to salvage the cash-starved country amid crippling international sanctions.
The fighters standing guard by the rocky hillside may once have considered destroying the terracotta buddhas. Two decades ago when the Islamic hard-line Taliban were first in power, they sparked world outrage by blowing up gigantic buddha statues in another part of the country, calling them pagan symbols that must be purged.
But now they are intent on preserving the relics of the Mes Aynak copper mine. Doing so is key to unlocking billions in Chinese investment, said Hakumullah Mubariz, the Taliban head of security at the site, peering into the remnants of a monastery built by first-century Buddhist monks.
""Protecting them is very important to us and the Chinese,"" he said.
Previously, Mubariz commanded a Taliban combat unit in the surrounding mountains battling with US-backed Afghan forces. When those troops capitulated last year, his men rushed to secure the site. ""We knew it would be important for the country,"" he said.
The Taliban's spectacular reversal illustrates the powerful allure of Afghanistan's untapped mining sector. Successive authorities have seen the country's mineral riches, estimated to be worth $1 trillion, as the key to a prosperous future, but none have been able to develop them amid the continual war and violence. Now, multiple countries, including Iran, Russia and Turkey are looking to invest, filling the vacuum left in the wake of the chaotic US withdrawal.
But Beijing is the most assertive. At Mes Aynak, it could become the first major power to take on a large-scale project in Taliban-controlled Afghanistan, potentially redrawing Asia's geopolitical map.
In 2008, the administration of Hamid Karzai signed a 30-year contract with a Chinese joint venture called MCC to extract high-grade copper from Mes Aynak. Studies show the site holds up to 12 million tons of the mineral.
But the project got tied up in logistical and contract problems, and it never got past some initial test shafts before it ground to a halt when Chinese staff left in 2014 because of continued violence.
Mere months after the Taliban seized Kabul in August, consolidating power over the country, the group's newly installed acting Minister for Mining and Petroleum Shahbuddin Dilawar urged his staff to re-engage Chinese state-run companies.
Ziad Rashidi, the ministry's director of foreign relations, approached the consortium made up by MCC, China Metallurgical Group Corporation and Jiangxi Copper Ltd. Dilawar has had two virtual meetings with MCC in the last six months, according to company and ministry officials. He urged them to return to the mine, terms unchanged from the 2008 contract.
A technical committee from MCC is due in Kabul in the coming weeks to address the remaining obstacles. Relocating the artifacts is key. But MCC is also seeking to renegotiate terms, particularly to reduce taxes and slash the 19.5% royalty rate by nearly half, the percentage owed to the government per ton of copper sold.
""Chinese companies see the current situation as ideal for them. There is a lack of international competitors and a lot of support from the government side,"" Rashidi said.
China's ambassador to Afghanistan has said talks are ongoing, but nothing more.
Acquiring rare minerals is key for Beijing to maintain its standing as a global manufacturing powerhouse. While stopping short of recognizing the Taliban government, China has stood out from the international community by calling for the unfreezing of Afghan assets and has kept its diplomatic mission running in Kabul.
For Afghanistan, the contract at Mes Aynak could bring in $250-300 million per year to state revenues, a 17% increase, as well as $800 million in fees over the contract's length, according to government and company officials. That's a significant sum as the country grapples with widespread poverty, exacerbated by financial shortfalls after the Biden administration froze Afghan assets and international organizations halted donor funds. Some has since resumed.
At Mes Aynak, a 2,000-year-old Buddhist city sits uncomfortably alongside a potential economic engine. Afghanistan's tumultuous modern history has gotten in the way of both exploring the archaeology and developing the mines.
Discovered in the 1960s by French geologists, the site was believed to have been an important stop along the Silk Road from the early centuries AD.
After the Soviet invasion in the late 1970s, Russians dug tunnels to investigate the copper deposit; the cavernous bore holes are still visible. These were later used as an al-Qaida hideout, and at least one was bombed by the US in 2001.
Looters then pillaged many antiquities from the site. Still, archaeologists who came in 2004 managed a partial excavation, uncovering remnants of a vast complex, including four monasteries, ancient copper workshops and a citadel. It became clear the area had been a major Buddhist settlement, a crossroads for traders coming from the west, and pilgrims from afar, even China.
To the shock of the non-Taliban technocrats in his own ministry, Dilawar is committed to saving the site and told MCC's director in Beijing it was an important part of Afghanistan's history, according to two officials present in one virtual meeting.
He dismissed open-pit mining schemes that would raze the site entirely. The alternative option of underground mining was judged too pricey by MCC. The Culture Ministry has been tasked with presenting a plan to relocate the relics, most likely to the Kabul Museum.
""We have already transferred some (artifacts) to the capital, and we are working to transfer the rest, so the mining work can begin,"" Dilawar told The Associated Press.
While the ministry is optimistic a deal can be reached, MCC officials are cautious and pragmatic.
They did not speak to the AP on record, citing sensitivities around the talks happening while international sanctions still prohibit dealings with the Taliban.
They expressed concerns over the feasibility of other contractual obligations, including building a railway to the Pakistan border at Torkham, a coal-fired power plant, and community amenities such as a hospital and schools.
Another issue is how to compensate residents of three villages near Mes Aynak cleared out a decade ago.
Mullah Mera Jan, a 70-year-old local elder, said he is still waiting for funds promised to him by ministry officials after being forced out of his village of Wali Baba.
Still, he too hopes mining will start soon. Villagers were promised 3,000-4,000 direct and 35,000 indirect jobs. The men from his village are on top of the hiring list.
In the ministry's labyrinthine halls, hopeful investors stand in line, documents ready to stake their claim of Afghanistan's untapped mineral riches, including large iron deposits, precious stones and -- potentially -- lithium.
Knocking on Rashidi's office door these days are Russians, Iranians, Turks and of course, the Chinese.
All are ""in a great hurry to invest,"" he said. Chinese interest is ""extraordinary,"" he said. Rashidi has also reached out to China's CNPCI to revamp an oil contract to explore blocks in Amu Darya near the Turkmenistan border, terminated in 2018.
Dozens of small-scale contracts have been handed out local investors, many of whom have joint ventures with international companies, mainly Chinese and Iranian.
Ministry revenues have increased exponentially, from 110 million afghanis ($1.2 million) in the year preceding the Taliban takeover, to $6 billion afghanis ($67 million) in the six months since the Taliban assumed power, according to documents seen by the AP. Most of that, however, appears to be from more aggressive taxing, as the Taliban merged their informal tax economy with that of the government. Apart from coal, it not clear if actual mining production has increased.
Ironically, it was the Taliban that hindered work in Mes Aynak for over a decade.
An MCC official recalled how the road leading to the mine was laden with IEDs targeting Afghan forces and NATO allies. An entire Afghan regiment guarded Chinese engineers at the site compound. Mubariz, now the security chief, said he remembered watching them from the mountains where he plotted attacks.
The MCC official said that when his Taliban hosts told him they had restored safety so work could resume, he replied in jest, ""Wasn't it you who was attacking us?""
The men, machine-guns slung around their necks, laughed too. It becomes clearer every day that Chinese President Xi Jinping's decision to double-down on his ""no limits"" strategic bromance with Russian President Vladimir Putin , just days before the Russian dictator launched his war in Ukraine, marks the most dangerous and short-sighted gamble of his nine years in power.
If Europe's bloodiest conflict since World War II produces Putin's military withdrawal, failure, or his political ouster, it has all the ingredients to pose the biggest threat yet to President Xi's leadership, coming as it does in the leadup to his decisive 20 th Chinese Communist Party Congress in November.
Geopolitical odds-makers still expect a carefully choreographed outcome at the Congress that would anoint President Xi for a third term and perhaps even as ""leader for life."" That said, a Putin failure of whatever stripe could ""create the chemistry necessary for a rethink of Chinese leadership inside the party,"" Kevin Rudd, the former Australian prime minister, tells me. Though Xi's control remains ""comprehensive,"" Rudd said, ""it's not ""complete.""
There's no doubt that President Xi must begin to consider the consequences of Putin's ruin. In perhaps the most significant speech of his long political career, US President Joe Biden in Poland departed from his prepared text to suggest what price Putin should pay for his unjustified, unprovoked and criminal war on Ukraine's civilians.
""For God's sake,"" Biden said , ""this man cannot stay in power.""
Three days earlier in Brussels, NATO Secretary General Jens Stoltenberg tagged Xi as Putin's enabler. ""Beijing has joined Moscow in questioning the right of independent nations to choose their own path,"" he said. ""China has provided Russia with political support, including by spreading blatant lies and disinformation.""
What's at stake in Ukraine's survival is nothing less than the future of the global order and who will shape it. It's time for world democracies to translate their reactive response to Putin's challenge in Ukraine to a proactive embrace of a strategic opportunity. Putin's failure in Ukraine could reverse the world's authoritarian momentum, disrupt the Xi-Putin strategic common cause, and expose the hypocrisy that taints Xi's global ambitions.
The problem for Xi, in this most important of years for his historic legacy, is that his problems are self-inflicted, cumulative, and growing. None on its own would be enough to turn party comrades against him, especially after a series of purges that have removed potential opponents. Taken together, however, they have dramatically changed the mood.
Xi's inability to anticipate Putin's military failures and mounting war crimes could increase doubts about the Chinese president's judgment across a number of other fronts as well.
1) Xi's more assertive and aggressive global approach, casting aside the guiding international philosophy of Deng Xiaoping's leadership of ""hide your strength and bide your time."" Even Communist elites, who are otherwise hostile to the United States, are coming to realize that a quieter building of Chinese military, and economic and technological power would have produced better results than ""wolf-warrior diplomacy.""
2) Xi's crackdown on the power and freedoms of the Chinese private sector, and particularly its technological giants, is also backfiring. The lost confidence and reduced foreign investments in China's private sector, which still makes up more than 60% of GDP, is slowing Chinese growth and reducing its competitiveness.
3) Many of China's Communist party elite, particularly those of Xi's generation or older, worry about their own careers and fates should Xi be reappointed for a record third term this November. Rumors are rife that Xi will bring in a new generation of leaders, more likely to be compliant, while he pushes off any consideration of successors.
4) The myth is being shattered of Xi's mastery of the Covid-19 pandemic, which until recently was one of his primary sources of leadership credibility. Chinese anxiety is rising around new outbreaks , already leading to major lockdowns in Shenzhen and Changchun in northern China. Xi's strict zero-Covid approach has left his country with low vaccination rates , especially around booster shots , less effective vaccines , and unanticipated economic difficulties .
With all that as context, Xi and Putin on February 4 - with the Beijing Winter Olympics opening and more than 150,000 Russian soldiers massing on Ukraine's border - signed their 5,300-word statement ""that the new inter-State relations between Russia and China are superior to political and military alliances of the Cold War era. Friendship between the two States has no limits, there are no ""forbidden"" areas of cooperation.
Dissecting that pact in this space, I wrote : ""This is big. The two leading authoritarians of our time have declared unprecedented common cause - perhaps even a de facto security alliance - with aspirations of shaping a new world order to replace the one fashioned by the United States and its partners after World War II.""
It is naive to think Putin did not share his invasion plans with Xi ahead of this move, or that Xi didn't understand that the joint statement served as a green light for Putin's Ukraine war. Western leaders are mistaken to believe the time is ripe to separate Xi from Putin. Their argument is that reputational, economic, and domestic political considerations inevitably will change Xi's calculus. Chinese officials looked on in dismay as the UN General Assembly voted 141-5 to demand Russia ""immediately, completely, and unconditionally withdraw all of its military forces from the territory of Ukraine within its internationally recognized borders.""
However, Xi must weigh that against larger strategic imperatives: his determination to secure his northern border, his desire for continued access to Russian energy (now deeply discounted), and all that China gains through Russia's actions to disrupt and distract the US around the world, from the Middle East to the US's own elections.
Finally, even a much-weakened Putin is better than no Putin at all for Xi, given how much the Chinese leader has invested in the relationship through more than three dozen meetings since 2014. The potential consequences for Xi of Putin's ouster are so terrible that he'll be more likely at the last possible minute to support a peace deal that would leave Putin far short of his maximalist Ukraine goals.
What that won't change is Putin's setback for Chinese global interests. ""The democracies of the world,"" said Biden in Warsaw, ""are revitalized with purpose and unity found in months that we'd once taken years to accomplish.""
- Frederick Kempe is the President and Chief Executive Officer of the Atlantic Council. The S&P 500 rose on Monday, extending two weeks of gains, as investors shook off recession concerns and bid tech shares higher.
The Dow Jones Industrial Average rose 94.65 points to 34,955.89. The S&P 500 gained 0.7% to 4,575.52. The technology-focused Nasdaq Composite added 1.3% to 14,354.90, thanks to a 8% jump in Tesla. The S&P 500 hit its high of the session as crude oil hit its low of the day, down more than 11%.
Oil prices fell on Monday following their recent surge due to the geopolitical conflict. US West Texas Intermediate (WTI) crude futures slid about 7% to settle at $105.96. Brent crude futures settled nearly 7% lower at $112.48 per barrel.
Energy stocks slid alongside the price of oil. Chevron and Exxon Mobil fell about 1.8% and 2.8%, respectively.
Tesla led technology shares higher after the EV maker said it wants to split its stock to pay a stock dividend. Tesla popped 8%. Other tech shares, which as a group have been among the worst performers so far this year, gained as well with Microsoft and Amazon higher.
Also boosting sentiment, the Cboe volatility index, known as Wall Street's fear gauge, closed below 20 for the first time since Jan. 14.
Major averages struggled to start Monday after a part of the Treasury yield curve briefly inverted overnight , raising some recession fears. The yield on the 5-year Treasury note rose to 2.6361%, while the 30-year yield was down less than 1 basis point to 2.6004%. The spread ended the day negative, with the 30-year yielding below the 5-year for the first time since March 2006.
The main yield spread that traders watch - the spread between the 2-year and the 10-year rate - remained positive for now.
Bank stocks ticked lower on Monday as the yield curve flattened. JPMorgan lost 0.7%, and Wells Fargo fell 1.4%.
""With the backdrop of it being quarter-end this week and all the noise associated with that, stocks are hanging in there in the face of the rapid rise in interest rates across the yield curve,"" said Peter Boockvar, chief investment officer at Bleakley Advisory Group.
Investors continue to monitor developments in Russia's war on Ukraine. Peace talks between the two nations are set to continue this week, with delegations from both countries traveling to Turkey on Monday. Kremlin spokesperson Dmitry Peskov told reporters that discussions were likely to resume Tuesday.
The Dow and S&P 500 closed out their second consecutive winning week on Friday, erasing more losses since Russia invaded Ukraine in late February.
""Geopolitical risks remain very elevated and the rally in equities over the past two weeks is impressive. The US economy is still in good shape, but buying every stock market dip probably won't be the attitude for most traders going forward given how hawkish the Fed has turned,"" said Edward Moya, senior market analyst at Oanda.
Investors continue to keep a close eye on the Fed. Wall Street firms from Goldman Sachs to Bank of America penciled in half-point hikes in future Fed meetings this year after the central bank's chair Jerome Powell vowed to be tough on inflation and said rate increases could become more aggressive if necessary.
The closely watched monthly jobs report release happens on Friday. Economists expect 460,000 jobs were added in March and the unemployment rate fell to 3.7%, according to Dow Jones. That compares to the 678,000 nonfarm payrolls added in February and an unemployment rate of 3.8%. There's been a ""significant uptick"" in Russian oil deliveries bound for India since March after Russia's invasion of Ukraine began - and New Delhi looks set to buy even more cheap oil from Moscow, industry observers say.
China, already the largest single buyer of Russian oil, is also widely expected to buy more oil from Russia at deep discounts, they say.
This could mean higher crude prices to come.
Major oil importing countries such as India and China have been grappling with higher crude prices, which have soared since last year. While oil prices have been volatile in recent weeks, swinging between gains and losses, they are still around 80% higher compared to a year ago.
""We believe that China, and to a lesser extent, India will step up to buy heavily discounted Russian crude,"" said Matt Smith, lead oil analyst at Kpler.
This would mark a stark contrast from the rhetoric across major world powers and companies which are eschewing Russian oil. As a result of Russia's unprovoked and unjustified war on Ukraine, the US has hit the rogue country with sanctions on energy, while the UK plans to do so by the end of the year . The European Union is also considering whether to do the same.
But sanctions would leave a gap in the market with Russia finding itself with excess crude it's unable to sell, analysts said.
""Urals crude from Russia is being offered at record discounts, but uptake is limited so far, with Asian oil importers for the most part sticking to traditional suppliers in the Middle East, Latin America and Africa,"" the International Energy Agency said on March 17. Urals crude is the main oil blend that Russia exports.
""As of mid-March, we see the potential for 3 million barrels a day of Russian oil supply to be shut in starting from April, but that could increase if restrictions or public condemnation escalate,"" the IEA said.
A couple of commodity trading firms - such as Glencore and Vitol - were offering discounts of $30 and $25 per barrel respectively two weeks ago for the Urals blend, Ellen Wald, president of Transversal Consulting, told CNBC.
Cargoes of Russian crude to India were ""fairly infrequent,"" with 12 million barrels delivered across all of 2021, Smith told CNBC.
Kpler said he hasn't seen any deliveries to India from Russia since December.
However, since the beginning of March, five cargoes of Russian oil, or about 6 million barrels, have been loaded and are bound for India - set to be discharged in early April, he told CNBC in an email.
""This is about half the entire volume discharged last year - a significant uptick,"" Smith said.
The Kremlin invaded Ukraine on Feb. 24, and since then, markets have been roiled by fears of tight oil supply as Russia supplies a significant amount of the world's oil and gas.
""Russia oil is still finding a home. Indian refiners have issued several tenders for Urals crude as the discount to Brent continues to rise,"" ANZ Research said Friday.
Russia exports about 5 million barrels of crude oil per day , according to the IEA. It is the world's third-largest oil producer after the US and Saudi Arabia.
Russia is also the world's largest exporter of oil to global markets and the second largest crude oil exporter behind Saudi Arabia, according to the IEA.
India could start buying even more cheap oil from Russia at a discount of around 20%, according to analysts and some media reports . Based on current crude prices, that would represent more than $20 off each barrel.
India imports crude from Russia only at a nominal share of between 2% to 5% a year, said Samir N. Kapadia, head of trade at government relations consulting firm Vogel Group. Traditionally, New Delhi gets its crude from Iraq, Saudi, Arabia, the United Arab Emirates and Nigeria - but they are all dictating higher prices right now, he said.
""Today, the Government of India's motivations are economic, not political. India will always look for a deal in their oil import strategy. It's hard not to take a 20% discount on crude when you import 80-85% of your oil, particularly on the heels of the pandemic and global growth slowdown,"" Kapadia told CNBC in an email.
Beyond the benefit of discounts, India would also weigh its friendship with Russia in taking crude off it.
""India is the third biggest oil importer in the world and right now, they are weighing their options to work with an old friend,"" said Kapadia. India - as well as China - have so far abstained from a United Nations vote to condemn Russia's invasion of Ukraine.
Both countries have had a long history. Russia has supported India on a variety of areas including the provision of military and defense-related equipment - as much as 60% of the Asian country's needs, according to Kapadia. In the late 1950s, India also leaned on Russia for rupee-ruble currency swap arrangements to finance its imports when the former was ""broke,"" said Kapadia.
These energy investments spin out attractive income, even as oil prices have fallen
'Too cheap to ignore': Bernstein predicts huge upside for these 3 clean energy stocks
Outperforming fund manager shares tips on investing sustainably - and generating big return
Russia has also supported India on crucial issues such as the dispute with China and Pakistan surrounding the territory of Kashmir.
""White House pressure to curb purchases of crude oil from Russia have fallen on deaf ears in Delhi,"" said Kapadia. ""The real question will be how the US and Europe respond to India should they extend an olive branch to Russia by providing them an outlet for their oil.""
For its part, India has taken on a tone of defiance. ""Countries with oil self-sufficiency or those importing themselves from Russia cannot credibly advocate restrictive trading,"" a government official said two weeks ago, according to Reuters.
""If Western countries were to pivot India's focus to consider how supporting Russia might embolden China's geopolitical influence in the region, things could shift,"" Kapadia added.
Analysts expect China, the largest oil importer in the world, to also go for discounted oil from Russia.
The Asian giant is already the largest single buyer of Russian oil, and bought an average of 1.6 million barrels per day of Russian crude in 2021, according to the IEA.
""China is still importing Russian oil, but would likely increase its purchases if it can pay in yuan and at discounts. Basically, Russia is pressured because it is having some difficulty selling its oil,"" Wald told CNBC in an email.
""China really would prefer much cheaper oil ... prices are way too high even in the $90 range that's too high for China,"" she added. ""If they can buy Russian oil at a discount, and some of these discounts are pretty significant - $30 off the benchmark, then I really don't see what would be stopping China from purchasing a lot of Russian oil.""
A number of countries imposed sanctions on Iran's oil, starting with a US and EU ban in 2011 , because of its nuclear program, but that didn't stop China from buying oil from Iran via ""all sort of clandestine means,"" she added.
""So I don't think they're really bothered by insurance issues and the like,"" said Wald, referring to insurers hiking their premiums on shipments in the region after the Russia-Ukraine war started, amid soaring risks of attacks on ships and ports.
She said an increase in China's purchases could hit oil prices.
""I would not be surprised if we do see more Russian oil shifting to China and then potentially other suppliers like Kuwait, UAE, even some Saudi oil shifting away, but the fact that that China will be able to get a good discount, I think will impact prices globally,"" she said.
China's purchases of Russian crude were slightly up this year, but analysts didn't attribute that to the war.
""China's flows to Russia are a bit firmer than last year's pace, but this has more to do with China's appetite for ESPO crude from Eastern Russian ports - it doesn't relate to Russian crude being diverted away from Europe,"" Kpler's Smith said. ESPO crude refers to Russian oil exports to Asia-Pacific markets, and is said to be popular with independent Chinese oil refineries.
""We are yet to see a change in these flows but expect it to emerge,"" Smith added.",15.481875,1
2022-03-29,14364,0.0002785127437582,1.0,-0.0010448229975668,0.0,1.0,1,2,New Balance bulks up manufacturing presence in US amid global supply chain backlogs Saudi energy minister says oil alliance OPEC+ will leave politics out of output decisions,"While many retailers are struggling to preserve relationships with overseas vendors and manufacturers, against pandemic uncertainty and shaky foreign relations , one is doubling down on its presence in North America.
New Balance, a privately held business known for its cushioned sneakers and retro-inspired workout gear, has opened a manufacturing facility in Methuen, Massachusetts, the company announced Monday. The move strengthens its reliance on North America for production, as businesses try to navigate an obstructed global supply chain, said President and Chief Executive Joe Preston.
The move comes as prominent business leaders are considering whether globalization as we know it is coming to an end. Larry Fink, chairman and CEO of the world's biggest asset manager, BlackRock , said last week that Russia's invasion of Ukraine has upended the world order that had been in place since the end of the Cold War . Over time, that could result in US businesses lessening their reliance on foreign economies to grow.
New Balance said the 80,000-square-foot space recently underwent about $20 million in renovations.
Currently, almost 100 people are employed at the facility, where they make New Balance's most popular Made 990v5 running sneaker. New Balance said it aims to more than double the size of its workforce there as well as its production capabilities by year's end. It will help to produce an additional 750,000 pairs of sneakers annually.
""It's part of our overall mantra of controlling our destiny, which has really come into play in the last couple of years with with Covid,"" said Preston, in a phone interview. ""The supply constraints have certainly impacted our business, but we were still able to grow [revenue] over 30% in 2021.""
The Boston-based shoe company is building on its current production capabilities in the US Including the Methuen space, New Balance owns five manufacturing facilities across Maine and Massachusetts that employee about 1,000 workers. These spaces help to put together its line of ""New Balance Made"" sneakers, which are at least 70% domestically manufactured and make up a limited portion of US sales, according to the retailer. New Balance said its worldwide sales totaled $4.4 billion last year.
According to Preston, the goal is to keep growing in North America - a move that is core to the brand's ""Made in America"" ethos.
""It differentiates us from our competition, if we make product and don't outsource all of our production,"" the CEO said. ""That helps in the quality and the craftsmanship.""
The footwear industry has been particularly whacked by pandemic-fueled supply chain obstacles, including temporary factory shutdowns across both China and Vietnam. Retailers including Nike and Adidas are incredibly reliant on cheap labor and materials overseas.
Pre-Covid, about 70% of shoes sold in the US came from China, according to the Footwear Distributors & Retailers of America. In recent years, however, a trade war between the US and China has pushed retailers to increasingly diversify their manufacturing presence into other countries with hopes of avoiding steep tariffs.
But then the coronavirus pandemic struck, and factory shutdowns hampered operators in places outside of China, including Vietnam. Russia's attack on Ukraine has heightened uncertainty, as has the resulting tension between the US and China.
Matt Priest, president and CEO of FDRA, said the unpredictability is forcing brands to make decisions day to day, such as where to source from for the next batch of orders.
""There's this big geopolitical shift that's happening underneath our feet,"" he said in a phone interview. ""When you see what can happen in a place like Russia, where brands across the whole Western corporate world collectively pull out in a matter of weeks ... it just blows your mind about the kind of the shifts that are happening.""
Nike said last week that its facilities in Vietnam are all up and running, but that the window of time to get goods to North America from overseas remains elongated. It still takes about six weeks longer to get goods compared with pre-pandemic levels, the company said, and two weeks longer than the same period a year earlier. As a result, Nike said it was moving up buying timelines to prepare for the fall season, to try to keep shelves stocked.
It might seem as if the easy answer would be to bulk up production in the US But, according to Priest, it's a costly option and workers can be hard to come by.
""If you can't find someone to work at the cafe on Main Street in your hometown, you're definitely not going to be able to find workers for a shoe factory,"" he said. ""We don't have the raw materials. We don't have the supply chain here.""
New Balance says it sees low turnover rates among its US workers in factories. And, to be sure, the retailer still relies on factories overseas for the remainder of its production. So it faces some of the same challenges as Nike and Adidas, but it can at least offset some hurdles with a North American presence, according to Preston.
""The fact that you can get product quicker to market, the fact that you can respond quicker to consumer trends if you're closer to the consumer ... that's what domestic manufacturing affords you,"" he said.
And, he added, New Balance needs the extra capacity as it sees heightened momentum for its running shoes and reaches a new generation of younger customers.
New Balance is the fifth-largest sneaker brand in the US, in terms of dollar sales, with 3.4% of market share, according to data from The NPD Group. While that might seem like a small percentage, it only trails four rivals: Nike, Adidas, Jordan and Skechers , NPD said.
""The brand momentum that we have right now is rooted in our performance business and our lifestyle business,"" Preston said. ""And it's the intersection of both of those things that can really drive some energy."" Saudi Arabia's energy minister said Tuesday that OPEC+ will keep politics out of its decision-making in favor of the ""common good"" of stabilizing energy prices.
Governments and international organizations around the world have imposed punitive sanctions and severed economic ties with Russia after its invasion of Ukraine, but OPEC - the intergovernmental organization of 13 oil exporting countries - does not appear willing to take action against Russia, a key partner in the wider OPEC+ alliance and itself a major exporter of oil.
Speaking to CNBC on Tuesday, Saudi Energy Minister Prince Abdulaziz bin Salman bin Abdulaziz Al Saud said the organization's very existence was dependent on a separation of its mission to stabilize oil prices from other geopolitical factors, even in the event of a widely-condemned invasion.
Saudi Arabia and the UAE voted in favor of a UN General Assembly resolution earlier this month urging Russia to abandon the invasion and withdraw all troops, and Prince Abdulaziz said there were other forums through which the Kingdom could voice its opinion on Russia's actions, which is in line with the global response.
""When it comes to OPEC+ - I would take that privilege of saying I've been at it for 35 years, and I know how we managed to compartmentalize our political differences from what is for the common good of all of us,"" Prince Abdulaziz told CNBC's Hadley Gamble at the World Government Summit in Dubai on Tuesday.
""That culture is seeped into OPEC+, so when we get into that OPEC meeting room, or OPEC building, everybody leaves his politics at the outside door of that building, and that culture has been with us.""
The energy minister noted that OPEC and OPEC+, which was formed after production cut deals were agreed with non-OPEC countries including Russia, had dealt with various countries embroiled in conflict or acts of aggression throughout its history, including Iraq and Iran.
""The reason we have managed to maintain OPEC+ is that we discuss these matters, these issues, in an entirely siloed type of approach whereby we are much more focused on the common good, regardless of the politics,"" he added.
Prince Abdulaziz's comments were echoed by UAE Energy Minister Suhail Al Mazrouei, who also highlighted that the organization had continued to operate while constituent members were at war, without taking a side. He added that its only mission is ""stabilizing the market.""
""Our aim is to calm the market, trying to come up with volumes as much as possible, and if we are asking anyone to leave, then we are raising the prices,"" he said.
""Then we are doing something that is against what the consumers want, what the consumers are crying for in many countries around the world, who cannot probably afford where the prices could go.""
Al Mazrouei said countries could unilaterally refuse to buy Russian oil, but for the organization to squeeze out members would contradict its ethos.",10.379305555555556,1
2022-03-30,14349,-0.0010448229975668,0.0,0.0005573747792873,1.0,1.0,2,1,China's rich are moving their money to Singapore. Beijing's crackdown is one of the reasons,"More and more wealthy Chinese are worried about keeping their money on the mainland and some see Singapore as a safe haven.
Since protests disrupted Hong Kong's economy in 2019, affluent Chinese have looked for alternative places to store their wealth. Singapore proved attractive because of its large Mandarin Chinese-speaking community and, unlike many countries, it doesn't have a wealth tax.
The trend appeared to pick up last year after Beijing's sudden crackdown on the education industry and emphasis on ""common prosperity"" - moderate wealth for all, rather than just a few.
That's according to CNBC's interviews with firms in Singapore that are helping wealthy Chinese move their assets to the city-state via the family office structure.
A family office is a privately held company that handles investment and wealth management for an affluent family. In Singapore, setting up a family office typically requires at least $5 million in assets.
Over the last 12 months, inquiries about setting up a family office in Singapore have doubled at Jenga, a five-year-old accounting and corporate services firm, according to its founder Iris Xu. She said the majority of inquiries come from people in China or emigrants from the country.
About 50 of her clients have opened family offices in Singapore - each with at least $10 million in assets, Xu said.
China's rapid economic growth has minted hundreds of billionaires in just a few decades. Many more joined their ranks their last year, according to Forbes .
That brought the total number of billionaires in China to 626, second only to the United States' 724 billionaires, the data showed.
Xu said her Chinese clients ""believe there are plenty of opportunities to make a fortune in China, but they are not sure whether it is safe for them to park money there,"" according to a CNBC translation of the interview in Mandarin.
New family office-related work is coming disproportionately from Chinese clients, said Ryan Lin, a director at Bayfront Law in Singapore. His firm also has clients from India, Indonesia and parts of Europe.
Mainland China's tight capital controls - an official limit of $50,000 in overseas foreign exchange a year - limit those billionaires' ability to move money out of the country, Lin said.
The State Administration of Foreign Exchange said in a statement to CNBC on April 6 that the $50,000 foreign exchange limit is an ""annual facilitation"" for Chinese individuals with a valid ID. If those individuals wish to exchange a greater amount, they will need a valid ID and added materials explaining the use of the funds.
Although those capital controls mean many Chinese clients are opening family offices with smaller amounts of capital, Lin said most own revenue-generating business outside the mainland.
Other Chinese clients had already moved assets to Hong Kong, before moving them to Singapore, he said.
""This kind of trend has started since the 2019 riots in Hong Kong when many Chinese had a second thought about asset safety,"" Lin said. He said the trend accelerated in 2021 following the crackdown on the education industry and Chinese President Xi Jinping's talk of common prosperity.
China's top executive body, the State Council, did not immediately respond to a CNBC request for comment.
In a speech last year, Xi called for curbs on ""excessive"" income as China seeks to fulfill the Marxist vision of common prosperity and reduce wealth inequality.
Those comments came after months of increased scrutiny on China's big tech and education companies, as well as real estate developers - all industries that created enormous wealth for founders and executives in just two decades.
Covid-related restrictions on international travel also accelerated the interest of wealthy Chinese in establishing family offices in Singapore, Xu said. The country has a global investor program that allows adults who invest at least 2.5 million Singapore dollars ($1.8 million) to apply for permanent residency.
Since the pandemic began, some Chinese citizens found that China's government could suspend passport issuing and renewal services on grounds of virus control.
In response to an online question in August about passport suspension, China's National Immigration Administration said it would issue such documents only to those with essential or emergency reasons for leaving the country.
Many billionaires worldwide have used family offices to manage their wealth. Another part of Singapore's appeal is that its location gives investors proximity to other investment opportunities in Asia.
Since late 2020, Bridgewater founder Ray Dalio and Google co-founder Sergey Brin have opened family offices in Singapore to take advantage of its friendly tax policy, according to Bloomberg reports.
In 2020, there were about 400 family offices in Singapore, according to the nation's Economic Development Board . The authority hasn't updated the number since the end of 2021, and did not offer CNBC additional comment.
Local firms assisting with family office setups in Singapore estimate there could be hundreds more now.
That's driven demand for services workers - for all aspects of the business. Xu said her firm expanded its headcount by 25% last year, and that it's getting harder to hire chauffeurs for family offices in Singapore.
The ongoing war between Russia and Ukraine has brought uncertainty to Chinese citizens who want to open family offices in Singapore.
China has said it opposes sanctions. Beijing has also refused to call Russia's attack on Ukraine an invasion, and state media often blames the US for the conflict.
In contrast to China's attempt to take a neutral stance on the war, Singapore joined the US and the EU in imposing sanctions on Russia earlier this month, reportedly freezing local bank accounts held by sanctioned Russian individuals and entities.
Jenga's Xu said the news of the asset freeze gave some potential Chinese clients pause in their plans to open a family office in Singapore.
JPMorgan picks China stocks to buy now. Alibaba's not on the list
Portfolio manager explains why he has the 'most conviction' in this China tech stock
China's version of Spotify is 'underappreciated,' Morgan Stanley says
Goldman Sachs loves this sub-sector in China - and names 3 stocks to buy
Nevertheless, Xu and Lin from Bayfront said inquiries from Chinese people looking to open family offices in Singapore have grown this year at a pace similar to that of 2021.
But it's not clear whether the interest in Singapore means the city has gained a significant edge in longstanding competition with Hong Kong as a financial center.
Singapore is considering a broader range of wealth taxes - including tax on capital gains, dividends and net wealth tax on individuals, Finance Minister Lawrence Wong told CNBC last month.
Xu said that Hong Kong financial professionals have a more established track record of managing money and some Hong Kong asset managers are going to Singapore in search of potential customers.
""If Singapore cannot catch up in providing [quality] wealth management services, Chinese assets will still be managed by professionals from Hong Kong. After all, family offices are not restricted in where they invest,"" she said.
This article was updated to reflect the Sta te Administration of Foreign Exchange's response to CNBC regarding the $50,000 foreign exchange limit.",5.551666666666667,1
2022-03-31,14357,0.0005573747792873,1.0,0.0004874482182795,1.0,1.0,3,3,"Putin might be seen as a 'mad dictator' - but he has built powerful barriers to prevent a coup Oil prices slide as Biden announces largest-ever Strategic Petroleum Reserve release Nord Stream 2 cost $11 billion to build. Now, the Russia-Europe gas pipeline is unused and abandoned","If his reputation wasn't bad enough before Russia's unprovoked invasion of Ukraine, President Vladimir Putin is now even more widely seen as unstable, unreliable and untrustworthy - and those are the more generous descriptions of a leader who has ordered and overseen violent and destructive aggression toward Russia's smaller neighbor.
The invasion has prompted analysts and close watchers of Russia to not only question whether Putin has any moral compass, but also his sense of reality, geopolitical strategy and grip on power.
Specifically, many experts are asking whether the invasion of Ukraine - which has had unintended consequences for Russia , leaving it on the verge of economic ruin while uniting most of the international community against it - could backfire spectacularly on Putin, leaving him vulnerable to an uprising at home, as living standards fall, or a coup led from within by members of his political and business elite.
""The solution begins with naming the problem - the problem is a mad dictator which essentially got detached from reality over 20 years in power, and he's absolutely delusional and ready to do whatever he can to destabilize the global order,"" Vladimir Milov, a Russian opposition politician and former deputy energy minister, who now lives in Lithuania, told CNBC Wednesday. CNBC has requested a response to the comments from the Kremlin and is awaiting a reply.
US President Joe Biden was in hot water at the weekend for suggesting that Putin ""cannot remain in power"" in Russia , with the White House later walking back those comments, saying it does not endorse regime change.
Milov defended Biden, saying he had only said what everyone is thinking. ""Western leaders finally named the problem for what it is, which is Putin continuously staying in power, that's the key challenge for the peace, prosperity and stability of the world.""
Putin is widely seen to have derived his power from protecting and enriching a business elite, as well as persecuting Russia's political opposition, among whom the most prominent figure is Alexei Navalny who was imprisoned on what are widely seen as trumped-up charges.
Putin is also said to be surrounded by ""siloviki,"" or ""strongmen,"" who were former colleagues of his in the KGB (the predecessor of the FSB, Russia's security service) or who come from the military and security services such as the GRU (the foreign military intelligence agency) or the FSO - the Federal Protective Service, a federal government agency believed to have around 50,000 personnel who are responsible for protecting high-ranking state officials, the highest being the president.
The FSO includes the Russian Presidential Security Service which is the president's personal security detail. It's reported that the FSO is responsible for the safe passage of the nuclear briefcase - a specially outfitted briefcase used to authorize the use of nuclear weapons.
When it comes to an internal coup, Milov said it was important not to ""have some rosy hopes about that"" as it would be extremely difficult to overcome the barriers Putin has built to protect himself from being overthrown.
""It's different from Soviet times when we had a more-or-less legitimate governing body like the Politburo that could have deposed the secretary-general. We don't have that anymore, now it's just the president versus a complete vacuum.""
He noted that anyone bold enough to try to depose Putin would have to somehow ""prove that everyone has to obey his orders."" Secondly, Milov said that ""everyone is surveilled by the security services 24/7"" and that any group of officials ""even having a two or three-person gathering"" would be suspected and immediately reported.
Milov noted that while relations between different military, paramilitary and security structures were very uneasy, ""Putin has his own 50,000-strong security guard which is not governed by anybody else but him and which also incorporates communications so you can't cut him off,"" he said.
Melinda Haring, deputy director of the Atlantic Council's Eurasia Center, told CNBC on Wednesday that it's extremely difficult to gauge the mood in Putin's inner circle, and within the higher echelons of the military.
""This is a closed political system, Vladimir Putin is very paranoid, very controlled, and we don't know what people are thinking - there are things that have happened that have surprised all of us - there are fuel shortages, there is low morale, the Russians are not prepared and they're not playing their A-game, but the idea that there is going to be a palace coup and the Russian military is going to overthrow Putin? I don't think so, it's very, very unlikely,"" she said.
Putin's overthrow by members of the security services and/or military is still very unlikely, but analysts have noted that it cannot be excluded if the economic hit from international sanctions becomes too much for many Russians to bear.
If it were to happen, Henry Rome, director of global macro research at Eurasia Group, and his team wrote in a note Tuesday, ""our assumption is it would be brought about by displeasure with Putin's prosecution of a losing war and the political and economic isolation stemming from sanctions.""
A potential overthrow of Putin could be foreseeable in two scenarios, they noted:
One, in a situation where the conflict reaches an unstable stalemate, with continued, harsh fighting but limited change in territory. In this scenario, Russia would exercise ""tenuous control"" over most of southeastern Ukraine and parts of central and northeast Ukraine, and while negotiations with Ukraine to find a peace deal would make some progress, they would not yield a diplomatic solution and sanctions would intensify.
In the second scenario, Putin's position could be increasingly vulnerable if he orders an escalation to the conflict in which the Russian forces attack Kyiv and try to exercise broader and firmer control in eastern Ukraine. In this scenario, ""sanctions and Western support for the Ukrainian military escalates [and there are] broader macroeconomic consequences, especially in Europe."" This scenario could also see direct NATO-Russia air combat above Ukraine's borders, the analysts noted.
In both these scenarios, Putin's overthrow could follow if Russia's elites are convinced that ""Putin risks disaster for Russia and for them personally.""
Russia is widely believed to have expected an easy victory when it invaded Ukraine. But the conflict, now into its fifth week, has been anything but with Russian forces facing a quagmire in many parts of the country.
Although Russian forces look set to seize the southern port city of Mariupol, which has been under siege for weeks and staunchly defended by Ukrainian fighters, so far Russia has only captured the city of Kherson and even its hold on that looks shaky. There, as elsewhere, Ukrainian forces have started to launch counterattacks to repel Russian troops in a significant fight-back that has dented Russia's manpower and military ability.
There are expectations now that Russia could look to secure a deal with Ukraine in order to save face, and to be able to claim some kind of victory back home, as a wider occupation of Ukraine and regime change in Kyiv look like impossible objectives.
""Putin's image as a tactical/strategic genius is in tatters,"" Timothy Ash, senior emerging markets sovereign strategist at BlueBay Asset Management, said in emailed comments Tuesday.
""In the run up to the war the main argument used by the Kremlin to explain why they would not wage war in Ukraine was because they were not that stupid to do exactly what the Yanks wanted them to do, and get dragged into a war in Ukraine, similar to those waged by the US in Iraq and Afghanistan. Guess what, Putin really was that stupid. Even more stupid, as despite knowing the risk, he still did it.""
Ash said that the way Russia has conducted this war, launching an unprovoked attack on a sovereign nation and conducting indiscriminate bombing of cities and civilian targets, has made Russia and Putin ""international pariahs, and likely for long to come.""
""The reputational damage has been immense,"" he noted. Oil prices were lower on Thursday as the White House announced that it will release 1 million barrels per day of oil for the next six months from the Strategic Petroleum Reserve - in an effort to calm spiking oil and gas prices.
International benchmark Brent crude ended the day at $107.91, for a loss of 4.88%. US crude futures for May delivery settled 6.99% lower at $100.28 per barrel.
""The scale of this release is unprecedented: the world has never had a release of oil reserves at this 1 million per day rate for this length of time. This record release will provide a historic amount of supply to serve as bridge until the end of the year when domestic production ramps up,"" the administration said in a statement.
Oil prices dropped sharply Wednesday evening after reports that such a move was likely. President Joe Biden is set to give remarks later on Thursday.
""It is hard to overstate the scale of this intervention,"" said ClearView Energy Partners. The firm noted that this is the largest-ever SPR release by a factor of 3.6X. The second largest on record was the 50 million barrel release in November.
Gasoline prices have surged to record highs on Russia's invasion of Ukraine and subsequent supply concerns, driving spikes in inflation across the global economy.
Russia is the world's second-largest exporter of oil, and unprecedentedly punitive international sanctions following the invasion have disrupted flows out of the country.
In a research note Thursday, Goldman Sachs commodity analysts said the release from US reserves would help the oil market toward rebalancing in 2022, but would not resolve its structural deficit.
""This would reduce the amount of necessary price-induced demand destruction, the sole oil rebalancing mechanism currently available in a world devoid of inventory buffers and supply elasticity,"" Goldman Sachs said.
""This would remain, however, a release of oil inventories, not a persistent source of supply for coming years. Such a release would therefore not resolve the structural supply deficit, years in the making.""
They added that lower prices in 2022 would support oil demand while slowing the acceleration in US shale production, leaving a deficit in 2023 and a likely need to refill the US reserves.
The International Energy Agency will hold an emergency meeting on Friday to discuss oil supply concerns, Australian Energy Minister Angus Taylor announced on Thursday.
The Organization of Petroleum Exporting Countries and its allies including Russia (known as OPEC+) met on Thursday, deciding to hold production output largely steady . The group will boost output by 432,000 barrels per day beginning May 1.
""[I]t was noted that continuing oil market fundamentals and the consensus on the outlook pointed to a well-balanced market, and that current volatility is not caused by fundamentals, but by ongoing geopolitical developments,"" OPEC said in a statement following the meeting.
Ed Bell, senior director of market economics at Emirates NBD, told CNBC on Thursday that despite the record scale of the expected SPR release, an enormous downswing in its immediate aftermath would be unlikely.
""Markets are still going to be very much squarely focused on supply going forward and the lack of it that we're going to be seeing from Russia, the incremental additions we're going to be seeing from OPEC+ and so far the real lack of price response from US producers to high prices,"" Bell told CNBC's ""Capital Connection.""
""For the longer term though, I do think this is a bit of a risky strategy for the US to draw down on its SPR so heavily if you think that we're going to be going into the more heavy use summer months in the United States, we're going to be drawing down inventories just as we're going to be needing them in a time of uncertain supply conditions.""
Bell added that if the oil market maintains a structural deficit for a prolonged period, drawing down on US reserves could ""help underpin a bullish case for oil prices"" over the next 12 to 24 months. One of the early casualties of Russia's invasion of Ukraine - and its continuing geopolitical and economic fallout - has been the Nord Stream 2 gas pipeline, a massive energy project that took several years to build and cost $11 billion.
Even before Russia's unprovoked onslaught, the signs were not good for the 1,234-kilometer offshore pipeline - designed to double the flow of gas between Russia and Germany. Now, the major infrastructure project is looking like it has been ""killed off,"" as one analyst put it.
The laying of the pipeline started in 2018 but faced several stumbling blocks, becoming something of a geopolitical pinball in Europe and the US before it was finally completed in September 2021.
By November last year, however, there were further signs of trouble brewing when the German energy regulator temporarily halted the certification process that would allow it to start operating the pipeline. The suspension came as Russia was amassing tens of thousands of troops along Ukraine's border (although the regulator cited legalities as a reason for the suspension).
The final nail in Nord Stream 2's coffin came in February following Russia's fateful decision to formally recognize two pro-Russian, breakaway regions in eastern Ukraine. That prompted the German government under Chancellor Olaf Scholz to stop the certification process altogether.
As we all now know, Russia's recognition of the breakaway republics in the Donbas was a precursor to its larger invasion of Ukraine that began on Feb. 24.
The war that has ensued has thrown Europe into a geopolitical crisis not seen in years and has put joint projects and business partnerships between (and in) Russia and Europe - like Nord Stream 2 - on a cliff-edge.
""Russia's invasion of Ukraine has killed off the Nord Stream 2 project. In short, it would be unthinkable for Germany or any other European country to do a U-turn and authorize the pipeline after Russia's behavior,"" Kristine Berzina, senior fellow and head of the geopolitics team at the German Marshall Fund of the United States, told CNBC Wednesday.
""Even functioning pipelines have a shaky future in Europe,"" Berzina noted, while for Nord Stream 2, ""the pipeline is frozen in its inactive state. Besides ensuring the safety and stability of the structure, I do not anticipate other uses for it.""
Russia's invasion has accelerated the EU's shift away from Russian energy with the bloc saying it will slash Russian gas imports by two-thirds by the end of 2022, and that it plans to end its reliance on Russian fossil fuel imports by 2030.
Russia has responded by threatening to halt gas exports to perceived ""unfriendly"" countries if payments for gas are not made in rubles as opposed to euros or dollars. The Group of Seven industrialized nations has rejected this demand.
Against this backdrop of bitter geopolitical tensions, the future of the Nord Stream 2 pipeline is now very much in doubt, energy analysts say.
""We don't believe Nord Stream 2 will ever be commissioned,"" Kateryna Filippenko, principal analyst for European gas research at Wood Mackenzie, told CNBC Wednesday.
""Europe's attitude to Russian gas has changed irreversibly, and it is now determined to diversify away from Russian gas. Meanwhile, Russia is threatening to halt gas flows to Europe if payments are not made in rubles. It's hard to see a rapprochement between Europe and Russia that could facilitate a green light to Nord Stream 2, even years from now.""
The pipeline was developed and was to be operated by Nord Stream 2 AG, a Swiss-based subsidiary of Russia's state-controlled gas giant Gazprom. However, it was co-financed by several other European companies including Germany's Uniper, chemical company BASF's subsidiary Wintershall Dea as well as Engie, OMV and Shell.
Amid the mass withdrawal of Western business from Russia, the energy companies involved in Nord Stream 2 have been forced to accept big losses on the project. Wintershall Dea announced in early March that it would write off its 1 billion euro ($1.1 billion) financing in the pipeline as have OMV and Uniper too. Shell has also withdrawn from the project.
Richard Gorry, managing director at JBC Energy Asia, described the project as being ""dead in the water"" when he spoke to CNBC in February, saying that ""it was never really alive because it was always in some sort of limbo whether it was political or bureaucratic.""
CNBC has approached Gazprom and Nord Stream 2 (which is now under US sanctions following the invasion and whose website is not working) for comment on what their plans are for the pipeline but is yet to receive a reply from either.
Meanwhile, Germany's energy regulator, Bundesnetzagentur, told CNBC that the pipeline was far from being in a position where it could be certified either.
""A prerequisite for the certification of the Nord Stream 2 operator is a positive assessment from the Federal Ministry for Economic Affairs and Climate Action that security of supply is not jeopardised,"" it told CNBC in a statement Tuesday.
""This condition is no longer fulfilled,"" the regulator said, adding that it ""cannot certify the company at this time"" and that operating the pipeline without certification would be unlawful.
With Germany turning its back on Russian gas, it's abundantly clear that Nord Stream 2 is now clearly at odds with EU energy policy, Warren Patterson, head of commodities strategy at ING, told CNBC on Tuesday.
""The EU's plan to be independent from Russian energy before 2030 suggests that it is unlikely that we will ever see natural gas flowing through the pipeline,"" he said.
Patterson expected that the Nord Stream 2 operator would want to wait and see if there is any possible future for the pipeline once the war is over: ""If there isn't, they will need to make a decision to either abandon the pipeline or retrieve it. However, the latter would obviously be a costly operation,"" Patterson said.
Russia has had a severe range of sanctions imposed upon it for the invasion and has become a pariah for the West which has tried to hit Russia, a major oil and gas exporter, where it hurts by sanctioning its energy sector.
The US has banned imports of Russian-origin oil, liquified natural gas and coal while the EU has banned new investments in the Russian energy sector and the UK has sanctioned the leaders of Russian energy companies.
Nord Stream 2's fate will largely be decided by how Russia's invasion of Ukraine is concluded, and this itself depends on a number of factors, essentially, whether President Vladimir Putin concedes that his forces have not, and will not, achieve his territorial objectives on the ground and looks for a ceasefire, or whether he intensifies the conflict. How well Ukraine's forces and defenses can repel and counter-attack Russia is also a large factor in the equation.
There are concerns the conflict is looking increasingly like a war of attrition where no one wins. In the meantime, talks between the two sides to find a ceasefire and peace deal remains fraught with difficulty.
There is a slim chance, one analyst noted, that Nord Stream 2's fortunes could be turned around.
Nord Stream 2 ""will not be re-launched or approved unless the Ukraine war comes to a conclusion that ensures Ukrainian territory and peace in a way that future Russian aggression is perceived as having been eradicated,"" Henning Gloystein, director of energy, climate and resources at Eurasia Group, told CNBC Wednesday.
""Even in case of a ceasefire or some form of settled conclusion, it seems unlikely that a peace would be seen as so stable that no Russian threat existed anymore, especially while President Vladimir Putin is in power,"" he said.
Given Putin seems pretty safe in his position, Henning noted, the German government does not expect a revival of Nord Stream 2.
""The only conceivable scenario for revival - and probably why NS2 is officially suspended, not canceled - seems to be under a totally reformed Russian government. Even then, I suspect Germany would be reluctant to just revive NS2 in its past form. I suspect Germany would probably seek to transform it into a hydrogen pipeline. But that all seems a bit farfetched at this stage,"" Gloystein noted. CNBC has asked for further comment from the German government and is awaiting a response.
Kristine Berzina, from the German Marshall Fund of the United States, said that for a number of years there has been speculation about whether the Nord Stream pipelines and others could be used to transport hydrogen in the future, and that Russia is a potential future supplier of hydrogen.
""For those who wish not to fall into old patterns of dependence on Russia, it will be important to watch whether there are old-timers in Germany who would want to eventually revive the energy relationship with Russia with next generation fuels under a decarbonization flag. But would Europe really subjugate itself to Russia again? This would again enrich Russia,"" she cautioned.
The Nord Stream 2 gas pipeline has always been controversial since Gazprom and several European energy companies agreed in 2015 to construct it.
Russia and Germany, under former Chancellor Angela Merkel, insisted that the gas pipeline was a purely commercial venture and that it would lower gas prices for European consumers. Nonetheless, the fact the project got the green light a year after Russia had annexed Crimea from Ukraine prompted criticism of Berlin.
""In hindsight, we're all smarter, but we should have never signed this Nord Stream 2 [agreement],"" Wolfgang Ischinger, president of the Munich Security Conference's Foundation Council and a former diplomat, told CNBC. ""But that's what happened.""
Ischinger said it continues to be ""a huge effort"" for Germany to wean itself off a well-established Russian-German economic relationship, one that brought about the Nord Stream 2 partnership, and that Germany was now waking up to the fact that ""Russia is now our adversary.""
That the pipeline project was a bad idea and had the potential to go spectacularly wrong was not without warning from several quarters, notably the US and eastern European countries, including Poland and Ukraine.
They all said the pipeline would only increase Europe's reliance on Russian gas imports and reduce the region's energy security as a result. Ukraine stood to lose billions of dollars worth of gas transit fees that Russia paid it to transfer gas via the country whereas the US has long had an eye on increasing its own LNG exports to Europe.",9.989444444444445,1
2022-04-01,14364,0.0004874482182795,1.0,-0.0001392466757105,0.0,1.0,4,2,US to release 1 million barrels of oil per day from reserves to help cut gas prices India tries to pry Sri Lanka loose from China's embrace,"The US will release 1 million barrels of oil per day from its strategic reserves to help cut gas prices and fight inflation across the country, the White House announced Thursday.
President Joe Biden plans to tap the nation's Strategic Petroleum Reserve for the next six months as domestic producers ramp up production, according to a fact sheet released by the Biden administration.
""The scale of this release is unprecedented: the world has never had a release of oil reserves at this 1 million per day rate for this length of time,"" the White House said in a release. ""This record release will provide a historic amount of supply to serve as bridge until the end of the year when domestic production ramps up.""
A senior administration official told reporters Thursday morning that, in combination with similar actions in other countries, the average daily amount released from global strategic reserves should exceed 1 million barrels.
Oil prices dropped Thursday after reports surfaced Wednesday evening suggesting such a move was imminent.
International benchmark Brent crude futures for May fell 4% to trade at $108.89 per barrel. US crude futures slid 4.7% to $102.84. Earlier in the session the contract traded as low as $100.16.
The announcement comes as the White House looks for ways to combat a spike in energy prices caused by Russia's invasion of Ukraine . While oil prices are well off highs seen earlier this year, the geopolitical chaos has continued to elevate petroleum costs and stir fears about oil and natural gas availability.
Biden later remarked on the administration's efforts to cool oil prices and blamed Russian President Vladimir Putin for the most recent spike in energy costs.
""Many people are no longer buying Russian oil around the world. I banned Russian-imported oil here in America, Republicans and Democrats in Congress called for it and support it. It was the right thing to do,"" Biden said.
""But as I said at the time, it's going to come with a cost,"" the president added. ""As Russian oil comes off the global market, supply of oil drops, and prices are rising. Now Putin's price hike is hitting Americans at the pump.""
The recent rise in crude prices has led to a jump in domestic gasoline prices, with the national average price of a gallon of gas at $4.23 , up from $2.87 a year ago. That jump has contributed to a broader rise in the prices consumers pay for all goods and services, and a 7.9% increase in year-over-year inflation .
Roger Read, senior energy analyst at Wells Fargo Securities, noted that Biden's planned daily release from the SPR is about 1% of daily global production and 5% of U.S consumption.
""I don't want to make it sound like it's nothing, but you just arrive at the issue where we may be off a lot more than just 1 million barrels. So it helps, but it's unlikely to solve the problem,"" he said. ""In the end, it's a little bit of a Band Aid and I think a little bit of hoping to get later in the year OPEC catch up.""
The White House also used Thursday's announcement to criticize the domestic energy industry for ""sitting on"" more than 12 million acres of federal land and 9,000 unused but already approved permits for production.
Specifically, Biden implored lawmakers to impose fees on companies that aren't using wells from their leases on acres of public lands.
""Companies that are producing from their leased acres and existing wells will not face higher fees,"" the administration said. ""But companies that continue to sit on non-producing acres will have to choose whether to start producing or pay a fee for each idled well and unused acre.""
A senior administration official later added that the White House has been meeting with industry leaders to encourage producers to use already approved land to ramp up US capacity with mixed feedback.
""We believe the industry needs to step up,"" the official said. ""It needs to do more, there needs to be investing in additional production.""
""There are companies out there that have said they are, that are doing the right thing,"" the person added. But there are others ""who've said that it doesn't matter where the price point is, they're not going to produce more. They're instead focused on returning dividends and distributions to shareholders.""
Energy Secretary Jennifer Granholm said in a tweet Thursday afternoon that her department is immediately ready to deploy the 1 million barrels per day.
The White House said Biden will also urge lawmakers to foster American energy independence by passing legislation to speed up the transition to clean energy.
The president also plans to invoke the Defense Production Act to support the production and processing of minerals and materials used for large capacity batteries like lithium, nickel, cobalt, graphite and manganese.
""The sectors supported by these large capacity batteries - transportation and the power sector - account for more than half of our nation's carbon emissions,"" the administration said in a fact sheet.
- CNBC's Pippa Stevens contributed reporting. India's Foreign Minister Subrahmanyam Jaishankar was in Sri Lanka this week to offer help to the struggling Sri Lankan economy in an attempt to pry it away from a decades-long Chinese embrace.
Sri Lanka's two-year-old economic crisis comes after two decades of heavy Chinese investment, under what a geopolitical expert called ""strategic trap diplomacy. ""
Having a giant, increasingly assertive neighbor so closely intertwined with Sri Lanka has unsettled India, which is locked in a standoff with China at their disputed Himalayan border. Sri Lanka's economic crisis affords India an opportunity to wean the country away from Beijing's influence.
Perched just off busy East-West shipping lanes, Sri Lanka has drawn billions in investment under China's Belt and Road Initiative. The program was launched in 2013 to build ports, roads, railways, pipelines and other infrastructure across Asia.
But China has taken over at least one strategic port when Sri Lanka failed to service its debt. New Delhi won a small but significant victory Tuesday when it wrested away a power project earlier granted to China .
India is also trying to outdo China in its alacrity to provide financial help to Sri Lanka, which is running dangerously low on foreign reserves to service its debt. According to central bank data obtained by Reuters, Sri Lanka currently has about $2 billion in foreign exchange reserves against $7 billion in total debt due this year, including $1 billion worth of notes maturing in July.
During Jaishankar's trip, Sri Lanka sought a $1.5 billion credit line to buy essential commodities, Reuters reported. That's on top of $2.4 billion India has transferred since January by way of a currency swap, loan deferment and credit lines.
China, which has deeper pockets, has not yet acceded to a Sri Lankan request for a $2.5 billion credit line or a restructuring of its overall debt. About 22% of Sri Lanka's debt is owed to bilateral creditors - China and Japan (10% each) as well as India (2%).
Food, milk, medicine and other essential commodities are in short supply as inflation rate surges past 17% . Power cuts are commonplace and some people have died of heat stroke while waiting in long lines to buy fuel.
India is trying to stabilize the region, said Gulbin Sultana, associate fellow at Manohar Parrikar Institute for Defence Studies and Analyses in New Delhi.
""China's presence is of concern to India, true. But India and Sri Lanka are also maritime neighbors. Any instability in Sri Lanka will have a spillover effect on India,"" she told CNBC.
More than a dozen refugees have reached India by boat and Indian media reported, citing intelligence sources, that an estimated 2,000 more would follow in the coming days.
Sri Lanka's nationalistic Rajapaksa government, which had hoped to ride out the crisis without IMF assistance, reversed course this month. Finance Minister Basil Rajapaksa, who is also the president's brother, will soon travel to Washington to present policy proposals to the lender.
Sri Lanka has sought IMF bailouts 16 times in the past 56 years, second only to debt-ridden Pakistan.
The current crisis was precipitated by tax cuts which hit government revenues already under stress after the Covid-19 pandemic felled the $5 billion tourism industry. In 2020, real GDP contracted by 3.6% and Sri Lanka lost access to international debt markets after its ratings were downgraded.
China has so far not acceded to Sri Lanka's request for debt restructuring. Ganeshan Wignaraja, a non-resident senior fellow at the Institute of South Asian Studies at the National University of Singapore, ascribed China's reluctance to two factors.
""One, it will set a bad precedent for other nations who have borrowed from China,"" he told CNBC from Colombo. ""And two, it will associate China with failure because the Sri Lankan economic model was based on China's.""
In response to CNBC's request for comment, the Chinese Ministry of Foreign Affairs said China and Sri Lanka have always supported each other. Beijing has supported Sri Lanka's economy within its ability to do so, and will continue to do that in future, the statement said.
Sri Lanka adopted the Chinese model of infrastructure-led growth in the early 2000s on the premise that it would generate jobs and usher in prosperity. No reliable figures are available, but the cumulative value of Chinese infrastructure investment in Sri Lanka is estimated at over $12 billion between 2006 and 2019.
Beyond Sri Lanka's financial crisis, Colombo is also caught in a ""strategic trap,"" said Asanga Abeyagoonasekera, a Sri Lankan geopolitical analyst and senior fellow with the Washington-based Millennium Project.
He described the strategic trap as an extension of a ""debt trap"" with human rights, political and security aspects. China shields Sri Lanka from criticism of its human rights record at the United Nations and favors an authoritarian, heavily militarized model of governance over democracy, he added.
""The quantitative economic projection of debt-trap falls short in capturing the strategic depth of Chinese projects. The Chinese projects have a long-term strategic design that could comfortably bring a 'hybrid model' of civil-military activity to the country, a security concern for Sri Lanka and the entire region,"" Abeyagoonasekera said.
""The large scale Chinese infrastructure loans are one of the direct concerns; none of them could generate expected revenues to pay back the loans,"" he said, calling Chinese loans ""opaque. ""
Both experts believe that IMF assistance will be key to resolving Sri Lanka's economic issues.
Sri Lanka, suggested Wignaraja, will be better served if India adds its ""powerful voice"" for Colombo to implement an IMF program which will call for deep economic reforms.",11.58888888888889,1
2022-04-04,14362,-0.0001392466757105,0.0,-0.0009752700180896,0.0,3.0,0,1,"Here are 3 hottest markets in Southeast Asia for 2022, according to Wall Street","Geopolitical tensions around the world have been on the rise, but Southeast Asia's markets may offer relative safety to investors, according to top investment banks.
As we enter the next quarter of 2022, CNBC asked analysts from Goldman Sachs and JPMorgan Asset Management which Southeast Asian markets were their top picks.
Southeast Asian stocks have underperformed and been ""largely ignored by global investors for a decade,"" said Timothy Moe, Goldman's chief Asia Pacific equity strategist.
Indonesia is a top Southeast Asian pick for both Wall Street banks.
""In Indonesia, we are structurally positive on the banks as the majority of the population are still unbanked or underbanked. We are currently positioned in the leading private sector and also state-owned banks as they have been proactively driving digital adoption to accelerate financial penetration,"" said Desmond Loh, a portfolio manager at JPMorgan Asset Management.
Strong commodity prices have also been beneficial for export earnings in Indonesia as well as the country's trade balance, and that's set to support the Indonesian rupiah as well as the nearer term growth outlook in Indonesia, he said.
Global commodity prices have been on a rollercoaster ride since the war in Ukraine broke out after Russia's invasion in late February. Russia is a major oil producer while Ukraine is a major exporter of other commodities such as wheat and corn.
As of Monday morning in Asia, international benchmark Brent crude futures have risen more than 30% so far this year.
JPMorgan Asset Management also likes Vietnam, which Loh termed a ""star performer in the past few years"" in economic resiliency and growth. Vietnam is one of the few economies globally to have seen positive economic growth throughout the pandemic, he added.
""To capitalize on the growth, we are positioned in high quality consumer proxies and banks,"" he said, without naming specific stocks.
Meanwhile, Singapore is the other Southeast Asian that Goldman Sachs likes.
There are three main reasons why the investment bank likes Indonesia as well as Singapore, said Moe.
Indonesia's Jakarta Composite has risen more than 7% this year, while Vietnam's VN index is up about 1% in the same period. Singapore's Straits Times index has gained more than 9%.
In comparison, MSCI's broadest index of Asia-Pacific shares outside Japan has dropped 6%.
On Wall Street, the S&P 500 is down 4.6% so far this year, while the pan-European Stoxx 600 has dropped about 6%.
Investors have in recent weeks been grappling with a range of concerns, from the commodity price spike triggered by Russia's invasion of Ukraine to a rising interest rate environment as major central banks like the US Federal Reserve seek to fight inflation.
Southeast Asia is ""relatively insulated"" from rising geopolitical tensions in Europe, as Russia and Ukraine account for less than 1% of regional exports, according to Loh.
""Escalation in geopolitical risks renders near-term tailwind for commodity prices to underpin the strength of ASEAN's commodity-exporter markets,"" he said, referring to the 10-member states of the Association of Southeast Asian Nations.
Global investors have been repositioning in the last few weeks in anticipation of more aggressive moves ahead by the Federal Reserve's monetary tightening, but the analysts expect the impact on Southeast Asia to be relatively smaller compared to before.
In March, the Federal Reserve raised interest rates for the first time since 2018 , and Fed Chair Jerome Powell subsequently pledged to take tough action on inflation that is ""much too high.""
The prospect of more rate hikes ahead by the Fed has raised concerns of capital outflows and currency depreciation in Southeast Asia's emerging markets, a phenomenon seen in 2013 during the ""taper tantrum"" that saw bond yields spike after the Fed hinted asset purchases could wind down.
""We don't expect an exodus of outflows [from ASEAN] as we saw in the last taper tantrum,"" Loh said, explaining that country level balance sheets in Southeast Asia are ""generally much healthier"" now compared to a decade ago.
Most of Southeast Asia's central banks, with the exception of Singapore , have yet to tighten monetary policy. That's in part due to an inflation situation regionally that is relatively less severe compared with developed economies in the West.
Southeast Asian economies today are also more resilient compared to past cycles, according to Moe, who cited external balances that are in better shape as well as currencies that are attractively valued.",7.373055555555555,1
2022-04-05,14348,-0.0009752700180896,0.0,0.0011145166938001,1.0,1.0,1,1,"Dimon says confluence of inflation, Ukraine war may 'dramatically increase risks ahead' for US","Jamie Dimon , CEO and chairman of the biggest US bank by assets, pointed to a potentially unprecedented combination of risks facing the country in his annual shareholder letter.
Three forces are likely to shape the world over the next several decades: a US economy rebounding from the Covid pandemic; high inflation that will usher in an era of rising rates, and Russia's invasion of Ukraine and the resulting humanitarian crisis now underway, according to Dimon.
""Each of these three factors mentioned above is unique in its own right: The dramatic stimulus-fueled recovery from the COVID-19 pandemic, the likely need for rapidly raising rates and the required reversal of QE, and the war in Ukraine and the sanctions on Russia,"" Dimon wrote.
""They present completely different circumstances than what we've experienced in the past - and their confluence may dramatically increase the risks ahead,"" he wrote. ""While it is possible, and hopeful, that all of these events will have peaceful resolutions, we should prepare for the potential negative outcomes.""
Dimon's letter, read widely in business circles because of the JPMorgan CEO's status as his industry's most prominent spokesman, took a more downcast tone from his missive just last year . While he wrote extensively about challenges facing the country, including economic inequality and political dysfunction, that letter broadcast his belief that the US was in the midst of a boom that could ""easily"" run into 2023.
Now, however, the outbreak of the biggest European conflict since World War II has changed things, roiling markets, realigning alliances and restructuring global trade patterns, he wrote. That introduces both risks and opportunities for the US and other democracies, according to Dimon.
""The war in Ukraine and the sanctions on Russia, at a minimum, will slow the global economy - and it could easily get worse,"" Dimon wrote. That's because of the uncertainty about how the conflict will conclude and its impact on supply chains, especially for those involving energy supplies.
Dimon added that for JPMorgan, management isn't worried about its direct exposure to Russia, though the bank could ""still lose about $1 billion over time.""
Here are excerpts from Dimon's letter .
""We expect the fallout from the war and resulting sanctions to reduce Russia's GDP by 12.5% by midyear (a decline worse than the 10% drop after the 1998 default). Our economists currently think that the euro area, highly dependent on Russia for oil and gas, will see GDP growth of roughly 2% in 2022, instead of the elevated 4.5% pace we had expected just six weeks ago. By contrast, they expect the US economy to advance roughly 2.5% versus a previously estimated 3%. But I caution that these estimates are based upon a fairly static view of the war in Ukraine and the sanctions now in place.""
""Many more sanctions could be added - which could dramatically, and unpredictably, increase their effect. Along with the unpredictability of war itself and the uncertainty surrounding global commodity supply chains, this makes for a potentially explosive situation. I speak later about the precarious nature of the global energy supply, but for now, simply, that supply is easy to disrupt.""
""America must be ready for the possibility of an extended war in Ukraine with unpredictable outcomes. ... We must look at this as a wake-up call. We need to pursue short-term and long-term strategies with the goal of not only solving the current crisis but also maintaining the long-term unity of the newly strengthened democratic alliances. We need to make this a permanent, long-lasting stand for democratic ideals and against all forms of evil.""
""Russian aggression is having another dramatic and important result: It is coalescing the democratic, Western world - across Europe and the North Atlantic Treaty Organization (NATO) countries to Australia, Japan and Korea. [...] The outcome of these two issues will transcend Russia and likely will affect geopolitics for decades, potentially leading to both a realignment of alliances and a restructuring of global trade. How the West comports itself, and whether the West can maintain its unity, will likely determine the future global order and shape America's (and its allies') important relationship with China.""
""It also is clear that trade and supply chains, where they affect matters of national security, need to be restructured. You simply cannot rely on countries with different strategic interests for critical goods and services. Such reorganization does not need to be a disaster or decoupling. With thoughtful analysis and execution, it should be rational and orderly. This is in everyone's best interest.""
""For any products or materials that are essential for national security (think rare earths, 5G and semiconductors), the US supply chain must either be domestic or open only to completely friendly allies. We cannot and should not ever be reliant on processes that can and will be used against us, especially when we are most vulnerable. For similar national security reasons, activities (including investment activities) that help create a national security risk - i.e., sharing critical technology with potential adversaries - should be restricted.""
""This restructuring will likely take place over time and does not need to be extraordinarily disruptive. There will be winners and losers - some of the main beneficiaries will be Brazil, Canada, Mexico and friendly Southeast Asian nations. Along with reconfiguring our supply chains, we must create new trading systems with our allies. As mentioned above, my preference would be to rejoin the TPP - it is the best geostrategic and trade arrangement possible with allied nations.""
""The Federal Reserve and the government did the right thing by taking bold dramatic actions following the misfortune unleashed by the pandemic. In hindsight, it worked. But also in hindsight, the medicine (fiscal spending and QE) was probably too much and lasted too long.""
""I do not envy the Fed for what it must do next: The stronger the recovery, the higher the rates that follow (I believe that this could be significantly higher than the markets expect) and the stronger the quantitative tightening (QT). If the Fed gets it just right, we can have years of growth, and inflation will eventually start to recede. In any event, this process will cause lots of consternation and very volatile markets. The Fed should not worry about volatile markets unless they affect the actual economy. A strong economy trumps market volatility.""
""One thing the Fed should do, and seems to have done, is to exempt themselves - give themselves ultimate flexibility - from the pattern of raising rates by only 25 basis points and doing so on a regular schedule. And while they may announce how they intend to reduce the Fed balance sheet, they should be free to change this plan on a moment's notice in order to deal with actual events in the economy and the markets. A Fed that reacts strongly to data and events in real time will ultimately create more confidence. In any case, rates will need to go up substantially. The Fed has a hard job to do so let's all wish them the best.""
""This year, we announced that the expenses related to investments would increase from $11.5 billion to $15 billion. I am going to try to describe the 'incremental investments' of $3.5 billion, though I can't review them all (and for competitive reasons I wouldn't). But we hope a few examples will give you comfort in our decision-making process.
Some investments have a fairly predictable time to cash flow positive and a good and predictable return on investment (ROI) however you measure it. These investments include branches and bankers, around the world, across all our businesses. They also include certain marketing expenses, which have a known and quantifiable return. This category combined will add $1 billion to our expenses in 2022.
""Over the last 18 months, we spent nearly $5 billion on acquisitions, which will increase 'incremental investment' expenses by approximately $700 million in 2022. We expect most of these acquisitions to produce positive returns and strong earnings within a few years, fully justifying their cost. In a few cases, these acquisitions earn money - plus, we believe, help stave off erosion in other parts of our business.""
""Our international consumer expansion is an investment of a different nature. We believe the digital world gives us an opportunity to build a consumer bank outside the United States that, over time, can become very competitive - an option that does not exist in the physical world. We start with several advantages that we believe will get stronger over time. ... We have the talent and know-how to deliver these through cutting-edge technology, allowing us to harness the full range of these capabilities from all our businesses. We can apply what we have learned in our leading US franchise and vice versa. We may be wrong on this one, but I like our hand.""
""Despite the pandemic and talent retention challenges, we continue to boost our representation among women and people of color. ... More women were promoted to the position of managing director in 2021 than ever before; similarly, a record number of women were promoted to executive director. By year's end, based on employees that self-identified, women represented 49% of the firm's total workforce. Overall Hispanic representation was 20%, Asian representation grew to 17% and Black representation increased to 14%.""",23.49944444444445,1
2022-04-06,14364,0.0011145166938001,1.0,-0.0003481530515966,0.0,1.0,2,1,"81% of US adults are worried about a recession hitting this year, survey finds","After two years of the coronavirus pandemic, a recession and a rapid recovery, Americans are worried that the economy may swiftly decline once again.
Some 81% of adults said they think the US economy is likely to experience a recession in 2022, according to the CNBC + Acorns Invest in You survey, conducted by Momentive. The online survey of nearly 4,000 adults was conducted from March 23 to 24.
Certain groups are anticipating a potential economic downturn more than others, the survey found. That includes Republicans, who are more likely to think there will be a recession than Democrats, as well as those who see themselves as financially worse off this year than they were last year.
The National Bureau of Economic Research, the arbiter of calling recessions, defines one as ""significant decline in economic activity that is spread across the economy and lasts more than a few months.""
The last recorded recession took place in 2020 , when the coronavirus pandemic spurred mass shutdowns and layoffs across the US
Since, however, the US economy has seen a stunning recovery. The labor market has added back millions of jobs and is nearing its pre-pandemic state. In addition, wages have gone up for many workers, including those in lower-paying jobs.
More from Invest in You: Joint vs. separate accounts: What couples need to think about Want to find financial success? Here's how to get started Before buying a house, here's how to set yourself up for success
Because of this, many economists aren't too concerned that a recession is on the horizon.
""If you look at the labor market data right now, you'd be hard pressed to find any indication of recession,"" said Nick Bunker, economic research director for North America at the Indeed Hiring Lab. ""Maybe a relative slowdown, but that's from really hot to just hot.""
Even though the labor recovery is still going strong, there are other forces impacting consumers.
Inflation, for example, has hit many Americans hard and could hinder the economic recovery. In February, the consumer price index surged 7.9% on the year, the highest since January 1982. Prices have gone up in many categories such as housing, food and energy.
""Inflation is the boogeyman when it comes to recoveries,"" said Robert Frick, corporate economist at the Navy Federal Credit Union.
That's because if prices continue to climb - as they're projected to - people may begin to pull back on spending, which could lead businesses to halt hiring. The Federal Reserve is also poised to continue to raise interest rates, which will slow down the economy to curb inflation.
This is a blunt tool, however, according to Bunker. The central bank must be careful to cool the economy enough to bring prices back down without tipping the US into another recession.
There's also geopolitical uncertainty around the war in Ukraine, which has contributed to rising fuel prices and will likely continue to pressure the global economy. In addition, the yield curve between the 2-year and 10-year US Treasury bonds recently inverted for the first time since 2019, a signal that has preceded recessions in the past.
Still, this isn't a sure sign that a recession is on the horizon, said Frick.
""Of all the things you have to worry about, I don't think that the yield curve inverting is one of them,"" he said.
While it may be too early for Americans to prepare for a recession, they could take steps now to better their financial situation regardless.
That includes boosting emergency and retirement savings, as well as trimming budgets to keep spending down amid inflation that's likely to continue.
""It pays to take a step back and look at the positives and weigh the negatives against historical evidence,"" Frick said. ""If you do that with the odds of recession, they're still relatively low, but risks are high, and uncertainty is high.""
Disclosure: NBCUniversal and Comcast Ventures are investors in Acorns .",22.99972222222222,1
2022-04-07,14359,-0.0003481530515966,0.0,0.000417769119013,1.0,1.0,3,1,"A fertilizer shortage, worsened by war in Ukraine, is driving up global food prices and scarcity","A fertilizer shortage has added to growing concerns about the Ukraine war's impact on the price and scarcity of certain basic foods.
Combined, Russia and Belarus had provided about 40% of the world's exports of potash, according to Morgan Stanley. Russia's exports were hit by sanctions. Further, in February, a major Belarus producer declared force majeure - a statement that it wouldn't be able to uphold its contracts due to forces beyond its control.
Russia also exported 11% of the world's urea, and 48% of the ammonium nitrate. Russia and Ukraine together export 28% of fertilizers made from nitrogen and phosphorous, as well as potassium, according to Morgan Stanley.
Disruptions of those shipments due to sanctions and war has sent fertilizer prices skyrocketing. High grain prices are rising even more.
""It is a huge problem,"" said CF Industries CEO Tony Will in a recent CNBC appearance. He said global fertilizer supplies are very tight. CF manufactures and distributes fertilizers.
""It's a confluence of factors, unprecedented demand coupled with a huge fall off in supply availability, only just exacerbated by the war in Ukraine and what's going on with exports coming out of Russia and Ukraine,"" Will added.
""All of this is a double whammy, if not a triple whammy,"" said Bart Melek, global head of commodity strategy at TD Securities. ""We have geopolitical risk, higher input costs and basically shortages.""
""Agriculture is absolutely going to get hit. In the case of Canada, it's good for Saskatchewan, which is the largest producer of potash in the world, but farmers are going to get hurt because per acre they're going to pay a lot more,"" Melek said. ""They're going to get lower yield simply because they're economizing, particularly in emerging markets.""
Grain shortages will drive up the cost of basic foods and other commodities. ""That's going to lead to higher input costs for producing everything from grains, wheat and corn. The input costs are higher now because you're going to have scarcity that bids the price up as well,"" Melek said. Meanwhile, prices for cows, steers and pork bellies have also climbed significantly, he added.
Some fertilizers have more than doubled in price. For instance, Melek said potash traded in Vancouver was priced at about $210 per metric tons at the beginning of 2021, and it's now valued at $565. He added that urea for delivery to the Middle East was trading at $268 per metric ton on the Chicago Board of Trade in early 2021 and was valued at $887.50 on Tuesday.
Will said CF Industries is running its plants around the clock, foregoing some maintenance and trying to expedite shipments to areas in need. ""There are no new tons to make. It's just a matter of trying to get them there as quickly as we can into the marketplace,"" he said.
Just as the price of fertilizers has jumped, the price of agricultural commodities has also been soaring, amid fears of shortages.
""We are absolutely facing a problem of catastrophic proportion here,"" said Will. ""Not only is the issue lack of availability and affordability of nutrients and inputs, but Russia and Ukraine have historically exported about 30% of the global wheat trade and 20% of global corn trade."" He added that there are stocks of those commodities that are not getting out to the market because the Black Sea is closed.
Wheat futures for July were down slightly Wednesday. They rose about 4% Tuesday on worries about Ukraine but also on worse-than-expected US crop conditions. Corn futures prices are up nearly 30% year-to-date and inched downward Wednesday on the Chicago Board of Trade. Soybean futures were also slightly lower.
Morgan Stanley expects grain prices to remain above last year's levels until 2023.
""Before the Ukraine war, the dry weather in [Latin America] took inventories to levels that would already keep grain prices high,"" wrote the Morgan Stanley analysts in a report.
""The war adds uncertainties related to Ukrainian corn/wheat supply, and, more important to fertilizer use and global yields,"" they said. ""Due to this, our base crop price scenario implies a 2-3% reduction of yields in higher-cost regions, with risks of larger disruptions depending on fertilizer availability and weather.""
The Morgan Stanley analysts said they expect higher prices in 2022 and 2023, but after that they expect inventories should normalize with more supply from Latin America. They also anticipate prices will align closer with production costs and drop 15% to 20% below longer-term soy and corn contracts.
Melek said corn rose 57% in 2021, and it could be volatile this year, averaging up 25% higher on the year. Live cattle prices rose 19% last year and could gain another 15% in 2022. Wheat was up 27% in 2021 and could tack on another 22% this year, he said.
Melek said the high prices are being driven by tight supplies and shortages.
""We're talking about an erosion of food security on a scale we have not seen for a long time, and I think it will touch people in the lower income distribution in North America,"" he added. Melek said farmers are likely to consider rotating in less fertilizer-intensive corps and will economize on the amount of nutrients they use.
""Consumers are going to make choices too,"" he said.
Fertilizer production relies on natural gas, and that has made a difference to US producers. The biggest buyers of the top three types of fertilizers are Brazil, India, the US and China, according to Morgan Stanley.
""Being a North American producer is huge for us. We pay somewhere in the neighborhood of $5 to $6 per million British thermal unit [MMBtu] of natural gas,"" CF's Will said. ""Europe pays $35 to $38 per MMBtu...That is a huge spread between low cost production, and it's one of the reasons why fertilizer price is what it is. It's not only a lack of availability, but the high-cost producers are very high cost.""
For some farmers, the high-priced or unavailable fertilizer will mean crops may not get as much nourishment this year. In turn, yields could be lower.
""In close contact with a number of our customers in Latin America, we're going to begin exporting on a humanitarian basis just to get nutrients down there to a region that is a rich growing area but also starved for nutrients right now,"" said CF's Will.",18.03833333333333,1
