date,kurs_jisdor,pct_change,log_return,ret_lag1,ret_lag2,ret_lag3,ret_std5,kurs_besok,delta_besok,naik_besok
2021-09-15,14252.0,-0.0003507049168829379,-0.00035076642823383963,-0.00021040081432666113,-0.006361211202644768,0.008256414100307197,0.00538272860873836,14238.0,-14.0,0
2021-09-16,14238.0,-0.0009823182711198308,-0.0009828010619088445,-0.00035076642823383963,-0.00021040081432666113,-0.006361211202644768,0.005237888699887773,14233.0,-5.0,0
2021-09-17,14233.0,-0.00035117291754460656,-0.0003512345931930838,-0.0009828010619088445,-0.00035076642823383963,-0.00021040081432666113,0.002649901057685593,14251.0,18.0,1
2021-09-20,14251.0,0.0012646666198272705,0.001263867602586899,-0.0003512345931930838,-0.0009828010619088445,-0.00035076642823383963,0.0008327985534475068,14244.0,-7.0,0
2021-09-21,14244.0,-0.0004911936004491357,-0.0004913142755427202,0.001263867602586899,-0.0003512345931930838,-0.0009828010619088445,0.0008492073111835379,14249.0,5.0,1
2021-09-22,14249.0,0.000351024992979454,0.0003509633981195748,-0.0004913142755427202,0.001263867602586899,-0.0003512345931930838,0.0008721132902055584,14256.0,7.0,1
2021-09-23,14256.0,0.0004912625447399677,0.0004911419148019291,0.0003509633981195748,-0.0004913142755427202,0.001263867602586899,0.0007083897932245046,14250.0,-6.0,0
2021-09-24,14250.0,-0.00042087542087543284,-0.0004209640137933235,0.0004911419148019291,0.0003509633981195748,-0.0004913142755427202,0.0007237706906047999,14258.0,8.0,1
2021-09-27,14258.0,0.0005614035087719849,0.000561245980776448,-0.0004209640137933235,0.0004911419148019291,0.0003509633981195748,0.0005122896195930346,14269.0,11.0,1
2021-09-28,14269.0,0.0007714967036049902,0.0007711992530019529,0.000561245980776448,-0.0004209640137933235,0.0004911419148019291,0.0004572577449574115,14307.0,38.0,1
2021-09-29,14307.0,0.0026631158455392434,0.002659576035759059,0.0007711992530019529,0.000561245980776448,-0.0004209640137933235,0.0011292949891303446,14321.0,14.0,1
2021-09-30,14321.0,0.0009785419724610556,0.000978063512368621,0.002659576035759059,0.0007711992530019529,0.000561245980776448,0.001115572612082381,14225.0,-96.0,0
2021-10-09,14225.0,-0.006703442497032364,-0.0067260114841722896,0.000978063512368621,0.002659576035759059,0.0007711992530019529,0.003659312538969937,14253.0,28.0,1
2021-10-11,14253.0,0.001968365553602913,0.001966430860500523,-0.0067260114841722896,0.000978063512368621,0.002659576035759059,0.003798229128856361,14378.0,125.0,1
2021-10-12,14378.0,0.008770083491194791,0.008731849688786042,0.001966430860500523,-0.0067260114841722896,0.000978063512368621,0.0055181312712215165,14221.0,-157.0,0
2021-10-13,14221.0,-0.010919460286548888,-0.010979515171120724,0.008731849688786042,0.001966430860500523,-0.0067260114841722896,0.007739306055446947,14155.0,-66.0,0
2021-10-14,14155.0,-0.004641023837986036,-0.004651826826696848,-0.010979515171120724,0.008731849688786042,0.001966430860500523,0.007751672878971463,14084.0,-71.0,0
2021-10-15,14084.0,-0.005015895443306273,-0.005028517271057353,-0.004651826826696848,-0.010979515171120724,0.008731849688786042,0.007545539599046898,14096.0,12.0,1
2021-10-18,14096.0,0.0008520306731041316,0.000851667901018871,-0.005028517271057353,-0.004651826826696848,-0.010979515171120724,0.007414659472400717,14080.0,-16.0,0
2021-10-19,14080.0,-0.0011350737797957144,-0.001135718463928015,0.000851667901018871,-0.005028517271057353,-0.004651826826696848,0.00452108822625486,14133.0,53.0,1
2021-10-21,14133.0,0.0037642045454544526,0.0037571376561178482,-0.001135718463928015,0.000851667901018871,-0.005028517271057353,0.0037199041948938125,14162.0,29.0,1
2021-10-22,14162.0,0.002051935187150633,0.002049832843567856,0.0037571376561178482,-0.001135718463928015,0.000851667901018871,0.0033752848710393744,14183.0,21.0,1
2021-10-25,14183.0,0.0014828414065810591,0.001481743082887732,0.002049832843567856,0.0037571376561178482,-0.001135718463928015,0.0017829466099967958,14165.0,-18.0,0
2021-10-26,14165.0,-0.0012691250088133765,-0.0012699310299897348,0.001481743082887732,0.002049832843567856,0.0037571376561178482,0.002159118968973682,14184.0,19.0,1
2021-10-27,14184.0,0.0013413342746204648,0.001340435489426639,-0.0012699310299897348,0.001481743082887732,0.002049832843567856,0.001809097475369209,14199.0,15.0,1
2021-10-28,14199.0,0.0010575296108290555,0.0010569708203131967,0.001340435489426639,-0.0012699310299897348,0.001481743082887732,0.0012828391422041753,14171.0,-28.0,0
2021-10-29,14171.0,-0.0019719698570321853,-0.0019739167494865484,0.0010569708203131967,0.001340435489426639,-0.0012699310299897348,0.0016231041022446342,14210.0,39.0,1
2021-11-10,14210.0,0.002752099357843374,0.002748319266276056,-0.0019739167494865484,0.0010569708203131967,0.001340435489426639,0.001952745357818859,14288.0,78.0,1
2021-11-11,14288.0,0.005489092188599498,0.005474082025134663,0.002748319266276056,-0.0019739167494865484,0.0010569708203131967,0.002710112960455738,14206.0,-82.0,0
2021-11-15,14206.0,-0.005739081746920505,-0.005755613558525496,0.005474082025134663,0.002748319266276056,-0.0019739167494865484,0.004335292751590129,14211.0,5.0,1
2021-11-16,14211.0,0.00035196395889069976,0.0003519020341062884,-0.005755613558525496,0.005474082025134663,0.002748319266276056,0.004316346091535638,14259.0,48.0,1
2021-11-17,14259.0,0.003377665188938117,0.0033719736902568798,0.0003519020341062884,-0.005755613558525496,0.005474082025134663,0.004314947828293517,14231.0,-28.0,0
2021-11-18,14231.0,-0.0019636720667648433,-0.00196560259845846,0.0033719736902568798,0.0003519020341062884,-0.005755613558525496,0.004416280773774248,14237.0,6.0,1
2021-11-19,14237.0,0.00042161478462521274,0.0004215259300845986,-0.00196560259845846,0.0033719736902568798,0.0003519020341062884,0.0033950374393357575,14255.0,18.0,1
2021-11-22,14255.0,0.0012643113015382568,0.0012635127330273832,0.0004215259300845986,-0.00196560259845846,0.0033719736902568798,0.0019209701003294647,14272.0,17.0,1
2021-11-23,14272.0,0.0011925640126271286,0.0011918534730188668,0.0012635127330273832,0.0004215259300845986,-0.00196560259845846,0.0019208848614836484,14272.0,0.0,0
2021-11-24,14272.0,0.0,0.0,0.0011918534730188668,0.0012635127330273832,0.0004215259300845986,0.0013126468573245046,14280.0,8.0,1
2021-11-25,14280.0,0.0005605381165918466,0.0005603810737841997,0.0,0.0011918534730188668,0.0012635127330273832,0.0005351917323116012,14280.0,0.0,0
2021-11-26,14280.0,0.0,0.0,0.0005603810737841997,0.0,0.0011918534730188668,0.0006148291926145164,14340.0,60.0,1
2021-11-29,14340.0,0.004201680672268893,0.0041928782600351155,0.0,0.0005603810737841997,0.0,0.0017497068679689983,14320.0,-20.0,0
2021-11-30,14320.0,-0.001394700139469962,-0.001395673638974415,0.0041928782600351155,0.0,0.0005603810737841997,0.0020968716948238228,14217.0,-103.0,0
2021-12-10,14217.0,-0.007192737430167573,-0.00721872987893768,-0.001395673638974415,0.0041928782600351155,0.0,0.004152425018614293,14243.0,26.0,1
2021-12-11,14243.0,0.001828796511218922,0.0018271262988882597,-0.00721872987893768,-0.001395673638974415,0.0041928782600351155,0.004290408004941942,14346.0,103.0,1
2021-12-13,14346.0,0.00723162255142884,0.0072055997517921355,0.0018271262988882597,-0.00721872987893768,-0.001395673638974415,0.005537251525348037,14348.0,2.0,1
2021-12-14,14348.0,0.00013941168269893112,0.00013940196579476094,0.0072055997517921355,0.0018271262988882597,-0.00721872987893768,0.005226716126104412,14337.0,-11.0,0
2021-12-15,14337.0,-0.0007666573738500659,-0.0007669514059056581,0.00013940196579476094,0.0072055997517921355,0.0018271262988882597,0.005188815750194638,14343.0,6.0,1
2021-12-16,14343.0,0.00041849759363876693,0.00041841004794562764,-0.0007669514059056581,0.00013940196579476094,0.0072055997517921355,0.0031808267921391432,14343.0,0.0,0
2021-12-17,14343.0,0.0,0.0,0.00041841004794562764,-0.0007669514059056581,0.00013940196579476094,0.003275411829280818,14384.0,41.0,1
2021-12-20,14384.0,0.0028585372655651753,0.0028544594171879822,0.0,0.00041841004794562764,-0.0007669514059056581,0.0013721433318649604,14349.0,-35.0,0
2021-12-21,14349.0,-0.0024332591768632117,-0.0024362243629951763,0.0028544594171879822,0.0,0.00041841004794562764,0.001926488885006089,14264.0,-85.0,0
2021-12-22,14264.0,-0.005923757753153569,-0.005941372805429168,-0.0024362243629951763,0.0028544594171879822,0.0,0.0033296567581205254,14251.0,-13.0,0
2021-12-23,14251.0,-0.0009113853056645915,-0.0009118008697655,-0.005941372805429168,-0.0024362243629951763,0.0028544594171879822,0.0032377744030124504,14219.0,-32.0,0
2021-12-24,14219.0,-0.002245456459195827,-0.002247981276838118,-0.0009118008697655,-0.005941372805429168,-0.0024362243629951763,0.00316974839620499,14225.0,6.0,1
2021-12-27,14225.0,0.0004219706027146497,0.0004218815981573698,-0.002247981276838118,-0.0009118008697655,-0.005941372805429168,0.002376290533119693,14237.0,12.0,1
2021-12-28,14237.0,0.0008435852372583597,0.0008432296192140143,0.0004218815981573698,-0.002247981276838118,-0.0009118008697655,0.002729148926473759,14265.0,28.0,1
2021-12-29,14265.0,0.001966706469059387,0.0019647750338549486,0.0008432296192140143,0.0004218815981573698,-0.002247981276838118,0.0016304277764797044,14269.0,4.0,1
2021-12-30,14269.0,0.0002804065895547492,0.0002803672829756465,0.0019647750338549486,0.0008432296192140143,0.0004218815981573698,0.001546182443251696,14278.0,9.0,1
2021-12-31,14278.0,0.0006307379634171717,0.0006305391318299769,0.0002803672829756465,0.0019647750338549486,0.0008432296192140143,0.0006701331652669107,14350.0,72.0,1
2022-01-03,14350.0,0.005042723070457944,0.005030051125361368,0.0006305391318299769,0.0002803672829756465,0.0019647750338549486,0.0019390789673532085,14364.0,14.0,1
2022-01-04,14364.0,0.0009756097560975618,0.0009751341582067141,0.005030051125361368,0.0006305391318299769,0.0002803672829756465,0.001924504384960017,14956.0,592.0,1
2022-01-07,14956.0,0.04121414647730437,0.040387480751030935,0.0009751341582067141,0.005030051125361368,0.0006305391318299769,0.017395053136452777,14874.0,-82.0,0
2022-01-08,14874.0,-0.0054827493982347875,-0.005497834833759541,0.040387480751030935,0.0009751341582067141,0.005030051125361368,0.018324528599449323,14884.0,10.0,1
2022-01-09,14884.0,0.000672314105149896,0.0006720882032684727,-0.005497834833759541,0.040387480751030935,0.0009751341582067141,0.0183201871921925,15647.0,763.0,1
2022-01-11,15647.0,0.0512631013168503,0.04999239483554341,0.0006720882032684727,-0.005497834833759541,0.040387480751030935,0.02580966023035818,15617.0,-30.0,0
2022-01-12,15617.0,-0.0019173004409791528,-0.0019191408142109623,0.04999239483554341,0.0006720882032684727,-0.005497834833759541,0.026295374528548646,14311.0,-1306.0,0
2022-01-13,14311.0,-0.0836268169302683,-0.08733159217696951,-0.0019191408142109623,0.04999239483554341,0.0006720882032684727,0.04942602102928255,14310.0,-1.0,0
2022-01-14,14310.0,-6.987631891552937e-05,-6.987876037989338e-05,-0.08733159217696951,-0.0019191408142109623,0.04999239483554341,0.04957652408954506,14323.0,13.0,1
2022-01-17,14323.0,0.0009084556254368437,0.0009080432293693264,-6.987876037989338e-05,-0.08733159217696951,-0.0019191408142109623,0.049586634064401065,14325.0,2.0,1
2022-01-18,14325.0,0.00013963555121132565,0.0001396258030741393,0.0009080432293693264,-6.987876037989338e-05,-0.08733159217696951,0.03896445986820308,14370.0,45.0,1
2022-01-19,14370.0,0.003141361256544517,0.0031364374901308167,0.0001396258030741393,0.0009080432293693264,-6.987876037989338e-05,0.03953627197011045,14354.0,-16.0,0
2022-01-20,14354.0,-0.0011134307585246583,-0.0011140510830536243,0.0031364374901308167,0.0001396258030741393,0.0009080432293693264,0.0015911520069103794,14347.0,-7.0,0
2022-01-21,14347.0,-0.0004876689424551106,-0.0004877878916271783,-0.0011140510830536243,0.0031364374901308167,0.0001396258030741393,0.0016451978380940104,14327.0,-20.0,0
2022-01-24,14327.0,-0.0013940196556770923,-0.0013949922050180419,-0.0004877878916271783,-0.0011140510830536243,0.0031364374901308167,0.0018211391678474606,14358.0,31.0,1
2022-01-25,14358.0,0.0021637467718294,0.0021614092430564114,-0.0013949922050180419,-0.0004877878916271783,-0.0011140510830536243,0.0020539623672868076,14346.0,-12.0,0
2022-01-26,14346.0,-0.0008357709987463213,-0.0008361204500495489,0.0021614092430564114,-0.0013949922050180419,-0.0004877878916271783,0.0014350110302530892,14385.0,39.0,1
2022-01-27,14385.0,0.002718527812630711,0.0027148392992693005,-0.0008361204500495489,0.0021614092430564114,-0.0013949922050180419,0.0018704444624371543,14381.0,-4.0,0
2022-01-28,14381.0,-0.00027806743135205814,-0.0002781060992678164,0.0027148392992693005,-0.0008361204500495489,0.0021614092430564114,0.0018468838617305514,14392.0,11.0,1
2022-01-31,14392.0,0.0007648981294763324,0.0007646057439885112,-0.0002781060992678164,0.0027148392992693005,-0.0008361204500495489,0.001525207605224531,14347.0,-45.0,0
2022-02-02,14347.0,-0.0031267370761534075,-0.003131635531978816,0.0007646057439885112,-0.0002781060992678164,0.0027148392992693005,0.002145989099689945,14373.0,26.0,1
2022-02-03,14373.0,0.0018122255523802533,0.001810585452842517,-0.003131635531978816,0.0007646057439885112,-0.0002781060992678164,0.002258903545483223,14526.0,153.0,1
2022-02-06,14526.0,0.01064495929868503,0.010588700614880153,0.001810585452842517,-0.003131635531978816,0.0007646057439885112,0.0051681528928704396,14888.0,362.0,1
2022-02-08,14888.0,0.024920831612281535,0.024615372155974313,0.010588700614880153,0.001810585452842517,-0.003131635531978816,0.011086201768142455,14900.0,12.0,1
2022-02-09,14900.0,0.000806018269747355,0.0008056936114630986,0.024615372155974313,0.010588700614880153,0.001810585452842517,0.011080503399202031,15652.0,752.0,1
2022-02-11,15652.0,0.05046979865771806,0.049237491396752375,0.0008056936114630986,0.024615372155974313,0.010588700614880153,0.020189610164470073,15429.0,-223.0,0
2022-02-12,15429.0,-0.014247380526450248,-0.014349848887276195,0.049237491396752375,0.0008056936114630986,0.024615372155974313,0.024205611301427194,14338.0,-1091.0,0
2022-02-14,14338.0,-0.07071099876855269,-0.07333550003020939,-0.014349848887276195,0.049237491396752375,0.0008056936114630986,0.0463167640134479,14292.0,-46.0,0
2022-02-15,14292.0,-0.0032082577765378817,-0.003213415269517128,-0.07333550003020939,-0.014349848887276195,0.049237491396752375,0.043833445554441804,14278.0,-14.0,0
2022-02-16,14278.0,-0.0009795689896445747,-0.0009800490808942186,-0.003213415269517128,-0.07333550003020939,-0.014349848887276195,0.04374921243441242,14301.0,23.0,1
2022-02-17,14301.0,0.001610869869729692,0.0016095738105299517,-0.0009800490808942186,-0.003213415269517128,-0.07333550003020939,0.03149676122664472,14339.0,38.0,1
2022-02-18,14339.0,0.0026571568421789316,0.002653632842104514,0.0016095738105299517,-0.0009800490808942186,-0.003213415269517128,0.03288403998369578,14329.0,-10.0,0
2022-02-21,14329.0,-0.0006973987028383588,-0.0006976419984372484,0.002653632842104514,0.0016095738105299517,-0.0009800490808942186,0.0023090518486951527,14362.0,33.0,1
2022-02-22,14362.0,0.0023030218438131467,0.0023003739536608947,-0.0006976419984372484,0.002653632842104514,0.0016095738105299517,0.001702720815630662,14355.0,-7.0,0
2022-02-23,14355.0,-0.00048739729842639523,-0.000487516115098785,0.0023003739536608947,-0.0006976419984372484,0.002653632842104514,0.0015702791198750625,14371.0,16.0,1
2022-02-24,14371.0,0.0011145942180423862,0.0011139735190823785,-0.000487516115098785,0.0023003739536608947,-0.0006976419984372484,0.001543568137395833,14369.0,-2.0,0
2022-02-25,14369.0,-0.0001391691601141387,-0.00013917884504088818,0.0011139735190823785,-0.000487516115098785,0.0023003739536608947,0.00126518532332275,14270.0,-99.0,0
2022-03-01,14270.0,-0.0068898322778203624,-0.006913676758324883,-0.00013917884504088818,0.0011139735190823785,-0.000487516115098785,0.0035771431039529436,14381.0,111.0,1
2022-03-02,14381.0,0.007778556412053161,0.007748459415498843,-0.006913676758324883,-0.00013917884504088818,0.0011139735190823785,0.005219817050793248,14431.0,50.0,1
2022-03-06,14431.0,0.0034768096794381975,0.0034707795496977667,0.007748459415498843,-0.006913676758324883,-0.00013917884504088818,0.0053751217267378575,14917.0,486.0,1
2022-03-08,14917.0,0.033677499826761936,0.03312283171785246,0.0034707795496977667,0.007748459415498843,-0.006913676758324883,0.015320966841416536,15293.0,376.0,1
2022-03-10,15293.0,0.025206140644901787,0.024893705194193316,0.03312283171785246,0.0034707795496977667,0.007748459415498843,0.016278003500904074,15681.0,388.0,1
2022-03-11,15681.0,0.02537108481004391,0.02505458103290792,0.024893705194193316,0.03312283171785246,0.0034707795496977667,0.012634290866394707,14328.0,-1353.0,0
2022-03-14,14328.0,-0.0862827625789172,-0.09023412364048333,0.02505458103290792,0.024893705194193316,0.03312283171785246,0.05122515847487778,14321.0,-7.0,0
2022-03-15,14321.0,-0.0004885538805137202,-0.0004886732618452072,-0.09023412364048333,0.02505458103290792,0.024893705194193316,0.051174399856248096,14311.0,-10.0,0
2022-03-16,14311.0,-0.0006982752601075726,-0.0006985191678268166,-0.0004886732618452072,-0.09023412364048333,0.02505458103290792,0.047556150884791135,14290.0,-21.0,0
2022-03-17,14290.0,-0.0014674026972258947,-0.0014684803869631224,-0.0006985191678268166,-0.0004886732618452072,-0.09023412364048333,0.04430713535877243,14340.0,50.0,1
2022-03-18,14340.0,0.0034989503149054357,0.003492843229697229,-0.0014684803869631224,-0.0006985191678268166,-0.0004886732618452072,0.0404935709062429,14341.0,1.0,1
2022-03-21,14341.0,6.973500697360357e-05,6.973257560183299e-05,0.003492843229697229,-0.0014684803869631224,-0.0006985191678268166,0.001931546471401403,14358.0,17.0,1
2022-03-22,14358.0,0.0011854124538037691,0.0011847104072160164,6.973257560183299e-05,0.003492843229697229,-0.0014684803869631224,0.0019313947703550284,14351.0,-7.0,0
2022-03-23,14351.0,-0.0004875330826020763,-0.0004876519654963829,0.0011847104072160164,6.973257560183299e-05,0.003492843229697229,0.0019002951297467112,14361.0,10.0,1
2022-03-24,14361.0,0.0006968155529232245,0.0006965728896872747,-0.0004876519654963829,0.0011847104072160164,6.973257560183299e-05,0.0015344848974510811,14341.0,-20.0,0
2022-03-25,14341.0,-0.0013926606782257434,-0.0013936313314069082,0.0006965728896872747,-0.0004876519654963829,0.0011847104072160164,0.001009041051274177,14360.0,19.0,1
2022-03-28,14360.0,0.0013248727424866047,0.0013239958730029144,-0.0013936313314069082,0.0006965728896872747,-0.0004876519654963829,0.0011695231212260143,14364.0,4.0,1
2022-03-29,14364.0,0.00027855153203337757,0.00027851274375834123,0.0013239958730029144,-0.0013936313314069082,0.0006965728896872747,0.0010560362055067889,14349.0,-15.0,0
2022-03-30,14349.0,-0.0010442773600668476,-0.0010448229975672518,0.00027851274375834123,0.0013239958730029144,-0.0013936313314069082,0.0011560413744980886,14357.0,8.0,1
2022-03-31,14357.0,0.0005575301414733058,0.0005573747792873007,-0.0010448229975672518,0.00027851274375834123,0.0013239958730029144,0.0011357314929090357,14310.0,-47.0,0
2022-04-01,14310.0,-0.003273664414571331,-0.0032790345771971374,0.0005573747792873007,-0.0010448229975672518,0.00027851274375834123,0.0018061261770860148,14376.0,66.0,1
2022-04-02,14376.0,0.004612159329140386,0.0046015559128989025,-0.0032790345771971374,0.0005573747792873007,-0.0010448229975672518,0.002879160510166689,14383.0,7.0,1
2022-04-03,14383.0,0.00048692264885930037,0.000486804140493291,0.0046015559128989025,-0.0032790345771971374,0.0005573747792873007,0.0028816754108081065,14362.0,-21.0,0
2022-04-04,14362.0,-0.0014600570117500045,-0.0014611239336250748,0.000486804140493291,0.0046015559128989025,-0.0032790345771971374,0.002934488837440338,14960.0,598.0,1
2022-04-07,14960.0,0.04163765492271265,0.04079414285820526,-0.0014611239336250748,0.000486804140493291,0.0046015559128989025,0.018438559033828156,14929.0,-31.0,0
2022-04-08,14929.0,-0.0020721925133689867,-0.002074342474879032,0.04079414285820526,-0.0014611239336250748,0.000486804140493291,0.01825757970241423,15276.0,347.0,1
2022-04-10,15276.0,0.023243351865496642,0.02297733929181689,-0.002074342474879032,0.04079414285820526,-0.0014611239336250748,0.01911375682398672,15736.0,460.0,1
2022-04-11,15736.0,0.030112594920136182,0.029668111723488266,0.02297733929181689,-0.002074342474879032,0.04079414285820526,0.0191193908016704,14359.0,-1377.0,0
2022-04-13,14359.0,-0.08750635485510927,-0.09157415777451838,0.029668111723488266,0.02297733929181689,-0.002074342474879032,0.05353138706904813,14349.0,-10.0,0
2022-04-14,14349.0,-0.000696427327808391,-0.0006966699459702852,-0.09157415777451838,0.029668111723488266,0.02297733929181689,0.048608117316088606,14356.0,7.0,1
2022-04-18,14356.0,0.0004878388737890038,0.0004877199190911341,-0.0006966699459702852,-0.09157415777451838,0.029668111723488266,0.04870408948505491,14347.0,-9.0,0
2022-04-19,14347.0,-0.0006269155753692024,-0.000627112169107491,0.0004877199190911341,-0.0006966699459702852,-0.09157415777451838,0.04604298341034015,14351.0,4.0,1
2022-04-20,14351.0,0.00027880393113544066,0.00027876507254198657,-0.000627112169107491,0.0004877199190911341,-0.0006966699459702852,0.0408943137097345,14348.0,-3.0,0
2022-04-21,14348.0,-0.00020904466587690074,-0.0002090665187584051,0.00027876507254198657,-0.000627112169107491,0.0004877199190911341,0.0005292554993239773,14361.0,13.0,1
2022-04-22,14361.0,0.0009060496236408255,0.0009056394084456798,-0.0002090665187584051,0.00027876507254198657,-0.000627112169107491,0.0005985358924983173,14452.0,91.0,1
2022-04-25,14452.0,0.006336606085927121,0.0063166142069110975,0.0009056394084456798,-0.0002090665187584051,0.00027876507254198657,0.0028438735810270184,14412.0,-40.0,0
2022-04-26,14412.0,-0.0027677830058123742,-0.0027716203995460376,0.0063166142069110975,0.0009056394084456798,-0.0002090665187584051,0.0033330322654362963,14418.0,6.0,1
2022-04-27,14418.0,0.00041631973355538143,0.0004162330965389316,-0.0027716203995460376,0.0063166142069110975,0.0009056394084456798,0.003327146541435606,14480.0,62.0,1
2022-04-28,14480.0,0.004300180330142789,0.004290960975184888,0.0004162330965389316,-0.0027716203995460376,0.0063166142069110975,0.003543095869850788,14365.0,-115.0,0
2022-05-01,14365.0,-0.007941988950276202,-0.007973694526318909,0.004290960975184888,0.0004162330965389316,-0.0027716203995460376,0.005694984272341938,14348.0,-17.0,0
2022-05-04,14348.0,-0.0011834319526626835,-0.0011841327612156505,-0.007973694526318909,0.004290960975184888,0.0004162330965389316,0.004494921052107638,14990.0,642.0,1
2022-05-07,14990.0,0.04474491218288268,0.04377275244446999,-0.0011841327612156505,-0.007973694526318909,0.004290960975184888,0.020557088894799305,14904.0,-86.0,0
2022-05-08,14904.0,-0.00573715810540365,-0.005753678815219487,0.04377275244446999,-0.0011841327612156505,-0.007973694526318909,0.021288137702502298,14920.0,16.0,1
2022-05-09,14920.0,0.0010735373054213682,0.0010729614763285156,-0.005753678815219487,0.04377275244446999,-0.0011841327612156505,0.021424755179813047,15196.0,276.0,1
2022-05-10,15196.0,0.018498659517426352,0.018329640549763937,0.0010729614763285156,-0.005753678815219487,0.04377275244446999,0.020341801602422164,15409.0,213.0,1
2022-05-12,15409.0,0.014016846538562833,0.013919518974336853,0.018329640549763937,0.0010729614763285156,-0.005753678815219487,0.01911887446821694,14619.0,-790.0,0
2022-05-13,14619.0,-0.05126873904860796,-0.05262970177023796,0.013919518974336853,0.018329640549763937,0.0010729614763285156,0.02832073868839504,14651.0,32.0,1
2022-05-17,14651.0,0.002188932211505623,0.0021865399896974225,-0.05262970177023796,0.013919518974336853,0.018329640549763937,0.028490877643388108,14682.0,31.0,1
2022-05-18,14682.0,0.0021158965258343265,0.0021136611694139162,0.0021865399896974225,-0.05262970177023796,0.013919518974336853,0.02853571133840578,14731.0,49.0,1
2022-05-19,14731.0,0.003337419970031341,0.003331863144211411,0.0021136611694139162,0.0021865399896974225,-0.05262970177023796,0.0264140987910375,14661.0,-70.0,0
2022-05-20,14661.0,-0.004751883782499466,-0.0047632098766730024,0.003331863144211411,0.0021136611694139162,0.0021865399896974225,0.024071223087747517,14665.0,4.0,1
2022-05-23,14665.0,0.00027283268535560623,0.00027279547328618037,-0.0047632098766730024,0.003331863144211411,0.0021136611694139162,0.003206962174633447,14653.0,-12.0,0
2022-05-24,14653.0,-0.0008182748039550214,-0.0008186097735265463,0.00027279547328618037,-0.0047632098766730024,0.003331863144211411,0.003122413199521121,14645.0,-8.0,0
2022-05-25,14645.0,-0.0005459632839691642,-0.0005461123761918429,-0.0008186097735265463,0.00027279547328618037,-0.0047632098766730024,0.0028965011937152267,14578.0,-67.0,0
2022-05-27,14578.0,-0.0045749402526459315,-0.0045854373196743126,-0.0005461123761918429,-0.0008186097735265463,0.00027279547328618037,0.0023956244093291867,14544.0,-34.0,0
2022-05-30,14544.0,-0.002332281520098789,-0.0023350055248982926,-0.0045854373196743126,-0.0005461123761918429,-0.0008186097735265463,0.0019158321432691788,14592.0,48.0,1
2022-05-31,14592.0,0.0033003300330032292,0.003294895896852168,-0.0023350055248982926,-0.0045854373196743126,-0.0005461123761918429,0.0028862877862765243,14396.0,-196.0,0
2022-06-01,14396.0,-0.013432017543859698,-0.013523043115190703,0.003294895896852168,-0.0023350055248982926,-0.0045854373196743126,0.006282620076968699,14364.0,-32.0,0
2022-06-04,14364.0,-0.0022228396776882153,-0.0022253138529482186,-0.013523043115190703,0.003294895896852168,-0.0023350055248982926,0.006125559391523017,14462.0,98.0,1
2022-06-06,14462.0,0.006822612085769952,0.00679944338892291,-0.0022253138529482186,-0.013523043115190703,0.003294895896852168,0.007707153149019496,15015.0,553.0,1
2022-06-07,15015.0,0.038238141335914744,0.03752518168253438,0.00679944338892291,-0.0022253138529482186,-0.013523043115190703,0.01903876655387472,14885.0,-130.0,0
2022-06-09,14885.0,-0.008658008658008698,-0.008695706967554173,0.03752518168253438,0.00679944338892291,-0.0022253138529482186,0.020240827459597675,15197.0,312.0,1
2022-06-10,15197.0,0.020960698689956425,0.020744045483727547,-0.008695706967554173,0.03752518168253438,0.00679944338892291,0.01856650788913376,15576.0,379.0,1
2022-06-12,15576.0,0.02493913272356396,0.024633228118430495,0.020744045483727547,-0.008695706967554173,0.03752518168253438,0.017710856430405344,14672.0,-904.0,0
2022-06-13,14672.0,-0.05803800719054952,-0.05979035255578857,0.024633228118430495,0.020744045483727547,-0.008695706967554173,0.0389043239754089,14729.0,57.0,1
2022-06-14,14729.0,0.0038849509269356375,0.0038774239932966026,-0.05979035255578857,0.024633228118430495,0.020744045483727547,0.03401719524549374,14746.0,17.0,1
2022-06-15,14746.0,0.0011541856202050838,0.0011535200600523154,0.0038774239932966026,-0.05979035255578857,0.024633228118430495,0.03395128032786985,14741.0,-5.0,0
2022-06-16,14741.0,-0.0003390750033906986,-0.00033913250231698555,0.0011535200600523154,0.0038774239932966026,-0.05979035255578857,0.03167228743173851,14828.0,87.0,1
2022-06-17,14828.0,0.005901906247880007,0.005884558223344882,-0.00033913250231698555,0.0011535200600523154,0.0038774239932966026,0.02802494915336368,14836.0,8.0,1
2022-06-20,14836.0,0.0005395198273536739,0.0005393743388584227,0.005884558223344882,-0.00033913250231698555,0.0011535200600523154,0.0025829746867728778,14804.0,-32.0,0
2022-06-21,14804.0,-0.0021569156106767684,-0.0021592451034351257,0.0005393743388584227,0.005884558223344882,-0.00033913250231698555,0.002994474426192553,14860.0,56.0,1
2022-06-22,14860.0,0.0037827614158336687,0.003775624765703256,-0.0021592451034351257,0.0005393743388584227,0.005884558223344882,0.0032438406627408123,14835.0,-25.0,0
2022-06-23,14835.0,-0.001682368775235532,-0.0016837855468274654,0.003775624765703256,-0.0021592451034351257,0.0005393743388584227,0.003485350751231681,14846.0,11.0,1
2022-06-24,14846.0,0.0007414897202562276,0.0007412149525709566,-0.0016837855468274654,0.003775624765703256,-0.0021592451034351257,0.002361079045870911,14802.0,-44.0,0
2022-06-27,14802.0,-0.00296376128250031,-0.0029681619200818687,0.0007412149525709566,-0.0016837855468274654,0.003775624765703256,0.00274132218753963,14837.0,35.0,1
2022-06-28,14837.0,0.0023645453317118204,0.0023617541933820263,-0.0029681619200818687,0.0007412149525709566,-0.0016837855468274654,0.002785505022469762,14848.0,11.0,1
2022-06-29,14848.0,0.0007413897688210991,0.0007411150751881479,0.0023617541933820263,-0.0029681619200818687,0.0007412149525709566,0.0021325527178304763,14882.0,34.0,1
2022-06-30,14882.0,0.002289870689655249,0.0022872529312252254,0.0007411150751881479,0.0023617541933820263,-0.0029681619200818687,0.0021631521950467893,14360.0,-522.0,0
2022-07-01,14360.0,-0.03507593065448189,-0.03570586535499132,0.0022872529312252254,0.0007411150751881479,0.0023617541933820263,0.01638226021430349,14404.0,44.0,1
2022-07-02,14404.0,0.0030640668523675973,0.0030593821665512166,-0.03570586535499132,0.0022872529312252254,0.0007411150751881479,0.016934029773780588,14411.0,7.0,1
2022-07-03,14411.0,0.00048597611774514604,0.00048585806959522415,0.0030593821665512166,-0.03570586535499132,0.0022872529312252254,0.016737292154696666,14359.0,-52.0,0
2022-07-04,14359.0,-0.0036083547290264306,-0.003614880543985066,0.00048585806959522415,0.0030593821665512166,-0.03570586535499132,0.01642034539199077,14464.0,105.0,1
2022-07-06,14464.0,0.007312486941987606,0.007285880337581929,-0.003614880543985066,0.00048585806959522415,0.0030593821665512166,0.01723604044915637,14986.0,522.0,1
2022-07-07,14986.0,0.036089601769911495,0.03545362829229681,0.007285880337581929,-0.003614880543985066,0.00048585806959522415,0.015560876561989945,14927.0,-59.0,0
2022-07-09,14927.0,-0.003937007874015741,-0.003944778291016249,0.03545362829229681,0.007285880337581929,-0.003614880543985066,0.01646587351967305,15246.0,319.0,1
2022-07-10,15246.0,0.021370670596905006,0.02114551991497926,-0.003944778291016249,0.03545362829229681,0.007285880337581929,0.016965376553283805,15692.0,446.0,1
2022-07-11,15692.0,0.029253574708120178,0.028833854781224133,0.02114551991497926,-0.003944778291016249,0.03545362829229681,0.016030914947464118,15619.0,-73.0,0
2022-07-12,15619.0,-0.004652052001019591,-0.004662906471720518,0.028833854781224133,0.02114551991497926,-0.003944778291016249,0.018657183747414707,14985.0,-634.0,0
2022-07-13,14985.0,-0.04059158716947309,-0.0414384211069585,-0.004662906471720518,0.028833854781224133,0.02114551991497926,0.02753620353178937,14999.0,14.0,1
2022-07-14,14999.0,0.000934267600934291,0.0009338314445965779,-0.0414384211069585,-0.004662906471720518,0.028833854781224133,0.027448364435466575,14999.0,0.0,0
2022-07-15,14999.0,0.0,0.0,0.0009338314445965779,-0.0414384211069585,-0.004662906471720518,0.02508879777582278,14986.0,-13.0,0
2022-07-18,14986.0,-0.0008667244482966074,-0.0008671002711047038,0.0,0.0009338314445965779,-0.0414384211069585,0.018142991287347126,14992.0,6.0,1
2022-07-19,14992.0,0.00040037368210321667,0.00040029355394821664,-0.0008671002711047038,0.0,0.0009338314445965779,0.018595670319704164,14984.0,-8.0,0
2022-07-20,14984.0,-0.0005336179295624133,-0.0005337603542798774,0.00040029355394821664,-0.0008671002711047038,0.0,0.0007190529124180896,15017.0,33.0,1
2022-07-21,15017.0,0.002202349172450546,0.0021999275563562293,-0.0005337603542798774,0.00040029355394821664,-0.0008671002711047038,0.0011988521660265716,15024.0,7.0,1
2022-07-22,15024.0,0.000466138376506553,0.00046602976776455307,0.0021999275563562293,-0.0005337603542798774,0.00040029355394821664,0.0011936454649726699,14992.0,-32.0,0
2022-07-25,14992.0,-0.0021299254526091493,-0.002132196969840905,0.00046602976776455307,0.0021999275563562293,-0.0005337603542798774,0.0015824203751791841,14984.0,-8.0,0
2022-07-26,14984.0,-0.0005336179295624133,-0.0005337603542798774,-0.002132196969840905,0.00046602976776455307,0.0021999275563562293,0.001590278994728889,15020.0,36.0,1
2022-07-27,15020.0,0.002402562733582414,0.0023996811942019747,-0.0005337603542798774,-0.002132196969840905,0.00046602976776455307,0.0019036021708006788,14958.0,-62.0,0
2022-07-28,14958.0,-0.004127829560585883,-0.0041363725665135576,0.0023996811942019747,-0.0005337603542798774,-0.002132196969840905,0.0024908332894510842,14860.0,-98.0,0
2022-07-29,14860.0,-0.006551678031822439,-0.0065732344798625775,-0.0041363725665135576,0.0023996811942019747,-0.0005337603542798774,0.0034209874708969867,14385.0,-475.0,0
2022-08-02,14385.0,-0.03196500672947511,-0.03248704228610144,-0.0065732344798625775,-0.0041363725665135576,0.0023996811942019747,0.013965336125920387,14394.0,9.0,1
2022-08-03,14394.0,0.0006256517205422973,0.0006254560821012944,-0.03248704228610144,-0.0065732344798625775,-0.0041363725665135576,0.014134395061372283,14365.0,-29.0,0
2022-08-04,14365.0,-0.002014728359038487,-0.0020167606543601835,0.0006254560821012944,-0.03248704228610144,-0.0065732344798625775,0.013440296668978703,14477.0,112.0,1
2022-08-06,14477.0,0.007796728158719013,0.007766490740653609,-0.0020167606543601835,0.0006254560821012944,-0.03248704228610144,0.015408838338955105,14981.0,504.0,1
2022-08-07,14981.0,0.034813842646957305,0.03422154836333924,0.007766490740653609,-0.0020167606543601835,0.0006254560821012944,0.023864962625634947,14915.0,-66.0,0
2022-08-08,14915.0,-0.004405580401842357,-0.004415313568532753,0.03422154836333924,0.007766490740653609,-0.0020167606543601835,0.015760450651725006,14905.0,-10.0,0
2022-08-09,14905.0,-0.000670465973851786,-0.000670690836678034,-0.004415313568532753,0.03422154836333924,0.007766490740653609,0.015906354276058948,15684.0,779.0,1
2022-08-11,15684.0,0.05226434082522635,0.050944357300050314,-0.000670690836678034,-0.004415313568532753,0.03422154836333924,0.0239963924069254,15624.0,-60.0,0
2022-08-12,15624.0,-0.0038255547054323324,-0.0038328908557065944,0.050944357300050314,-0.000670690836678034,-0.004415313568532753,0.025682467105280472,14727.0,-897.0,0
2022-08-15,14727.0,-0.057411674347158215,-0.059125649830352955,-0.0038328908557065944,0.050944357300050314,-0.000670690836678034,0.038946510101985854,14767.0,40.0,1
2022-08-16,14767.0,0.002716099680858397,0.0027124177476114397,-0.059125649830352955,-0.0038328908557065944,0.050944357300050314,0.03903132754434243,14822.0,55.0,1
2022-08-18,14822.0,0.003724520891176253,0.0037176020375309093,0.0027124177476114397,-0.059125649830352955,-0.0038328908557065944,0.03911777811689729,14858.0,36.0,1
2022-08-19,14858.0,0.0024288220213195544,0.0024258772004479567,0.0037176020375309093,0.0027124177476114397,-0.059125649830352955,0.02716696967015258,14882.0,24.0,1
2022-08-22,14882.0,0.0016152914254947692,0.0016139882454542231,0.0024258772004479567,0.0037176020375309093,0.0027124177476114397,0.027622605757368312,14893.0,11.0,1
2022-08-23,14893.0,0.0007391479639833332,0.000738874928661204,0.0016139882454542231,0.0024258772004479567,0.0037176020375309093,0.0011276400679935612,14851.0,-42.0,0
2022-08-24,14851.0,-0.0028201168334116566,-0.0028241008549230173,0.000738874928661204,0.0016139882454542231,0.0024258772004479567,0.0024696669866592627,14827.0,-24.0,0
2022-08-25,14827.0,-0.0016160527910578093,-0.0016173600129185672,-0.0028241008549230173,0.000738874928661204,0.0016139882454542231,0.0022138440530761055,14814.0,-13.0,0
2022-08-26,14814.0,-0.000876778849396409,-0.0008771634447910515,-0.0016173600129185672,-0.0028241008549230173,0.000738874928661204,0.0017855364144683053,14887.0,73.0,1
2022-08-29,14887.0,0.004927771027406491,0.004915669303821701,-0.0008771634447910515,-0.0016173600129185672,-0.0028241008549230173,0.0030019988001861874,14875.0,-12.0,0
2022-08-30,14875.0,-0.0008060724121716767,-0.0008063974632257498,0.004915669303821701,-0.0008771634447910515,-0.0016173600129185672,0.0029950955599094093,14853.0,-22.0,0
2022-08-31,14853.0,-0.001478991596638668,-0.0014800863842978629,-0.0008063974632257498,0.004915669303821701,-0.0008771634447910515,0.00275619210268963,14366.0,-487.0,0
2022-09-02,14366.0,-0.03278798895845958,-0.033337561394786164,-0.0014800863842978629,-0.0008063974632257498,0.004915669303821701,0.015326756776236947,14371.0,5.0,1
2022-09-03,14371.0,0.00034804399276078257,0.00034798343950015465,-0.033337561394786164,-0.0014800863842978629,-0.0008063974632257498,0.015444806108891464,14534.0,163.0,1
2022-09-05,14534.0,0.011342286549300695,0.011278445102334445,0.00034798343950015465,-0.033337561394786164,-0.0014800863842978629,0.01678080173341531,14555.0,21.0,1
2022-09-06,14555.0,0.0014448878491812867,0.0014438450031413197,0.011278445102334445,0.00034798343950015465,-0.033337561394786164,0.016944048387517157,14862.0,307.0,1
2022-09-08,14862.0,0.021092408107179716,0.0208730425376924,0.0014438450031413197,0.011278445102334445,0.00034798343950015465,0.02047200907078196,14846.0,-16.0,0
2022-09-09,14846.0,-0.0010765711209796969,-0.0010771510399223416,0.0208730425376924,0.0014438450031413197,0.011278445102334445,0.009357033491087859,15654.0,808.0,1
2022-09-11,15654.0,0.054425434460460664,0.052996006687290986,-0.0010771510399223416,0.0208730425376924,0.0014438450031413197,0.021864203715571896,15587.0,-67.0,0
2022-09-12,15587.0,-0.004280056215663741,-0.0042892418757336515,0.052996006687290986,-0.0010771510399223416,0.0208730425376924,0.023913388295226618,14861.0,-726.0,0
2022-09-13,14861.0,-0.0465772759350741,-0.04769690173048069,-0.0042892418757336515,0.052996006687290986,-0.0010771510399223416,0.036919632412102776,14923.0,62.0,1
2022-09-14,14923.0,0.004171993809299446,0.004163315172897697,-0.04769690173048069,-0.0042892418757336515,0.052996006687290986,0.03576697749027415,14899.0,-24.0,0
2022-09-15,14899.0,-0.0016082557126583241,-0.001609550344127797,0.004163315172897697,-0.04769690173048069,-0.0042892418757336515,0.03577482603772614,14939.0,40.0,1
2022-09-16,14939.0,0.0026847439425465858,0.002681146454976968,-0.001609550344127797,0.004163315172897697,-0.04769690173048069,0.021698899037013476,14980.0,41.0,1
2022-09-19,14980.0,0.0027444942767254066,0.002740735028893937,0.002681146454976968,-0.001609550344127797,0.004163315172897697,0.022327465309815664,14975.0,-5.0,0
2022-09-20,14975.0,-0.00033377837116155273,-0.00033383408756115784,0.002740735028893937,0.002681146454976968,-0.001609550344127797,0.002400833539218915,15011.0,36.0,1
2022-09-21,15011.0,0.0024040066777963887,0.0024011216765273957,-0.00033383408756115784,0.002740735028893937,0.002681146454976968,0.002015792297487555,15033.0,22.0,1
2022-09-22,15033.0,0.001465591899273866,0.0014645189676567583,0.0024011216765273957,-0.00033383408756115784,0.002740735028893937,0.0012930695279533891,15035.0,2.0,1
2022-09-23,15035.0,0.0001330406439166154,0.00013303179479606797,0.0014645189676567583,0.0024011216765273957,-0.00033383408756115784,0.001355055183475868,15119.0,84.0,1
2022-09-26,15119.0,0.00558696375124712,0.005571414557572041,0.00013303179479606797,0.0014645189676567583,0.0024011216765273957,0.002346184689081632,15155.0,36.0,1
2022-09-27,15155.0,0.0023811098617634308,0.002378279511701109,0.005571414557572041,0.00013303179479606797,0.0014645189676567583,0.002004499921148848,15243.0,88.0,1
2022-09-28,15243.0,0.005806664467172595,0.005789870769937977,0.002378279511701109,0.005571414557572041,0.00013303179479606797,0.0025167721097660413,15247.0,4.0,1
2022-09-29,15247.0,0.00026241553499972703,0.0002623811100654905,0.005789870769937977,0.002378279511701109,0.005571414557572041,0.0027543828383574586,15232.0,-15.0,0
2022-09-30,15232.0,-0.0009838000918213075,-0.0009842843407597002,0.0002623811100654905,0.005789870769937977,0.002378279511701109,0.003056355423552103,14323.0,-909.0,0
2022-10-01,14323.0,-0.05967699579831931,-0.06153184125128064,-0.0009842843407597002,0.0002623811100654905,0.005789870769937977,0.028466355862012238,14344.0,21.0,1
2022-10-02,14344.0,0.0014661732877190303,0.0014650995051024296,-0.06153184125128064,-0.0009842843407597002,0.0002623811100654905,0.02836327394061974,14298.0,-46.0,0
2022-10-03,14298.0,-0.0032069157836028817,-0.003212068958172054,0.0014650995051024296,-0.06153184125128064,-0.0009842843407597002,0.027296752435024288,14546.0,248.0,1
2022-10-05,14546.0,0.017345083228423652,0.017196374387689062,-0.003212068958172054,0.0014650995051024296,-0.06153184125128064,0.0302169665104764,14569.0,23.0,1
2022-10-06,14569.0,0.0015811907053484564,0.0015799419395108316,0.017196374387689062,-0.003212068958172054,0.0014650995051024296,0.030416888806964,14875.0,306.0,1
2022-10-08,14875.0,0.02100350058343059,0.02078596775983499,0.0015799419395108316,0.017196374387689062,-0.003212068958172054,0.010685647660594193,15299.0,424.0,1
2022-10-10,15299.0,0.028504201680672248,0.028105515353548327,0.02078596775983499,0.0015799419395108316,0.017196374387689062,0.01322494901883416,15701.0,402.0,1
2022-10-11,15701.0,0.026276227204392377,0.02593693780814199,0.028105515353548327,0.02078596775983499,0.0015799419395108316,0.01049456208469525,15357.0,-344.0,0
2022-10-13,15357.0,-0.021909432520221594,-0.022153008449828704,0.02593693780814199,0.028105515353548327,0.02078596775983499,0.02120863323813051,15390.0,33.0,1
2022-10-14,15390.0,0.0021488571986716387,0.002146551707232547,-0.022153008449828704,0.02593693780814199,0.028105515353548327,0.02114813885539175,15480.0,90.0,1
2022-10-17,15480.0,0.005847953216374213,0.0058309203107924645,0.002146551707232547,-0.022153008449828704,0.02593693780814199,0.020458089020747083,15469.0,-11.0,0
2022-10-18,15469.0,-0.0007105943152454497,-0.0007108469070526979,0.0058309203107924645,0.002146551707232547,-0.022153008449828704,0.017162241947468487,15491.0,22.0,1
2022-10-19,15491.0,0.0014221992371841186,0.0014211888696973318,-0.0007108469070526979,0.0058309203107924645,0.002146551707232547,0.011131328402205517,15579.0,88.0,1
2022-10-20,15579.0,0.005680717836162863,0.00566464340606565,0.0014211888696973318,-0.0007108469070526979,0.0058309203107924645,0.002829398140132195,15610.0,31.0,1
2022-10-21,15610.0,0.0019898581423711814,0.001987880997049274,0.00566464340606565,0.0014211888696973318,-0.0007108469070526979,0.0028404160140663424,15590.0,-20.0,0
2022-10-24,15590.0,-0.0012812299807815064,-0.0012820514576556974,0.001987880997049274,0.00566464340606565,0.0014211888696973318,0.002746862068454249,15616.0,26.0,1
2022-10-25,15616.0,0.0016677357280308058,0.0016663466010520267,-0.0012820514576556974,0.001987880997049274,0.00566464340606565,0.002479375721546302,15596.0,-20.0,0
2022-10-26,15596.0,-0.001280737704917989,-0.0012815585503851423,0.0016663466010520267,-0.0012820514576556974,0.001987880997049274,0.0028712325229831434,15573.0,-23.0,0
2022-10-27,15573.0,-0.0014747371120800157,-0.001475825607149872,-0.0012815585503851423,0.0016663466010520267,-0.0012820514576556974,0.0017437613290564816,15542.0,-31.0,0
2022-10-28,15542.0,-0.001990624799332208,-0.001992608726151701,-0.001475825607149872,-0.0012815585503851423,0.0016663466010520267,0.001449089943665354,15596.0,54.0,1
2022-10-31,15596.0,0.0034744563119288863,0.0034684343333015732,-0.001992608726151701,-0.001475825607149872,-0.0012815585503851423,0.0023752935832652574,14299.0,-1297.0,0
2022-11-01,14299.0,-0.0831623493203385,-0.08682486636964093,0.0034684343333015732,-0.001992608726151701,-0.001475825607149872,0.038748645064921684,14359.0,60.0,1
2022-11-02,14359.0,0.004196097629204809,0.004187318561529096,-0.08682486636964093,0.0034684343333015732,-0.001992608726151701,0.039396943989276706,14306.0,-53.0,0
2022-11-03,14306.0,-0.003691064837384239,-0.0036978936260467776,0.004187318561529096,-0.08682486636964093,0.0034684343333015732,0.039196731753775575,14370.0,64.0,1
2022-11-04,14370.0,0.004473647420662585,0.004463670404740938,-0.0036978936260467776,0.004187318561529096,-0.08682486636964093,0.039913353728110126,14546.0,176.0,1
2022-11-05,14546.0,0.012247738343771797,0.012173341641414481,0.004463670404740938,-0.0036978936260467776,0.004187318561529096,0.041128779043636696,14969.0,423.0,1
2022-11-07,14969.0,0.029080159494018876,0.02866535420075067,0.012173341641414481,0.004463670404740938,-0.0036978936260467776,0.012264252501908242,14799.0,-170.0,0
2022-11-08,14799.0,-0.011356804061727566,-0.011421785013387975,0.02866535420075067,0.012173341641414481,0.004463670404740938,0.01542522119432028,15362.0,563.0,1
2022-11-10,15362.0,0.038043111021014875,0.03733731665677986,-0.011421785013387975,0.02866535420075067,0.012173341641414481,0.01936460510631048,15493.0,131.0,1
2022-11-11,15493.0,0.00852753547715146,0.008491381437664813,0.03733731665677986,-0.011421785013387975,0.02866535420075067,0.01893507586774103,15499.0,6.0,1
2022-11-14,15499.0,0.0003872716710773272,0.0003871967007587074,0.008491381437664813,0.03733731665677986,-0.011421785013387975,0.02008150695098158,15564.0,65.0,1
2022-11-15,15564.0,0.004193818956061746,0.004185049407393393,0.0003871967007587074,0.008491381437664813,0.03733731665677986,0.01809990011262838,15610.0,46.0,1
2022-11-16,15610.0,0.0029555384219994707,0.0029511794050325335,0.004185049407393393,0.0003871967007587074,0.008491381437664813,0.015192621357651866,15687.0,77.0,1
2022-11-17,15687.0,0.004932735426008916,0.004920609346763527,0.0029511794050325335,0.004185049407393393,0.0003871967007587074,0.002959376778166439,15692.0,5.0,1
2022-11-18,15692.0,0.00031873525849435147,0.00031868447320171356,0.004920609346763527,0.0029511794050325335,0.004185049407393393,0.0021278260554885866,15707.0,15.0,1
2022-11-21,15707.0,0.0009559010960999981,0.0009554445135897538,0.00031868447320171356,0.004920609346763527,0.0029511794050325335,0.0019942411946052186,15716.0,9.0,1
2022-11-22,15716.0,0.000572992933087102,0.0005728288353186173,0.0009554445135897538,0.00031868447320171356,0.004920609346763527,0.0019604601575377947,15700.0,-16.0,0
2022-11-23,15700.0,-0.0010180707559175328,-0.0010185893419514258,0.0005728288353186173,0.0009554445135897538,0.00031868447320171356,0.0022350804385242564,15647.0,-53.0,0
2022-11-24,15647.0,-0.003375796178343937,-0.00338150703434259,-0.0010185893419514258,0.0005728288353186173,0.0009554445135897538,0.0017685430205442616,15668.0,21.0,1
2022-11-25,15668.0,0.0013421103086854735,0.0013412104836643124,-0.00338150703434259,-0.0010185893419514258,0.0005728288353186173,0.0019392918664854948,15729.0,61.0,1
2022-11-28,15729.0,0.003893285677814662,0.0038857264549214676,0.0013412104836643124,-0.00338150703434259,-0.0010185893419514258,0.002706757640834928,15737.0,8.0,1
2022-11-29,15737.0,0.0005086146608175302,0.0005084853602213002,0.0038857264549214676,0.0013412104836643124,-0.00338150703434259,0.0027051694961921645,15742.0,5.0,1
2022-11-30,15742.0,0.000317722564656453,0.00031767210153077485,0.0005084853602213002,0.0038857264549214676,0.0013412104836643124,0.002610761506826419,14302.0,-1440.0,0
2022-12-01,14302.0,-0.09147503493838138,-0.09593291209405308,0.00031767210153077485,0.0005084853602213002,0.0038857264549214676,0.04360247838622205,14364.0,62.0,1
2022-12-04,14364.0,0.004335058033841488,0.00432568873763195,-0.09593291209405308,0.00031767210153077485,0.0005084853602213002,0.043952057817690786,14585.0,221.0,1
2022-12-05,14585.0,0.015385686438317947,0.015268526955848571,0.00432568873763195,-0.09593291209405308,0.00031767210153077485,0.0455930199888918,14993.0,408.0,1
2022-12-07,14993.0,0.02797394583476165,0.027589822193080593,0.015268526955848571,0.00432568873763195,-0.09593291209405308,0.04936381786801411,14688.0,-305.0,0
2022-12-08,14688.0,-0.020342826652437807,-0.020552591634631412,0.027589822193080593,0.015268526955848571,0.00432568873763195,0.0491884940795965,14839.0,151.0,1
2022-12-09,14839.0,0.010280501089324545,0.01022801614585589,-0.020552591634631412,0.027589822193080593,0.015268526955848571,0.017806846510761098,15373.0,534.0,1
2022-12-10,15373.0,0.03598625244288689,0.03535387390647138,0.01022801614585589,-0.020552591634631412,0.027589822193080593,0.021502891683420847,15642.0,269.0,1
2022-12-12,15642.0,0.01749821114941774,0.01734688024895803,0.03535387390647138,0.01022801614585589,-0.020552591634631412,0.021563754457023007,15661.0,19.0,1
2022-12-13,15661.0,0.0012146784298683322,0.0012139413048775083,0.01734688024895803,0.03535387390647138,0.01022801614585589,0.020611198008675866,15619.0,-42.0,0
2022-12-14,15619.0,-0.0026818210842219914,-0.0026854236087121564,0.0012139413048775083,0.01734688024895803,0.03535387390647138,0.015072395900253098,15630.0,11.0,1
2022-12-15,15630.0,0.0007042704398489974,0.0007040225577998882,-0.0026854236087121564,0.0012139413048775083,0.01734688024895803,0.015973243582125186,15617.0,-13.0,0
2022-12-16,15617.0,-0.0008317338451695466,-0.0008320799276759772,0.0007040225577998882,-0.0026854236087121564,0.0012139413048775083,0.008080712616331911,15621.0,4.0,1
2022-12-19,15621.0,0.00025613113914313423,0.00025609834316320246,-0.0008320799276759772,0.0007040225577998882,-0.0026854236087121564,0.0015473992420756,15608.0,-13.0,0
2022-12-20,15608.0,-0.0008322130465399091,-0.000832559528062049,0.00025609834316320246,-0.0008320799276759772,0.0007040225577998882,0.0013095710061839785,15601.0,-7.0,0
2022-12-21,15601.0,-0.0004484879548949383,-0.00044858855569707146,-0.000832559528062049,0.00025609834316320246,-0.0008320799276759772,0.0006859385883112959,15594.0,-7.0,0
2022-12-22,15594.0,-0.00044868918659057844,-0.00044878987770502476,-0.00044858855569707146,-0.000832559528062049,0.00025609834316320246,0.00044449122356855433,15605.0,11.0,1
2022-12-23,15605.0,0.0007053995126331536,0.0007051508353352887,-0.00044878987770502476,-0.00044858855569707146,-0.000832559528062049,0.000620573723932731,15636.0,31.0,1
2022-12-26,15636.0,0.0019865427747516318,0.0019845722079647743,0.0007051508353352887,-0.00044878987770502476,-0.00044858855569707146,0.001156214348958133,15659.0,23.0,1
2022-12-27,15659.0,0.001470964441033562,0.0014698836325983677,0.0019845722079647743,0.0007051508353352887,-0.00044878987770502476,0.0011034649822259032,15703.0,44.0,1
2022-12-28,15703.0,0.002809885688741298,0.002805945339510174,0.0014698836325983677,0.0019845722079647743,0.0007051508353352887,0.0012427214383519908,15731.0,28.0,1
2022-12-29,15731.0,0.0017830987709355206,0.0017815109375511895,0.002805945339510174,0.0014698836325983677,0.0019845722079647743,0.0007650507909471901,15592.0,-139.0,0
2022-12-30,15592.0,-0.008836056194774677,-0.008875325635107956,0.0017815109375511895,0.002805945339510174,0.0014698836325983677,0.004893329253226513,14991.0,-601.0,0
2023-01-02,14991.0,-0.03854540790148797,-0.03930794117508185,-0.008875325635107956,0.0017815109375511895,0.002805945339510174,0.01790373263784302,15250.0,259.0,1
2023-01-03,15250.0,0.01727703288639848,0.01712948202324327,-0.03930794117508185,-0.008875325635107956,0.0017815109375511895,0.0211439033792712,15117.0,-133.0,0
2023-01-08,15117.0,-0.008721311475409887,-0.008759564686849686,0.01712948202324327,-0.03930794117508185,-0.008875325635107956,0.020663521028444296,15252.0,135.0,1
2023-01-09,15252.0,0.008930343322087753,0.008890703628745555,-0.008759564686849686,0.01712948202324327,-0.03930794117508185,0.02169007479380333,15946.0,694.0,1
2023-01-11,15946.0,0.04550222921584046,0.04449737208498661,0.008890703628745555,-0.008759564686849686,0.01712948202324327,0.031118817196982784,15524.0,-422.0,0
2023-01-12,15524.0,-0.026464317070111654,-0.026820800573643666,0.04449737208498661,0.008890703628745555,-0.008759564686849686,0.026946445596567448,15177.0,-347.0,0
2023-01-13,15177.0,-0.022352486472558608,-0.022606089528752094,-0.026820800573643666,0.04449737208498661,0.008890703628745555,0.028989551763651433,15019.0,-158.0,0
2023-01-16,15019.0,-0.010410489556565872,-0.010465057754464269,-0.022606089528752094,-0.026820800573643666,0.04449737208498661,0.029114037524493687,15154.0,135.0,1
2023-01-17,15154.0,0.008988614421732377,0.008948457285738343,-0.010465057754464269,-0.022606089528752094,-0.026820800573643666,0.029119102761565183,15137.0,-17.0,0
2023-01-18,15137.0,-0.0011218160221723172,-0.0011224457287539735,0.008948457285738343,-0.010465057754464269,-0.022606089528752094,0.014824561449243115,15113.0,-24.0,0
2023-01-19,15113.0,-0.0015855189271322123,-0.0015867771924451546,-0.0011224457287539735,0.008948457285738343,-0.010465057754464269,0.011836543429970255,15121.0,8.0,1
2023-01-20,15121.0,0.0005293455965063032,0.0005292055425485387,-0.0015867771924451546,-0.0011224457287539735,0.008948457285738343,0.0069086382463511556,14930.0,-191.0,0
2023-01-24,14930.0,-0.012631439719595239,-0.012711894579432226,0.0005292055425485387,-0.0015867771924451546,-0.0011224457287539735,0.007724312682750087,14958.0,28.0,1
2023-01-25,14958.0,0.0018754186202276646,0.0018736622183759266,-0.012711894579432226,0.0005292055425485387,-0.0015867771924451546,0.005815189451531824,14964.0,6.0,1
2023-01-26,14964.0,0.00040112314480555966,0.00040104271642427136,0.0018736622183759266,-0.012711894579432226,0.0005292055425485387,0.005950540355477473,14978.0,14.0,1
2023-01-27,14978.0,0.0009355787222666834,0.0009351413412765908,0.00040104271642427136,0.0018736622183759266,-0.012711894579432226,0.006130168748900192,14979.0,1.0,1
2023-01-30,14979.0,6.676458806254004e-05,6.676235940616948e-05,0.0009351413412765908,0.00040104271642427136,0.0018736622183759266,0.006089698915783012,14992.0,13.0,1
2023-01-31,14992.0,0.0008678817010481232,0.0008675053094844287,6.676235940616948e-05,0.0009351413412765908,0.00040104271642427136,0.000683414459530866,15572.0,580.0,1
2023-02-01,15572.0,0.03868729989327635,0.03795770425214329,0.0008675053094844287,6.676235940616948e-05,0.0009351413412765908,0.01672512146941304,14868.0,-704.0,0
2023-02-02,14868.0,-0.04520935011559213,-0.04626317731320384,0.03795770425214329,0.0008675053094844287,6.676235940616948e-05,0.029893209158249747,15273.0,405.0,1
2023-02-03,15273.0,0.02723970944309917,0.02687531115330266,-0.04626317731320384,0.03795770425214329,0.0008675053094844287,0.03251163726713593,14703.0,-570.0,0
2023-02-05,14703.0,-0.03732076212924773,-0.03803500899278767,0.02687531115330266,-0.04626317731320384,0.03795770425214329,0.03768816484736619,15171.0,468.0,1
2023-02-08,15171.0,0.03183023872679036,0.03133415617043411,-0.03803500899278767,0.02687531115330266,-0.04626317731320384,0.04093796504016836,15519.0,348.0,1
2023-02-10,15519.0,0.022938501087601315,0.02267936892353184,0.03133415617043411,-0.03803500899278767,0.02687531115330266,0.038088988624993235,15861.0,342.0,1
2023-02-11,15861.0,0.022037502416392796,0.02179818623193519,0.02267936892353184,0.03133415617043411,-0.03803500899278767,0.028741571502719207,15216.0,-645.0,0
2023-02-13,15216.0,-0.04066578399848686,-0.0415157601183882,0.02179818623193519,0.02267936892353184,0.03133415617043411,0.03584260097059651,15168.0,-48.0,0
2023-02-14,15168.0,-0.003154574132492094,-0.003159560290367125,-0.0415157601183882,0.02179818623193519,0.02267936892353184,0.029626804722463363,15194.0,26.0,1
2023-02-15,15194.0,0.001714135021096963,0.0017126675683627468,-0.003159560290367125,-0.0415157601183882,0.02179818623193519,0.026103304875066572,15176.0,-18.0,0
2023-02-16,15176.0,-0.0011846781624325065,-0.0011853804483159536,0.0017126675683627468,-0.003159560290367125,-0.0415157601183882,0.022984436618899845,15199.0,23.0,1
2023-02-17,15199.0,0.0015155508697943798,0.0015144035816110346,-0.0011853804483159536,0.0017126675683627468,-0.003159560290367125,0.018551601401567832,15168.0,-31.0,0
2023-02-20,15168.0,-0.002039607868938753,-0.002041690701657828,0.0015144035816110346,-0.0011853804483159536,0.0017126675683627468,0.0021671717236404634,15179.0,11.0,1
2023-02-21,15179.0,0.0007252109704640741,0.0007249481320545925,-0.002041690701657828,0.0015144035816110346,-0.0011853804483159536,0.0016748668582570166,15218.0,39.0,1
2023-02-22,15218.0,0.0025693392186574293,0.002566044109610033,0.0007249481320545925,-0.002041690701657828,0.0015144035816110346,0.0019025611914112585,15187.0,-31.0,0
2023-02-23,15187.0,-0.002037061374687843,-0.002039139006198454,0.002566044109610033,0.0007249481320545925,-0.002041690701657828,0.0020991152881246833,15216.0,29.0,1
2023-02-24,15216.0,0.0019095278856917641,0.0019077070549009534,-0.002039139006198454,0.002566044109610033,0.0007249481320545925,0.0021694550409220403,15274.0,58.0,1
2023-02-27,15274.0,0.003811777076761391,0.0038045306631584452,0.0019077070549009534,-0.002039139006198454,0.002566044109610033,0.0022182373219339054,15240.0,-34.0,0
2023-02-28,15240.0,-0.0022260049757758527,-0.00222848620769156,0.0038045306631584452,0.0019077070549009534,-0.002039139006198454,0.002766114039426468,15590.0,350.0,1
2023-03-01,15590.0,0.02296587926509197,0.02270613281118372,-0.00222848620769156,0.0038045306631584452,0.0019077070549009534,0.010321758641583557,14898.0,-692.0,0
2023-03-02,14898.0,-0.04438742783835792,-0.045402707315599145,0.02270613281118372,-0.00222848620769156,0.0038045306631584452,0.025130796524866994,15306.0,408.0,1
2023-03-03,15306.0,0.027386226339105812,0.027017932633643937,-0.045402707315599145,0.02270613281118372,-0.00222848620769156,0.028807237439213075,14990.0,-316.0,0
2023-03-04,14990.0,-0.020645498497321335,-0.020861596273222816,0.027017932633643937,-0.045402707315599145,0.02270613281118372,0.030317743689579332,14706.0,-284.0,0
2023-03-05,14706.0,-0.018945963975984026,-0.019127738340475986,-0.020861596273222816,0.027017932633643937,-0.045402707315599145,0.031038599543191863,15034.0,328.0,1
2023-03-07,15034.0,0.02230382156942734,0.02205872898124639,-0.019127738340475986,-0.020861596273222816,0.027017932633643937,0.030883965270277466,15198.0,164.0,1
2023-03-08,15198.0,0.010908607157110506,0.010849537492315875,0.02205872898124639,-0.019127738340475986,-0.020861596273222816,0.02267073847376583,15600.0,402.0,1
2023-03-10,15600.0,0.0264508487958941,0.026107074007898134,0.010849537492315875,0.02205872898124639,-0.019127738340475986,0.022441914437898166,15771.0,171.0,1
2023-03-11,15771.0,0.010961538461538467,0.010901896249929877,0.026107074007898134,0.010849537492315875,0.02205872898124639,0.017710776294568114,15374.0,-397.0,0
2023-03-13,15374.0,-0.02517278549235935,-0.025495039578480316,0.010901896249929877,0.026107074007898134,0.010849537492315875,0.020371925328090876,15380.0,6.0,1
2023-03-14,15380.0,0.00039026928580709885,0.00039019315055810466,-0.025495039578480316,0.010901896249929877,0.026107074007898134,0.01913600397147372,15365.0,-15.0,0
2023-03-15,15365.0,-0.0009752925877762886,-0.0009757684950510992,0.00039019315055810466,-0.025495039578480316,0.010901896249929877,0.0188921033966053,15418.0,53.0,1
2023-03-16,15418.0,0.0034493979824274934,0.003443462454622903,-0.0009757684950510992,0.00039019315055810466,-0.025495039578480316,0.013731960400623818,15364.0,-54.0,0
2023-03-17,15364.0,-0.0035023997924503725,-0.0035085475534124555,0.003443462454622903,-0.0009757684950510992,0.00039019315055810466,0.011603331759071587,15372.0,8.0,1
2023-03-20,15372.0,0.0005206977349647701,0.0005205622189397019,-0.0035085475534124555,0.003443462454622903,-0.0009757684950510992,0.002526821836607903,15349.0,-23.0,0
2023-03-21,15349.0,-0.0014962269060629918,-0.0014973473713268959,0.0005205622189397019,-0.0035085475534124555,0.003443462454622903,0.0025893206019654397,15189.0,-160.0,0
2023-03-24,15189.0,-0.010424131865268138,-0.010478843675388205,-0.0014973473713268959,0.0005205622189397019,-0.0035085475534124555,0.0052426417167980785,15174.0,-15.0,0
2023-03-27,15174.0,-0.00098755678451512,-0.0009880447399996939,-0.010478843675388205,-0.0014973473713268959,0.0005205622189397019,0.004321766581803861,15088.0,-86.0,0
2023-03-28,15088.0,-0.005667589297482567,-0.005683711024781601,-0.0009880447399996939,-0.010478843675388205,-0.0014973473713268959,0.004468769068088379,15094.0,6.0,1
2023-03-29,15094.0,0.0003976670201484289,0.00039758797157496417,-0.005683711024781601,-0.0009880447399996939,-0.010478843675388205,0.004440494735473748,15062.0,-32.0,0
2023-03-30,15062.0,-0.0021200477010733243,-0.0021222981835169463,0.00039758797157496417,-0.005683711024781601,-0.0009880447399996939,0.004373034732224897,14977.0,-85.0,0
2023-03-31,14977.0,-0.0056433408577878375,-0.005659324668901178,-0.0021222981835169463,0.00039758797157496417,-0.005683711024781601,0.002759435393775556,15615.0,638.0,1
2023-04-01,15615.0,0.0425986512652734,0.04171629972478463,-0.005659324668901178,-0.0021222981835169463,0.00039758797157496417,0.020279894526589484,14913.0,-702.0,0
2023-04-04,14913.0,-0.04495677233429396,-0.045998674954397245,0.04171629972478463,-0.005659324668901178,-0.0021222981835169463,0.031086962366875904,14632.0,-281.0,0
2023-04-05,14632.0,-0.01884262053242136,-0.019022404692080386,-0.045998674954397245,0.04171629972478463,-0.005659324668901178,0.031863924971504184,15018.0,386.0,1
2023-04-07,15018.0,0.026380535811919126,0.02603857058912773,-0.019022404692080386,-0.045998674954397245,0.04171629972478463,0.03509381357430368,15168.0,150.0,1
2023-04-08,15168.0,0.009988014382740662,0.009938463834973987,0.02603857058912773,-0.019022404692080386,-0.045998674954397245,0.03522301327061245,15247.0,79.0,1
2023-04-09,15247.0,0.005208333333333259,0.005194816877102326,0.009938463834973987,0.02603857058912773,-0.019022404692080386,0.02814133607083753,15636.0,389.0,1
2023-04-10,15636.0,0.025513215714566773,0.025193185540938856,0.005194816877102326,0.009938463834973987,0.02603857058912773,0.018385115299481666,15446.0,-190.0,0
2023-04-12,15446.0,-0.01215144538245072,-0.012225877783635042,0.025193185540938856,0.005194816877102326,0.009938463834973987,0.01582502228022746,14792.0,-654.0,0
2023-04-13,14792.0,-0.04234105917389619,-0.04326357606224995,-0.012225877783635042,0.025193185540938856,0.005194816877102326,0.02615187204681559,14666.0,-126.0,0
2023-04-14,14666.0,-0.008518117901568423,-0.008554604413214761,-0.04326357606224995,-0.012225877783635042,0.025193185540938856,0.02514720192721538,14773.0,107.0,1
2023-04-17,14773.0,0.007295786172098806,0.007269300667863021,-0.008554604413214761,-0.04326357606224995,-0.012225877783635042,0.025408908620833195,14855.0,82.0,1
2023-04-18,14855.0,0.005550666756921396,0.005535318575098813,0.007269300667863021,-0.008554604413214761,-0.04326357606224995,0.020327178971336606,14882.0,27.0,1
2023-04-26,14882.0,0.0018175698418041453,0.0018159200604994652,0.005535318575098813,0.007269300667863021,-0.008554604413214761,0.020946153693472094,14751.0,-131.0,0
2023-04-27,14751.0,-0.008802580298347018,-0.008841551877157627,0.0018159200604994652,0.005535318575098813,0.007269300667863021,0.007690798656921477,14661.0,-90.0,0
2023-04-28,14661.0,-0.006101281269066505,-0.0061199701417837815,-0.008841551877157627,0.0018159200604994652,0.005535318575098813,0.007113084244617573,15610.0,949.0,1
2023-05-01,15610.0,0.06472955460064123,0.06272082757121211,-0.0061199701417837815,-0.008841551877157627,0.0018159200604994652,0.029478942427637544,14933.0,-677.0,0
2023-05-04,14933.0,-0.04336963484945544,-0.0443382054522079,0.06272082757121211,-0.0061199701417837815,-0.008841551877157627,0.038772471025543445,14674.0,-259.0,0
2023-05-05,14674.0,-0.017344137145918426,-0.017496308783329084,-0.0443382054522079,0.06272082757121211,-0.0061199701417837815,0.03962923248442627,14888.0,214.0,1
2023-05-06,14888.0,0.01458361728226798,0.014478299048146681,-0.017496308783329084,-0.0443382054522079,0.06272082757121211,0.04011197449268973,15013.0,125.0,1
2023-05-07,15013.0,0.008396023643202577,0.008360973090217882,0.014478299048146681,-0.017496308783329084,-0.0443382054522079,0.039915053012952555,15260.0,247.0,1
2023-05-09,15260.0,0.016452407913141842,0.016318533426142423,0.008360973090217882,0.014478299048146681,-0.017496308783329084,0.026052697595722665,15601.0,341.0,1
2023-05-10,15601.0,0.022346002621231875,0.022099988908802715,0.016318533426142423,0.008360973090217882,0.014478299048146681,0.015470442401358293,15504.0,-97.0,0
2023-05-12,15504.0,-0.006217550157041174,-0.006236959616702009,0.022099988908802715,0.016318533426142423,0.008360973090217882,0.010812865819118077,14812.0,-692.0,0
2023-05-15,14812.0,-0.04463364293085659,-0.04566039209704442,-0.006236959616702009,0.022099988908802715,0.016318533426142423,0.0271253686384295,14810.0,-2.0,0
2023-05-16,14810.0,-0.0001350256548744433,-0.00013503477165954791,-0.04566039209704442,-0.006236959616702009,0.022099988908802715,0.026652513435104323,14875.0,65.0,1
2023-05-17,14875.0,0.004388926401080351,0.00437932315198708,-0.00013503477165954791,-0.04566039209704442,-0.006236959616702009,0.025003926514822198,14936.0,61.0,1
2023-05-19,14936.0,0.004100840336134448,0.004092454807727464,0.00437932315198708,-0.00013503477165954791,-0.04566039209704442,0.021096271238674434,14897.0,-39.0,0
2023-05-22,14897.0,-0.0026111408677021997,-0.0026145558419656822,0.004092454807727464,0.00437932315198708,-0.00013503477165954791,0.02126405512227818,14878.0,-19.0,0
2023-05-23,14878.0,-0.001275424582130591,-0.0012762386283053928,-0.0026145558419656822,0.004092454807727464,0.00437932315198708,0.003180262854674612,14905.0,27.0,1
2023-05-24,14905.0,0.0018147600483935378,0.001813115360883799,-0.0012762386283053928,-0.0026145558419656822,0.004092454807727464,0.003142524152663339,14952.0,47.0,1
2023-05-25,14952.0,0.0031533042603153483,0.003148343023227085,0.001813115360883799,-0.0012762386283053928,-0.0026145558419656822,0.0028757940537186386,14959.0,7.0,1
2023-05-26,14959.0,0.000468164794007464,0.00046805523906279234,0.003148343023227085,0.001813115360883799,-0.0012762386283053928,0.0023135299204588957,14973.0,14.0,1
2023-05-29,14973.0,0.0009358914365933391,0.0009354537632582094,0.00046805523906279234,0.003148343023227085,0.001813115360883799,0.0016388527630187266,14969.0,-4.0,0
2023-05-30,14969.0,-0.00026714753222467635,-0.00026718322248342474,0.0009354537632582094,0.00046805523906279234,0.003148343023227085,0.001316092045237611,15003.0,34.0,1
2023-05-31,15003.0,0.0022713608123454687,0.00226878517177731,-0.00026718322248342474,0.0009354537632582094,0.00046805523906279234,0.0013816144968749793,15635.0,632.0,1
2023-06-01,15635.0,0.04212490835166305,0.04126180980492755,0.00226878517177731,-0.00026718322248342474,0.0009354537632582094,0.018095739200733416,15055.0,-580.0,0
2023-06-02,15055.0,-0.03709625839462749,-0.03780182897610729,0.04126180980492755,0.00226878517177731,-0.00026718322248342474,0.0279706303727133,15301.0,246.0,1
2023-06-03,15301.0,0.0163400863500498,0.016208023805980076,-0.03780182897610729,0.04126180980492755,0.00226878517177731,0.02874682443827612,14943.0,-358.0,0
2023-06-04,14943.0,-0.023397163584079506,-0.023675222980420685,0.016208023805980076,-0.03780182897610729,0.04126180980492755,0.03146138266732901,14839.0,-104.0,0
2023-06-06,14839.0,-0.006959780499230406,-0.0069841127352656684,-0.023675222980420685,0.016208023805980076,-0.03780182897610729,0.03154103438418641,15062.0,223.0,1
2023-06-07,15062.0,0.015027966844126883,0.014916165655169067,-0.0069841127352656684,-0.023675222980420685,0.016208023805980076,0.023688891792796703,15307.0,245.0,1
2023-06-09,15307.0,0.016266100119506133,0.01613522443041049,0.014916165655169067,-0.0069841127352656684,-0.023675222980420685,0.018025807858109352,15628.0,321.0,1
2023-06-10,15628.0,0.020970797674266572,0.02075393708325457,0.01613522443041049,0.014916165655169067,-0.0069841127352656684,0.018930311623769437,15550.0,-78.0,0
2023-06-11,15550.0,-0.004991041719989764,-0.0050035385675819555,0.02075393708325457,0.01613522443041049,0.014916165655169067,0.012944952069728654,15504.0,-46.0,0
2023-06-12,15504.0,-0.002958199356913216,-0.0029625834768314263,-0.0050035385675819555,0.02075393708325457,0.01613522443041049,0.011863815655114171,14868.0,-636.0,0
2023-06-13,14868.0,-0.04102167182662542,-0.04188680271340495,-0.0029625834768314263,-0.0050035385675819555,0.02075393708325457,0.02472739412570351,14895.0,27.0,1
2023-06-14,14895.0,0.001815980629539915,0.0018143337302394258,-0.04188680271340495,-0.0029625834768314263,-0.0050035385675819555,0.022767541499765953,14943.0,48.0,1
2023-06-15,14943.0,0.00322255790533732,0.003217376594010446,0.0018143337302394258,-0.04188680271340495,-0.0029625834768314263,0.0187094334960908,14945.0,2.0,1
2023-06-16,14945.0,0.0001338419326775142,0.00013383297664582017,0.003217376594010446,0.0018143337302394258,-0.04188680271340495,0.019117929381955473,14994.0,49.0,1
2023-06-19,14994.0,0.003278688524590123,0.003273325344968825,0.00013383297664582017,0.003217376594010446,0.0018143337302394258,0.019717551014175386,15040.0,46.0,1
2023-06-20,15040.0,0.003067893824196366,0.0030631974408237284,0.003273325344968825,0.00013383297664582017,0.003217376594010446,0.0013508851562026576,14982.0,-58.0,0
2023-06-21,14982.0,-0.0038563829787233717,-0.0038638379960023173,0.0030631974408237284,0.003273325344968825,0.00013383297664582017,0.0031069661948531857,14918.0,-64.0,0
2023-06-22,14918.0,-0.004271792818048348,-0.004280942992719972,-0.0038638379960023173,0.0030631974408237284,0.003273325344968825,0.003633549423075138,14998.0,80.0,1
2023-06-23,14998.0,0.005362649148679344,0.0053483213462257595,-0.004280942992719972,-0.0038638379960023173,0.0030631974408237284,0.0044567837661410505,15026.0,28.0,1
2023-06-26,15026.0,0.0018669155887451883,0.0018651750677705081,0.0053483213462257595,-0.004280942992719972,-0.0038638379960023173,0.004295733473166982,15000.0,-26.0,0
2023-06-27,15000.0,-0.0017303340875814976,-0.0017318328447579745,0.0018651750677705081,0.0053483213462257595,-0.004280942992719972,0.004090230505313765,15139.0,139.0,1
2023-07-02,15139.0,0.009266666666666756,0.009223994527530976,-0.0017318328447579745,0.0018651750677705081,0.0053483213462257595,0.005402690885309855,15359.0,220.0,1
2023-07-03,15359.0,0.01453200343483707,0.014427425803749117,0.009223994527530976,-0.0017318328447579745,0.0018651750677705081,0.0062961901002471085,14875.0,-484.0,0
2023-07-06,14875.0,-0.03151246825965237,-0.032019670001796285,0.014427425803749117,0.009223994527530976,-0.0017318328447579745,0.01810667929447843,15136.0,261.0,1
2023-07-07,15136.0,0.017546218487394905,0.017394060877828466,-0.032019670001796285,0.014427425803749117,0.009223994527530976,0.020083601097311048,15178.0,42.0,1
2023-07-08,15178.0,0.0027748414376320696,0.0027709986721990987,0.017394060877828466,-0.032019670001796285,0.014427425803749117,0.02000556672645651,15334.0,156.0,1
2023-07-09,15334.0,0.01027803399657401,0.010225574154981487,0.0027709986721990987,0.017394060877828466,-0.032019670001796285,0.020096294943435494,15593.0,259.0,1
2023-07-11,15593.0,0.016890569975218428,0.016749510466045336,0.010225574154981487,0.0027709986721990987,0.017394060877828466,0.020462610869079138,15536.0,-57.0,0
2023-07-12,15536.0,-0.003655486436221378,-0.0036621840537787165,0.016749510466045336,0.010225574154981487,0.0027709986721990987,0.009092376531551016,14978.0,-558.0,0
2023-07-13,14978.0,-0.03591658084449023,-0.03657745372179377,-0.0036621840537787165,0.016749510466045336,0.010225574154981487,0.020749010078624522,14945.0,-33.0,0
2023-07-14,14945.0,-0.002203231406062267,-0.002205662091274263,-0.03657745372179377,-0.0036621840537787165,0.016749510466045336,0.020575650741686144,15007.0,62.0,1
2023-07-17,15007.0,0.00414854466376724,0.004139963177950179,-0.002205662091274263,-0.03657745372179377,-0.0036621840537787165,0.01975437499145192,14994.0,-13.0,0
2023-07-18,14994.0,-0.0008662624108749517,-0.000866637832981354,0.004139963177950179,-0.002205662091274263,-0.03657745372179377,0.016333924028952885,14991.0,-3.0,0
2023-07-20,14991.0,-0.0002000800320127727,-0.00020010005069259762,-0.000866637832981354,0.004139963177950179,-0.002205662091274263,0.016625779727103517,15026.0,35.0,1
2023-07-21,15026.0,0.0023347341738375604,0.0023320129167903048,-0.00020010005069259762,-0.000866637832981354,0.004139963177950179,0.0025586211283779334,15028.0,2.0,1
2023-07-24,15028.0,0.00013310262212162804,0.00013309376475412193,0.0023320129167903048,-0.00020010005069259762,-0.000866637832981354,0.0020767625200085755,15007.0,-21.0,0
2023-07-25,15007.0,-0.0013973915357998745,-0.001398368797870475,0.00013309376475412193,0.0023320129167903048,-0.00020010005069259762,0.0014320033740361142,15032.0,25.0,1
2023-07-26,15032.0,0.0016658892516825397,0.0016645031973130386,-0.001398368797870475,0.00013309376475412193,0.0023320129167903048,0.001495050954839505,15003.0,-29.0,0
2023-07-27,15003.0,-0.0019292176689728047,-0.001931081006288693,0.0016645031973130386,-0.001398368797870475,0.00013309376475412193,0.0018562749666231775,15083.0,80.0,1
2023-07-28,15083.0,0.005332266879957359,0.005318100681238391,-0.001931081006288693,0.0016645031973130386,-0.001398368797870475,0.002910663769129779,15092.0,9.0,1
2023-07-31,15092.0,0.0005966982695750911,0.0005965203159501442,0.005318100681238391,-0.001931081006288693,0.0016645031973130386,0.002893145558899761,15122.0,30.0,1
2023-08-02,15122.0,0.0019878081102571166,0.0019858350340129505,0.0005965203159501442,0.005318100681238391,-0.001931081006288693,0.002618491814471302,15451.0,329.0,1
2023-08-03,15451.0,0.02175638143102754,0.021523089032204012,0.0019858350340129505,0.0005965203159501442,0.005318100681238391,0.009332562502872822,14709.0,-742.0,0
2023-08-05,14709.0,-0.04802278169697749,-0.04921417483107504,0.021523089032204012,0.0019858350340129505,0.0005965203159501442,0.02664360210536978,14903.0,194.0,1
2023-08-06,14903.0,0.013189203888775536,0.013102983629449838,-0.04921417483107504,0.021523089032204012,0.0019858350340129505,0.027533789839561274,15229.0,326.0,1
2023-08-08,15229.0,0.02187479031067574,0.021638969902896932,0.013102983629449838,-0.04921417483107504,0.021523089032204012,0.029634535198162996,15341.0,112.0,1
2023-08-09,15341.0,0.007354389651323068,0.00732747799308342,0.021638969902896932,0.013102983629449838,-0.04921417483107504,0.02973867907631638,15629.0,288.0,1
2023-08-11,15629.0,0.018773222084609964,0.018599179997419668,0.00732747799308342,0.021638969902896932,0.013102983629449838,0.029305924354497432,15500.0,-129.0,0
2023-08-12,15500.0,-0.008253887004926685,-0.008288138934855027,0.018599179997419668,0.00732747799308342,0.021638969902896932,0.011826930012293803,15323.0,-177.0,0
2023-08-14,15323.0,-0.011419354838709705,-0.011485056329162191,-0.008288138934855027,0.018599179997419668,0.00732747799308342,0.015116070524195106,15346.0,23.0,1
2023-08-15,15346.0,0.0015010115512628097,0.001499886159434638,-0.011485056329162191,-0.008288138934855027,0.018599179997419668,0.012152737395957099,15308.0,-38.0,0
2023-08-16,15308.0,-0.0024762153004039833,-0.002479286192018648,0.001499886159434638,-0.011485056329162191,-0.008288138934855027,0.01176858468005991,15308.0,0.0,0
2023-08-18,15308.0,0.0,0.0,-0.002479286192018648,0.001499886159434638,-0.011485056329162191,0.0055421620801766915,15329.0,21.0,1
2023-08-21,15329.0,0.001371831721975525,0.001370891620515735,0.0,-0.002479286192018648,0.001499886159434638,0.005421460723339768,15326.0,-3.0,0
2023-08-22,15326.0,-0.00019570748254937875,-0.00019572663575928573,0.001370891620515735,0.0,-0.002479286192018648,0.001605187409701349,15319.0,-7.0,0
2023-08-23,15319.0,-0.0004567401800861237,-0.00045684451765204415,-0.00019572663575928573,0.001370891620515735,0.0,0.0013832045790062367,15253.0,-66.0,0
2023-08-24,15253.0,-0.004308375220314686,-0.0043176830127631405,-0.00045684451765204415,-0.00019572663575928573,0.001370891620515735,0.0021317635959546897,15297.0,44.0,1
2023-08-25,15297.0,0.002884678423916709,0.0028805257233326387,-0.0043176830127631405,-0.00045684451765204415,-0.00019572663575928573,0.0026908562499009282,15294.0,-3.0,0
2023-08-28,15294.0,-0.0001961168856638995,-0.00019613611909541362,0.0028805257233326387,-0.0043176830127631405,-0.00045684451765204415,0.0025583327035815407,15263.0,-31.0,0
2023-08-29,15263.0,-0.0020269386687590263,-0.002028995689048685,-0.00019613611909541362,0.0028805257233326387,-0.0043176830127631405,0.0026415129419604354,15239.0,-24.0,0
2023-08-30,15239.0,-0.001572430059621266,-0.0015736676252622317,-0.002028995689048685,-0.00019613611909541362,0.0028805257233326387,0.00264992873295687,15237.0,-2.0,0
2023-08-31,15237.0,-0.00013124220749394233,-0.00013125082050535752,-0.0015736676252622317,-0.002028995689048685,-0.00019613611909541362,0.0019187285862523797,15574.0,337.0,1
2023-09-01,15574.0,0.022117214674804764,0.02187617666757724,-0.00013125082050535752,-0.0015736676252622317,-0.002028995689048685,0.01025674612628297,15120.0,-454.0,0
2023-09-02,15120.0,-0.02915114935148322,-0.02958448640340805,0.02187617666757724,-0.00013125082050535752,-0.0015736676252622317,0.01826358757201167,15438.0,318.0,1
2023-09-03,15438.0,0.021031746031745957,0.020813631776276154,-0.02958448640340805,0.02187617666757724,-0.00013125082050535752,0.02099711900006334,14757.0,-681.0,0
2023-09-05,14757.0,-0.04411193159735716,-0.04511445604635078,0.020813631776276154,-0.02958448640340805,0.02187617666757724,0.030065539712605168,14853.0,96.0,1
2023-09-06,14853.0,0.006505387273836094,0.006484318566084113,-0.04511445604635078,0.020813631776276154,-0.02958448640340805,0.030553532938271236,15206.0,353.0,1
2023-09-08,15206.0,0.023766242509930757,0.023488221758848127,0.006484318566084113,-0.04511445604635078,0.020813631776276154,0.0309157810807877,15675.0,469.0,1
2023-09-10,15675.0,0.03084308825463622,0.03037699971273966,0.023488221758848127,0.006484318566084113,-0.04511445604635078,0.03051689896837903,15649.0,-26.0,0
2023-09-11,15649.0,-0.001658692185008026,-0.001660069337949821,0.03037699971273966,0.023488221758848127,0.006484318566084113,0.029655180113279344,15367.0,-282.0,0
2023-09-13,15367.0,-0.018020320787270783,-0.0181846641078387,-0.001660069337949821,0.03037699971273966,0.023488221758848127,0.01950522383695986,15357.0,-10.0,0
2023-09-14,15357.0,-0.0006507451031431133,-0.0006509569296397899,-0.0181846641078387,-0.001660069337949821,0.03037699971273966,0.019909891609895047,15367.0,10.0,1
2023-09-15,15367.0,0.0006511688480823619,0.0006509569296397899,-0.0006509569296397899,-0.0181846641078387,-0.001660069337949821,0.017570299611662968,15373.0,6.0,1
2023-09-18,15373.0,0.00039044706188584577,0.0003903708572661202,0.0006509569296397899,-0.0006509569296397899,-0.0181846641078387,0.008042749427765415,15381.0,8.0,1
2023-09-19,15381.0,0.0005203928966368565,0.0005202575392111441,0.0003903708572661202,0.0006509569296397899,-0.0006509569296397899,0.008250365051396976,15396.0,15.0,1
2023-09-20,15396.0,0.0009752291788569512,0.0009747539518265569,0.0005202575392111441,0.0003903708572661202,0.0006509569296397899,0.0006143612757478378,15397.0,1.0,1
2023-09-21,15397.0,6.495193556776968e-05,6.494982628169055e-05,0.0009747539518265569,0.0005202575392111441,0.0003903708572661202,0.00033459863394404507,15383.0,-14.0,0
2023-09-22,15383.0,-0.0009092680392284169,-0.0009096816741678282,6.494982628169055e-05,0.0009747539518265569,0.0005202575392111441,0.0007050445225955454,15399.0,16.0,1
2023-09-25,15399.0,0.0010401092114671329,0.0010395686726631936,-0.0009096816741678282,6.494982628169055e-05,0.0009747539518265569,0.000800333986698597,15464.0,65.0,1
2023-09-26,15464.0,0.004221053315150325,0.004212169659753684,0.0010395686726631936,-0.0009096816741678282,6.494982628169055e-05,0.0019243370081489897,15526.0,62.0,1
2023-09-27,15526.0,0.0040093119503361585,0.0040012960774582496,0.004212169659753684,0.0010395686726631936,-0.0009096816741678282,0.0023197669818694378,15487.0,-39.0,0
2023-09-29,15487.0,-0.002511915496586359,-0.0025150756494500826,0.0040012960774582496,0.004212169659753684,0.0010395686726631936,0.0029661764141382927,15589.0,102.0,1
2023-10-01,15589.0,0.00658616904500553,0.006564574996506423,-0.0025150756494500826,0.0040012960774582496,0.004212169659753684,0.003495039917639703,15140.0,-449.0,0
2023-10-02,15140.0,-0.02880236063891206,-0.029225289321242798,0.006564574996506423,-0.0025150756494500826,0.0040012960774582496,0.014830251524801885,15468.0,328.0,1
2023-10-03,15468.0,0.021664464993395027,0.02143312573574896,-0.029225289321242798,0.006564574996506423,-0.0025150756494500826,0.01856685660885984,14905.0,-563.0,0
2023-10-04,14905.0,-0.03639772433410915,-0.03707664661501653,0.02143312573574896,-0.029225289321242798,0.006564574996506423,0.02451708670308644,14746.0,-159.0,0
2023-10-05,14746.0,-0.010667561221066713,-0.010724867562576179,-0.03707664661501653,0.02143312573574896,-0.029225289321242798,0.024318305782013168,15192.0,446.0,1
2023-10-07,15192.0,0.030245490302454936,0.02979711394252682,-0.010724867562576179,-0.03707664661501653,0.02143312573574896,0.02982437082940176,15204.0,12.0,1
2023-10-08,15204.0,0.0007898894154818592,0.0007895776170165902,0.02979711394252682,-0.010724867562576179,-0.03707664661501653,0.02661771967662102,15708.0,504.0,1
2023-10-10,15708.0,0.03314917127071815,0.03261158558876254,0.0007895776170165902,0.02979711394252682,-0.010724867562576179,0.029130290906480685,15693.0,-15.0,0
2023-10-11,15693.0,-0.000954927425515617,-0.0009553836591802423,0.03261158558876254,0.0007895776170165902,0.02979711394252682,0.019603067934813912,15709.0,16.0,1
2023-10-13,15709.0,0.0010195628624227737,0.001019043461218061,-0.0009553836591802423,0.03261158558876254,0.0007895776170165902,0.016981928784009215,15716.0,7.0,1
2023-10-16,15716.0,0.00044560443058117016,0.0004455051784120201,0.001019043461218061,-0.0009553836591802423,0.03261158558876254,0.014459482686657662,15718.0,2.0,1
2023-10-17,15718.0,0.00012725884448960834,0.00012725074777009127,0.0004455051784120201,0.001019043461218061,-0.0009553836591802423,0.014530962385775267,15731.0,13.0,1
2023-10-18,15731.0,0.0008270772362894974,0.000826735396383782,0.00012725074777009127,0.0004455051784120201,0.001019043461218061,0.0007780109738684749,15838.0,107.0,1
2023-10-19,15838.0,0.006801856207488299,0.006778827947853117,0.000826735396383782,0.00012725074777009127,0.0004455051784120201,0.0027825716842261963,15856.0,18.0,1
2023-10-20,15856.0,0.0011365071347393396,0.0011358617994119413,0.006778827947853117,0.000826735396383782,0.00012725074777009127,0.002774439385086812,15943.0,87.0,1
2023-10-23,15943.0,0.00548688193743696,0.005471883837595115,0.0011358617994119413,0.006778827947853117,0.000826735396383782,0.0030312355816672324,15869.0,-74.0,0
2023-10-24,15869.0,-0.004641535470112257,-0.0046523408445224845,0.005471883837595115,0.0011358617994119413,0.006778827947853117,0.004506371808702352,15871.0,2.0,1
2023-10-25,15871.0,0.0001260318860671905,0.0001260239447162803,-0.0046523408445224845,0.005471883837595115,0.0011358617994119413,0.004559153725455776,15933.0,62.0,1
2023-10-26,15933.0,0.00390649612500793,0.0038988855829504843,0.0001260239447162803,-0.0046523408445224845,0.005471883837595115,0.0039032143498385083,15941.0,8.0,1
2023-10-27,15941.0,0.000502102554446715,0.0005019765431377721,0.0038988855829504843,0.0001260239447162803,-0.0046523408445224845,0.003915932155700144,15916.0,-25.0,0
2023-10-30,15916.0,-0.001568283043723695,-0.0015695140868281499,0.0005019765431377721,0.0038988855829504843,0.0001260239447162803,0.0031225885571178214,15897.0,-19.0,0
2023-10-31,15897.0,-0.0011937672782106334,-0.001194480385947827,-0.0015695140868281499,0.0005019765431377721,0.0038988855829504843,0.002164357397551225,15527.0,-370.0,0
2023-11-01,15527.0,-0.02327483172925704,-0.023549968179700898,-0.001194480385947827,-0.0015695140868281499,0.0005019765431377721,0.01093054954507067,14888.0,-639.0,0
2023-11-04,14888.0,-0.04115411863206031,-0.04202492465908314,-0.023549968179700898,-0.001194480385947827,-0.0015695140868281499,0.01873811716566661,14722.0,-166.0,0
2023-11-05,14722.0,-0.011149919398173003,-0.01121254570343666,-0.04202492465908314,-0.023549968179700898,-0.001194480385947827,0.017209158418785838,15162.0,440.0,1
2023-11-07,15162.0,0.029887243581035117,0.029449323997598142,-0.01121254570343666,-0.04202492465908314,-0.023549968179700898,0.0266646928924147,15225.0,63.0,1
2023-11-08,15225.0,0.0041551246537396835,0.004146515961849673,0.029449323997598142,-0.01121254570343666,-0.04202492465908314,0.02719269164650914,15352.0,127.0,1
2023-11-09,15352.0,0.008341543513957328,0.00830694510943708,0.004146515961849673,0.029449323997598142,-0.01121254570343666,0.02654986850815234,15710.0,358.0,1
2023-11-10,15710.0,0.023319437206878568,0.023051693562130993,0.00830694510943708,0.004146515961849673,0.029449323997598142,0.016069569859396983,15614.0,-96.0,0
2023-11-12,15614.0,-0.006110757479312556,-0.0061295045694294,0.023051693562130993,0.00830694510943708,0.004146515961849673,0.014407788720587731,15713.0,99.0,1
2023-11-13,15713.0,0.00634046368643526,0.006320447509894578,-0.0061295045694294,0.023051693562130993,0.00830694510943708,0.010491140480741753,15699.0,-14.0,0
2023-11-14,15699.0,-0.0008909819894354909,-0.0008913791498130763,0.006320447509894578,-0.0061295045694294,0.023051693562130993,0.011076035812412963,15503.0,-196.0,0
2023-11-15,15503.0,-0.012484871647875706,-0.012563462473956122,-0.0008913791498130763,0.006320447509894578,-0.0061295045694294,0.013678216435994303,15595.0,92.0,1
2023-11-16,15595.0,0.005934335289943915,0.005916796475540664,-0.012563462473956122,-0.0008913791498130763,0.006320447509894578,0.008067938514235398,15504.0,-91.0,0
2023-11-17,15504.0,-0.005835203590894511,-0.005852294911354861,0.005916796475540664,-0.012563462473956122,-0.0008913791498130763,0.008028766452235684,15419.0,-85.0,0
2023-11-20,15419.0,-0.005482456140350922,-0.005497539959195663,-0.005852294911354861,0.005916796475540664,-0.012563462473956122,0.006833109205696032,15436.0,17.0,1
2023-11-21,15436.0,0.0011025358324145973,0.001101928486157533,-0.005497539959195663,-0.005852294911354861,0.005916796475540664,0.0070966594674699455,15584.0,148.0,1
2023-11-22,15584.0,0.00958797615962692,0.009542303224806759,0.001101928486157533,-0.005497539959195663,-0.005852294911354861,0.006824940877636207,15593.0,9.0,1
2023-11-23,15593.0,0.000577515400410622,0.0005773487025688695,0.009542303224806759,0.001101928486157533,-0.005497539959195663,0.006266421232218729,15587.0,-6.0,0
2023-11-24,15587.0,-0.0003847880459180164,-0.00038486209583510345,0.0005773487025688695,0.009542303224806759,0.001101928486157533,0.005414628982536947,15527.0,-60.0,0
2023-11-27,15527.0,-0.0038493616475268055,-0.003856789507880265,-0.00038486209583510345,0.0005773487025688695,0.009542303224806759,0.004946771463540989,15450.0,-77.0,0
2023-11-28,15450.0,-0.004959103497134021,-0.004971440655278769,-0.003856789507880265,-0.00038486209583510345,0.0005773487025688695,0.005721946316637473,15384.0,-66.0,0
2023-11-29,15384.0,-0.004271844660194146,-0.004280995057275305,-0.004971440655278769,-0.003856789507880265,-0.00038486209583510345,0.0025014990131777435,15484.0,100.0,1
2023-11-30,15484.0,0.006500260010400494,0.006479224428922237,-0.004280995057275305,-0.004971440655278769,-0.003856789507880265,0.004748783369058285,15366.0,-118.0,0
2023-12-01,15366.0,-0.007620769826918061,-0.007649956269958125,0.006479224428922237,-0.004280995057275305,-0.004971440655278769,0.005422999897994851,14866.0,-500.0,0
2023-12-04,14866.0,-0.03253937264089546,-0.03308055014234057,-0.007649956269958125,0.006479224428922237,-0.004280995057275305,0.01465735675393473,14752.0,-114.0,0
2023-12-05,14752.0,-0.007668505314139651,-0.007698059488864928,-0.03308055014234057,-0.007649956269958125,0.006479224428922237,0.014534125475072277,14874.0,122.0,1
2023-12-06,14874.0,0.008270065075921984,0.00823605546687034,-0.007698059488864928,-0.03308055014234057,-0.007649956269958125,0.0165423742003983,15084.0,210.0,1
2023-12-07,15084.0,0.014118596208148482,0.01401985711500231,0.00823605546687034,-0.007698059488864928,-0.03308055014234057,0.0182995368477619,15344.0,260.0,1
2023-12-09,15344.0,0.017236807212940963,0.01708993874497189,0.01401985711500231,0.00823605546687034,-0.007698059488864928,0.02067382020713406,15702.0,358.0,1
2023-12-10,15702.0,0.02333159541188734,0.023063574634981876,0.01708993874497189,0.01401985711500231,0.00823605546687034,0.011715127827461955,15631.0,-71.0,0
2023-12-12,15631.0,-0.004521716978728829,-0.0045319708627307165,0.023063574634981876,0.01708993874497189,0.01401985711500231,0.010475713371649232,15629.0,-2.0,0
2023-12-13,15629.0,-0.00012795086686712143,-0.0001279590532767827,-0.0045319708627307165,0.023063574634981876,0.01708993874497189,0.011734456193219032,15493.0,-136.0,0
2023-12-14,15493.0,-0.008701772346279335,-0.008739853845900925,-0.0001279590532767827,-0.0045319708627307165,0.023063574634981876,0.013944373867467596,15503.0,10.0,1
2023-12-15,15503.0,0.0006454527851287306,0.0006452445700695364,-0.008739853845900925,-0.0001279590532767827,-0.0045319708627307165,0.01232912965108106,15516.0,13.0,1
2023-12-18,15516.0,0.0008385473779268793,0.0008381959934951055,0.0006452445700695364,-0.008739853845900925,-0.0001279590532767827,0.00417310569906422,15506.0,-10.0,0
2023-12-19,15506.0,-0.0006444960041247505,-0.0006447037809529377,0.0008381959934951055,0.0006452445700695364,-0.008739853845900925,0.004032454654233717,15512.0,6.0,1
2023-12-20,15512.0,0.000386946988262693,0.0003868721435829059,-0.0006447037809529377,0.0008381959934951055,0.0006452445700695364,0.004085844343719708,15533.0,21.0,1
2023-12-21,15533.0,0.0013537906137184308,0.0013528750654199229,0.0003868721435829059,-0.0006447037809529377,0.0008381959934951055,0.0007390502525226685,15489.0,-44.0,0
2023-12-22,15489.0,-0.002832678812850098,-0.002836698440148666,0.0013528750654199229,0.0003868721435829059,-0.0006447037809529377,0.0016569374526137126,15414.0,-75.0,0
2023-12-27,15414.0,-0.004842146039124584,-0.004853907209820818,-0.002836698440148666,0.0013528750654199229,0.0003868721435829059,0.0025150829509457484,15416.0,2.0,1
2023-12-28,15416.0,0.0001297521733489848,0.00012974375626484402,-0.004853907209820818,-0.002836698440148666,0.0013528750654199229,0.002589738039253149,15439.0,23.0,1
2023-12-29,15439.0,0.001491956408925743,0.0014908445477246346,0.00012974375626484402,-0.004853907209820818,-0.002836698440148666,0.002794043165079037,15775.0,336.0,1
2024-01-02,15775.0,0.021763067556188842,0.021529632767487428,0.0014908445477246346,0.00012974375626484402,-0.004853907209820818,0.010601554950293388,15696.0,-79.0,0
2024-01-03,15696.0,-0.005007923930269387,-0.005020505604269587,0.021529632767487428,0.0014908445477246346,0.00012974375626484402,0.010946243793618488,15909.0,213.0,1
2024-01-04,15909.0,0.013570336391437232,0.013479084000094232,-0.005020505604269587,0.021529632767487428,0.0014908445477246346,0.010872355761999478,16355.0,446.0,1
2024-01-07,16355.0,0.028034445911119477,0.0276486741672457,0.013479084000094232,-0.005020505604269587,0.021529632767487428,0.013581884825634051,16243.0,-112.0,0
2024-01-08,16243.0,-0.006848058697645931,-0.006871614253089575,0.0276486741672457,0.013479084000094232,-0.005020505604269587,0.015545594112504977,15204.0,-1039.0,0
2024-01-10,15204.0,-0.06396601613002528,-0.06610349561025686,-0.006871614253089575,0.0276486741672457,0.013479084000094232,0.0357644509225517,15723.0,519.0,1
2024-01-11,15723.0,0.03413575374901345,0.033566057361136714,-0.06610349561025686,-0.006871614253089575,0.0276486741672457,0.040277523260390184,15555.0,-168.0,0
2024-01-15,15555.0,-0.010684983781721002,-0.010742478138537237,0.033566057361136714,-0.06610349561025686,-0.006871614253089575,0.03975596097121699,15592.0,37.0,1
2024-01-16,15592.0,0.002378656380584987,0.0023758318556588165,-0.010742478138537237,0.033566057361136714,-0.06610349561025686,0.03608362979174996,15639.0,47.0,1
2024-01-17,15639.0,0.0030143663417137034,0.003009832248817901,0.0023758318556588165,-0.010742478138537237,0.033566057361136714,0.03653512683423806,15630.0,-9.0,0
2024-01-18,15630.0,-0.0005754843660080722,-0.0005756500206928195,0.003009832248817901,0.0023758318556588165,-0.010742478138537237,0.01661620434728006,15628.0,-2.0,0
2024-01-19,15628.0,-0.0001279590531030328,-0.00012796724056052255,-0.0005756500206928195,0.003009832248817901,0.0023758318556588165,0.0055476681315956115,15627.0,-1.0,0
2024-01-22,15627.0,-6.398771435889294e-05,-6.398976166011039e-05,-0.00012796724056052255,-0.0005756500206928195,0.003009832248817901,0.0016424235279961954,15656.0,29.0,1
2024-01-23,15656.0,0.0018557624624047087,0.0018540426626110218,-6.398976166011039e-05,-0.00012796724056052255,-0.0005756500206928195,0.001540497118505837,15719.0,63.0,1
2024-01-24,15719.0,0.004024016351558579,0.004015941652324884,0.0018540426626110218,-6.398976166011039e-05,-0.00012796724056052255,0.001917697447084666,15767.0,48.0,1
2024-01-25,15767.0,0.0030536293657357216,0.0030489765092447385,0.004015941652324884,0.0018540426626110218,-6.398976166011039e-05,0.0018472865550687582,15829.0,62.0,1
2024-01-26,15829.0,0.003932263588507734,0.003924552448255625,0.0030489765092447385,0.004015941652324884,0.0018540426626110218,0.0017032675714497008,15825.0,-4.0,0
2024-01-29,15825.0,-0.000252700739149625,-0.00025273267335990113,0.003924552448255625,0.0030489765092447385,0.004015941652324884,0.0017763694581980625,15796.0,-29.0,0
2024-01-30,15796.0,-0.0018325434439178112,-0.001834224605838486,-0.00025273267335990113,0.003924552448255625,0.0030489765092447385,0.002664744922894816,15803.0,7.0,1
2024-01-31,15803.0,0.0004431501645987268,0.00044305200256467003,-0.001834224605838486,-0.00025273267335990113,0.003924552448255625,0.00237917741787683,15473.0,-330.0,0
2024-02-01,15473.0,-0.02088211099158388,-0.021103225919430812,0.00044305200256467003,-0.001834224605838486,-0.00025273267335990113,0.009918605128343241,15688.0,215.0,1
2024-02-02,15688.0,0.013895172235506958,0.013799519386509473,-0.021103225919430812,0.00044305200256467003,-0.001834224605838486,0.012483844328492375,15934.0,246.0,1
2024-02-04,15934.0,0.015680775114737422,0.015559102064129249,0.013799519386509473,-0.021103225919430812,0.00044305200256467003,0.014764786658194178,16202.0,268.0,1
2024-02-05,16202.0,0.016819379942261792,0.016679500450125673,0.015559102064129249,0.013799519386509473,-0.021103225919430812,0.016026950100652502,16384.0,182.0,1
2024-02-07,16384.0,0.011233181088754485,0.011170557448796359,0.016679500450125673,0.015559102064129249,0.013799519386509473,0.015969696866649796,16234.0,-150.0,0
2024-02-08,16234.0,-0.0091552734375,-0.009197440518112998,0.011170557448796359,0.016679500450125673,0.015559102064129249,0.010713036247738322,15536.0,-698.0,0
2024-02-09,15536.0,-0.04299618085499568,-0.043947896790013985,-0.009197440518112998,0.011170557448796359,0.016679500450125673,0.025700800865515846,15247.0,-289.0,0
2024-02-10,15247.0,-0.01860195674562304,-0.01877714915920059,-0.043947896790013985,-0.009197440518112998,0.011170557448796359,0.024408518860717394,15905.0,658.0,1
2024-02-12,15905.0,0.043156030694562864,0.04225076281133866,-0.01877714915920059,-0.043947896790013985,-0.009197440518112998,0.032442416511984935,15585.0,-320.0,0
2024-02-13,15585.0,-0.020119459289531627,-0.020324611981807905,0.04225076281133866,-0.01877714915920059,-0.043947896790013985,0.031886054827331756,15606.0,21.0,1
2024-02-15,15606.0,0.0013474494706449125,0.0013465424752698851,-0.020324611981807905,0.04225076281133866,-0.01877714915920059,0.032298340994412984,15654.0,48.0,1
2024-02-16,15654.0,0.003075740099961477,0.0030710196880772145,0.0013465424752698851,-0.020324611981807905,0.04225076281133866,0.02525169252649398,15630.0,-24.0,0
2024-02-19,15630.0,-0.0015331544653123252,-0.0015343309492621415,0.0030710196880772145,0.0013465424752698851,-0.020324611981807905,0.02285122662406753,15659.0,29.0,1
2024-02-20,15659.0,0.001855406269993587,0.0018536871299215107,-0.0015343309492621415,0.0030710196880772145,0.0013465424752698851,0.009766387249408474,15658.0,-1.0,0
2024-02-21,15658.0,-6.386103838051937e-05,-6.386307758354803e-05,0.0018536871299215107,-0.0015343309492621415,0.0030710196880772145,0.0017798353426543175,15630.0,-28.0,0
2024-02-22,15630.0,-0.0017882232724485414,-0.0017898240523379627,-6.386307758354803e-05,0.0018536871299215107,-0.0015343309492621415,0.002118770606806899,15589.0,-41.0,0
2024-02-23,15589.0,-0.0026231605886116727,-0.0026266071028402393,-0.0017898240523379627,-6.386307758354803e-05,0.0018536871299215107,0.0017631122941067728,15635.0,46.0,1
2024-02-26,15635.0,0.002950798640066754,0.002946453579259156,-0.0026266071028402393,-0.0017898240523379627,-6.386307758354803e-05,0.0023560506053764275,15655.0,20.0,1
2024-02-27,15655.0,0.0012791813239527716,0.0012783638685647247,0.002946453579259156,-0.0026266071028402393,-0.0017898240523379627,0.002258836132910083,15673.0,18.0,1
2024-02-28,15673.0,0.0011497923985948066,0.0011491318935625827,0.0012783638685647247,0.002946453579259156,-0.0026266071028402393,0.0023213936428161824,15715.0,42.0,1
2024-02-29,15715.0,0.0026797677534613484,0.002676183577600355,0.0011491318935625827,0.0012783638685647247,0.002946453579259156,0.002225668660314369,15495.0,-220.0,0
2024-03-01,15495.0,-0.013999363665287978,-0.014098279009820303,0.002676183577600355,0.0011491318935625827,0.0012783638685647247,0.0072498917636151594,15923.0,428.0,1
2024-03-04,15923.0,0.027621813488222013,0.027247213634577605,-0.014098279009820303,0.002676183577600355,0.0011491318935625827,0.014871593857166366,16094.0,171.0,1
2024-03-05,16094.0,0.01073918231489035,0.010681926849652967,0.027247213634577605,-0.014098279009820303,0.002676183577600355,0.015089610010776043,16225.0,131.0,1
2024-03-06,16225.0,0.008139679383621257,0.00810673086621172,0.010681926849652967,0.027247213634577605,-0.014098279009820303,0.01490414397343258,16387.0,162.0,1
2024-03-07,16387.0,0.009984591679506938,0.009935074973933311,0.00810673086621172,0.010681926849652967,0.027247213634577605,0.014739711916928544,15557.0,-830.0,0
2024-03-09,15557.0,-0.05064990541282721,-0.05197763945910161,0.009935074973933311,0.00810673086621172,0.010681926849652967,0.03049354323435059,15394.0,-163.0,0
2024-03-10,15394.0,-0.010477598508709884,-0.01053287499285993,-0.05197763945910161,0.009935074973933311,0.00810673086621172,0.026752735824037564,15950.0,556.0,1
2024-03-12,15950.0,0.03611796803949585,0.03548100611872762,-0.01053287499285993,-0.05197763945910161,0.009935074973933311,0.032479944948409244,15576.0,-374.0,0
2024-03-13,15576.0,-0.02344827586206899,-0.02372756116095509,0.03548100611872762,-0.01053287499285993,-0.05197763945910161,0.03316599945959322,15582.0,6.0,1
2024-03-14,15582.0,0.00038520801232655444,0.0003851338387690362,-0.02372756116095509,0.03548100611872762,-0.01053287499285993,0.032121633523758734,15624.0,42.0,1
2024-03-15,15624.0,0.0026954177897573484,0.0026917916657112073,0.0003851338387690362,-0.02372756116095509,0.03548100611872762,0.022003072435700564,15672.0,48.0,1
2024-03-18,15672.0,0.003072196620583778,0.0030674870678613075,0.0026917916657112073,0.0003851338387690362,-0.02372756116095509,0.021063213432233368,15712.0,40.0,1
2024-03-19,15712.0,0.002552322613578406,0.0025490709698701153,0.0030674870678613075,0.0026917916657112073,0.0003851338387690362,0.011630711186809292,15727.0,15.0,1
2024-03-20,15727.0,0.0009546843177188347,0.0009542288964787815,0.0025490709698701153,0.0030674870678613075,0.0026917916657112073,0.0011828135834993639,15662.0,-65.0,0
2024-03-21,15662.0,-0.0041330196477396,-0.004141584179842894,0.0009542288964787815,0.0025490709698701153,0.0030674870678613075,0.002998805496695297,15773.0,111.0,1
2024-03-22,15773.0,0.007087217469033291,0.007062221176591166,-0.004141584179842894,0.0009542288964787815,0.0025490709698701153,0.004056724489233925,15795.0,22.0,1
2024-03-25,15795.0,0.0013947885627338952,0.0013938167487115294,0.007062221176591166,-0.004141584179842894,0.0009542288964787815,0.00400484936933145,15797.0,2.0,1
2024-03-26,15797.0,0.0001266223488445295,0.00012661433291150104,0.0013938167487115294,0.007062221176591166,-0.004141584179842894,0.004002347769797946,15853.0,56.0,1
2024-03-27,15853.0,0.003544976894346963,0.003538708274131608,0.00012661433291150104,0.0013938167487115294,0.007062221176591166,0.00414649050120494,15873.0,20.0,1
2024-03-28,15873.0,0.0012615908660822406,0.0012607957290136085,0.003538708274131608,0.00012661433291150104,0.0013938167487115294,0.0027445111196900828,15525.0,-348.0,0
2024-04-01,15525.0,-0.021924021924021875,-0.022167924770561953,0.0012607957290136085,0.003538708274131608,0.00012661433291150104,0.010691771972585909,15723.0,198.0,1
2024-04-03,15723.0,0.012753623188405783,0.012672980668595457,-0.022167924770561953,0.0012607957290136085,0.003538708274131608,0.012864433403701234,15907.0,184.0,1
2024-04-04,15907.0,0.011702601284742098,0.01163465542808595,0.012672980668595457,-0.022167924770561953,0.0012607957290136085,0.014070075113807281,16220.0,313.0,1
2024-04-06,16220.0,0.019676871817438935,0.019485784771042347,0.01163465542808595,0.012672980668595457,-0.022167924770561953,0.01630885861957622,16341.0,121.0,1
2024-04-07,16341.0,0.00745992601726253,0.007432238382380163,0.019485784771042347,0.01163465542808595,0.012672980668595457,0.01622844819668064,15490.0,-851.0,0
2024-04-09,15490.0,-0.052077596230340806,-0.053482632640870165,0.007432238382380163,0.019485784771042347,0.01163465542808595,0.029959459398884985,15495.0,5.0,1
2024-04-10,15495.0,0.00032278889606196515,0.0003227368109346429,-0.053482632640870165,0.007432238382380163,0.019485784771042347,0.02910378487647726,15751.0,256.0,1
2024-04-11,15751.0,0.016521458535011302,0.016386464079888086,0.0003227368109346429,-0.053482632640870165,0.007432238382380163,0.0297679379453948,15957.0,206.0,1
2024-04-12,15957.0,0.013078534696209676,0.012993749108691333,0.016386464079888086,0.0003227368109346429,-0.053482632640870165,0.028721247599995343,16176.0,219.0,1
2024-04-16,16176.0,0.013724384282759905,0.013631057849824657,0.012993749108691333,0.016386464079888086,0.0003227368109346429,0.029423870816319794,16240.0,64.0,1
2024-04-17,16240.0,0.003956478733926794,0.003948672455416968,0.013631057849824657,0.012993749108691333,0.016386464079888086,0.0069232445590076,16177.0,-63.0,0
2024-04-18,16177.0,-0.00387931034482758,-0.003886854385974914,0.003948672455416968,0.013631057849824657,0.012993749108691333,0.008408342719671473,16280.0,103.0,1
2024-04-19,16280.0,0.006367064350621288,0.0063468802268378255,-0.003886854385974914,0.003948672455416968,0.013631057849824657,0.007200404501014796,16224.0,-56.0,0
2024-04-22,16224.0,-0.003439803439803435,-0.0034457331656216894,0.0063468802268378255,-0.003886854385974914,0.003948672455416968,0.007307342800402059,16244.0,20.0,1
2024-04-23,16244.0,0.0012327416173569805,0.0012319824152786651,-0.0034457331656216894,0.0063468802268378255,-0.003886854385974914,0.004495939293667303,16161.0,-83.0,0
2024-04-24,16161.0,-0.0051095789214479215,-0.005122677457546132,0.0012319824152786651,-0.0034457331656216894,0.0063468802268378255,0.004750456495876303,16208.0,47.0,1
2024-04-25,16208.0,0.002908235876492693,0.00290401513982097,-0.005122677457546132,0.0012319824152786651,-0.0034457331656216894,0.004680166602270078,16222.0,14.0,1
2024-04-26,16222.0,0.0008637709772951752,0.0008633981418260106,0.00290401513982097,-0.005122677457546132,0.0012319824152786651,0.0034008774172687435,16249.0,27.0,1
2024-04-29,16249.0,0.0016644063617310412,0.0016630227724867552,0.0008633981418260106,0.00290401513982097,-0.005122677457546132,0.003131686827985909,16276.0,27.0,1
2024-04-30,16276.0,0.0016616407163518865,0.001660261718804179,0.0016630227724867552,0.0008633981418260106,0.00290401513982097,0.0031689145437380517,15518.0,-758.0,0
2024-05-01,15518.0,-0.046571639223396466,-0.04769098966768581,0.001660261718804179,0.0016630227724867552,0.0008633981418260106,0.022132863738657575,15705.0,187.0,1
2024-05-02,15705.0,0.01205052197448131,0.011978492518851525,-0.04769098966768581,0.001660261718804179,0.0016630227724867552,0.023587109574933453,15756.0,51.0,1
2024-05-03,15756.0,0.0032473734479465666,0.0032421121180501444,0.011978492518851525,-0.04769098966768581,0.001660261718804179,0.0237909514797033,15873.0,117.0,1
2024-05-04,15873.0,0.007425742574257432,0.007398307481444988,0.0032421121180501444,0.011978492518851525,-0.04769098966768581,0.024373627489367833,16282.0,409.0,1
2024-05-06,16282.0,0.02576702576702572,0.025440650561680656,0.007398307481444988,0.0032421121180501444,0.011978492518851525,0.027974812576994943,16312.0,30.0,1
2024-05-07,16312.0,0.0018425254882692421,0.0018408301203685085,0.025440650561680656,0.007398307481444988,0.0032421121180501444,0.009504420600529084,16154.0,-158.0,0
2024-05-08,16154.0,-0.009686120647376173,-0.009733336252049085,0.0018408301203685085,0.025440650561680656,0.007398307481444988,0.012764015897201846,15410.0,-744.0,0
2024-05-09,15410.0,-0.046056704221864586,-0.04715104768808054,-0.009733336252049085,0.0018408301203685085,0.025440650561680656,0.027040250683388445,15766.0,356.0,1
2024-05-11,15766.0,0.02310188189487339,0.02283907330569157,-0.04715104768808054,-0.009733336252049085,0.0018408301203685085,0.02950020287875362,15892.0,126.0,1
2024-05-12,15892.0,0.007991881263478273,0.007960115314636695,0.02283907330569157,-0.04715104768808054,-0.009733336252049085,0.02640443449835433,16085.0,193.0,1
2024-05-13,16085.0,0.012144475207651606,0.012071322738636425,0.007960115314636695,0.02283907330569157,-0.04715104768808054,0.027428930646674284,16131.0,46.0,1
2024-05-14,16131.0,0.0028598072738577063,0.002855725804661091,0.012071322738636425,0.007960115314636695,0.02283907330569157,0.0272106320621845,16070.0,-61.0,0
2024-05-15,16070.0,-0.0037815386522843664,-0.003788706746229664,0.002855725804661091,0.012071322738636425,0.007960115314636695,0.010018254777202074,15944.0,-126.0,0
2024-05-16,15944.0,-0.00784069695084011,-0.007871596838926465,-0.003788706746229664,0.002855725804661091,0.012071322738636425,0.008190593623796144,15978.0,34.0,1
2024-05-17,15978.0,0.0021324636226793814,0.00213019314935714,-0.007871596838926465,-0.003788706746229664,0.002855725804661091,0.007564731865730555,15980.0,2.0,1
2024-05-20,15980.0,0.00012517211165352649,0.00012516427827691246,0.00213019314935714,-0.007871596838926465,-0.003788706746229664,0.00448459688765336,16024.0,44.0,1
2024-05-21,16024.0,0.0027534418022527873,0.0027496580253885128,0.00012516427827691246,0.00213019314935714,-0.007871596838926465,0.004460150551996513,15995.0,-29.0,0
2024-05-22,15995.0,-0.0018097853220169213,-0.0018114249620353462,0.0027496580253885128,0.00012516427827691246,0.00213019314935714,0.004271432918709172,16064.0,69.0,1
2024-05-27,16064.0,0.004313848077524218,0.004304570107837691,-0.0018114249620353462,0.0027496580253885128,0.00012516427827691246,0.002381181951255526,16095.0,31.0,1
2024-05-28,16095.0,0.0019297808764939806,0.0019279212414531344,0.004304570107837691,-0.0018114249620353462,0.0027496580253885128,0.002369480508186919,16160.0,65.0,1
2024-05-29,16160.0,0.004038521279900564,0.0040303883421781705,0.0019279212414531344,0.004304570107837691,-0.0018114249620353462,0.0024616624756317496,16253.0,93.0,1
2024-05-30,16253.0,0.005754950495049593,0.005738454028088924,0.0040303883421781705,0.0019279212414531344,0.004304570107837691,0.002933881696299509,16251.0,-2.0,0
2024-05-31,16251.0,-0.0001230542053775041,-0.00012306177716681077,0.005738454028088924,0.0040303883421781705,0.0019279212414531344,0.002291905821227069,15734.0,-517.0,0
2024-06-02,15734.0,-0.03181342686603905,-0.03233046943682183,-0.00012306177716681077,0.005738454028088924,0.0040303883421781705,0.015905946082219274,15723.0,-11.0,0
2024-06-03,15723.0,-0.0006991229185203673,-0.000699367418912189,-0.03233046943682183,-0.00012306177716681077,0.005738454028088924,0.01569693107230971,16025.0,302.0,1
2024-06-05,16025.0,0.019207530369522274,0.019025394318594735,-0.000699367418912189,-0.03233046943682183,-0.00012306177716681077,0.018885071906551535,16279.0,254.0,1
2024-06-06,16279.0,0.015850234009360475,0.0157259308196398,0.019025394318594735,-0.000699367418912189,-0.03233046943682183,0.020337914400550272,16183.0,-96.0,0
2024-06-08,16183.0,-0.005897168130720609,-0.005914625091623549,0.0157259308196398,0.019025394318594735,-0.000699367418912189,0.02053341915407959,15372.0,-811.0,0
2024-06-09,15372.0,-0.05011431749366624,-0.05141363583215153,-0.005914625091623549,0.0157259308196398,0.019025394318594735,0.028194623269300816,15840.0,468.0,1
2024-06-11,15840.0,0.030444964871194413,0.029990713683682557,-0.05141363583215153,-0.005914625091623549,0.0157259308196398,0.03231124167874748,15848.0,8.0,1
2024-06-12,15848.0,0.0005050505050505638,0.0005049230099700708,0.029990713683682557,-0.05141363583215153,-0.005914625091623549,0.030824810487655053,16286.0,438.0,1
2024-06-13,16286.0,0.027637556789500195,0.027262533648690024,0.0005049230099700708,0.029990713683682557,-0.05141363583215153,0.03286811285456815,16374.0,88.0,1
2024-06-14,16374.0,0.005403413975193505,0.00538886790931592,0.027262533648690024,0.0005049230099700708,0.029990713683682557,0.03274068911845825,16368.0,-6.0,0
2024-06-19,16368.0,-0.0003664345914253797,-0.0003665017449847596,0.00538886790931592,0.027262533648690024,0.0005049230099700708,0.014864712102060381,16420.0,52.0,1
2024-06-20,16420.0,0.003176930596285432,0.0031718948150114556,-0.0003665017449847596,0.00538886790931592,0.027262533648690024,0.011446471057573888,16458.0,38.0,1
2024-06-21,16458.0,0.0023142509135201106,0.002311577159238354,0.0031718948150114556,-0.0003665017449847596,0.00538886790931592,0.011208638253679654,16431.0,-27.0,0
2024-06-24,16431.0,-0.0016405395552314683,-0.0016418867138270343,0.002311577159238354,0.0031718948150114556,-0.0003665017449847596,0.0028089318059858065,16379.0,-52.0,0
2024-06-25,16379.0,-0.003164749558760893,-0.0031697679694513425,-0.0016418867138270343,0.002311577159238354,0.0031718948150114556,0.0026581575693689834,16435.0,56.0,1
2024-06-26,16435.0,0.0034190121497039705,0.0034131806159400924,-0.0031697679694513425,-0.0016418867138270343,0.002311577159238354,0.0030191011484776735,16421.0,-14.0,0
2024-06-27,16421.0,-0.0008518405841192456,-0.0008522036064828598,0.0034131806159400924,-0.0031697679694513425,-0.0016418867138270343,0.002759615964169292,16394.0,-27.0,0
2024-06-28,16394.0,-0.0016442360392180388,-0.0016455892788620474,-0.0008522036064828598,0.0034131806159400924,-0.0031697679694513425,0.0024895310153990736,15685.0,-709.0,0
2024-07-02,15685.0,-0.04324752958399414,-0.04421057258819694,-0.0016455892788620474,-0.0008522036064828598,0.0034131806159400924,0.019671729755482762,15658.0,-27.0,0
2024-07-03,15658.0,-0.001721389862926359,-0.0017228731569183253,-0.04421057258819694,-0.0016455892788620474,-0.0008522036064828598,0.019794582137481257,16054.0,396.0,1
2024-07-05,16054.0,0.025290586281772942,0.02497607122366219,-0.0017228731569183253,-0.04421057258819694,-0.0016455892788620474,0.024873441628099745,16218.0,164.0,1
2024-07-06,16218.0,0.0102155226111873,0.010163696812981016,0.02497607122366219,-0.0017228731569183253,-0.04421057258819694,0.025770180337965173,16100.0,-118.0,0
2024-07-08,16100.0,-0.007275866321371338,-0.007302464531948161,0.010163696812981016,0.02497607122366219,-0.0017228731569183253,0.02584801637751906,15680.0,-420.0,0
2024-07-10,15680.0,-0.02608695652173909,-0.026433257068156024,-0.007302464531948161,0.010163696812981016,0.02497607122366219,0.01924899929844759,15767.0,87.0,1
2024-07-11,15767.0,0.005548469387754995,0.005533133333083029,-0.026433257068156024,-0.007302464531948161,0.010163696812981016,0.0193658114082376,16174.0,407.0,1
2024-07-15,16174.0,0.02581340775036467,0.025485866418286207,0.005533133333083029,-0.026433257068156024,-0.007302464531948161,0.019521765191233182,16203.0,29.0,1
2024-07-16,16203.0,0.0017930011128972634,0.0017913956052328928,0.025485866418286207,0.005533133333083029,-0.026433257068156024,0.018942187515748145,16129.0,-74.0,0
2024-07-17,16129.0,-0.004567055483552407,-0.004577516343818644,0.0017913956052328928,0.025485866418286207,0.005533133333083029,0.018724162578519308,16160.0,31.0,1
2024-07-18,16160.0,0.001922003844007758,0.0019201591579047772,-0.004577516343818644,0.0017913956052328928,0.025485866418286207,0.011469018862482064,16199.0,39.0,1
2024-07-19,16199.0,0.0024133663366336933,0.0024104588450502007,0.0019201591579047772,-0.004577516343818644,0.0017913956052328928,0.01158729209150219,16228.0,29.0,1
2024-07-22,16228.0,0.0017902339650595067,0.0017886334061998355,0.0024104588450502007,0.0019201591579047772,-0.004577516343818644,0.0029426745732457206,16204.0,-24.0,0
2024-07-23,16204.0,-0.0014789253142716285,-0.0014800200037559108,0.0017886334061998355,0.0024104588450502007,0.0019201591579047772,0.0029933211420105693,16224.0,20.0,1
2024-07-24,16224.0,0.0012342631449024921,0.001233502068329173,-0.0014800200037559108,0.0017886334061998355,0.0024104588450502007,0.0015419727113791162,16268.0,44.0,1
2024-07-25,16268.0,0.002712031558185446,0.002708360636205498,0.001233502068329173,-0.0014800200037559108,0.0017886334061998355,0.0016720581866573015,16294.0,26.0,1
2024-07-26,16294.0,0.0015982296533070262,0.0015969538434710273,0.002708360636205498,0.001233502068329173,-0.0014800200037559108,0.0015778298018731018,16286.0,-8.0,0
2024-07-29,16286.0,-0.0004909782742114066,-0.0004910988435096186,0.0015969538434710273,0.002708360636205498,0.001233502068329173,0.0016802492505092633,16320.0,34.0,1
2024-07-30,16320.0,0.0020876826722338038,0.0020855064910207943,-0.0004910988435096186,0.0015969538434710273,0.002708360636205498,0.0012063316480130936,16294.0,-26.0,0
2024-07-31,16294.0,-0.0015931372549019551,-0.0015944076475111757,0.0020855064910207943,-0.0004910988435096186,0.0015969538434710273,0.0018242110284161647,15522.0,-772.0,0
2024-08-01,15522.0,-0.047379403461396796,-0.048538569456502145,-0.0015944076475111757,0.0020855064910207943,-0.0004910988435096186,0.02193725474127394,15603.0,81.0,1
2024-08-03,15603.0,0.005218399690761544,0.005204831027096901,-0.048538569456502145,-0.0015944076475111757,0.0020855064910207943,0.022442443409727744,16081.0,478.0,1
2024-08-05,16081.0,0.030635134269050734,0.030175247412842054,0.005204831027096901,-0.048538569456502145,-0.0015944076475111757,0.028585081141689533,16265.0,184.0,1
2024-08-07,16265.0,0.011442074497854504,0.011377109053427148,0.030175247412842054,0.005204831027096901,-0.048538569456502145,0.029254615458041405,15952.0,-313.0,0
2024-08-08,15952.0,-0.019243774976944406,-0.019431346705831132,0.011377109053427148,0.030175247412842054,0.005204831027096901,0.0304575459493608,15671.0,-281.0,0
2024-08-10,15671.0,-0.01761534603811432,-0.017772342678403774,-0.019431346705831132,0.011377109053427148,0.030175247412842054,0.020870157921761386,15671.0,0.0,0
2024-08-11,15671.0,0.0,0.0,-0.017772342678403774,-0.019431346705831132,0.011377109053427148,0.02079444267612484,15885.0,214.0,1
2024-08-13,15885.0,0.013655797332652764,0.013563397180400116,0.0,-0.017772342678403774,-0.019431346705831132,0.015626584882593574,15691.0,-194.0,0
2024-08-14,15691.0,-0.012212779351589598,-0.012287968144548245,0.013563397180400116,0.0,-0.017772342678403774,0.013876466813848147,15687.0,-4.0,0
2024-08-15,15687.0,-0.00025492320438469385,-0.00025495570282707547,-0.012287968144548245,0.013563397180400116,0.0,0.012193810372180786,15716.0,29.0,1
2024-08-16,15716.0,0.0018486644992670165,0.0018469578221100846,-0.00025495570282707547,-0.012287968144548245,0.013563397180400116,0.009175943105696256,15591.0,-125.0,0
2024-08-19,15591.0,-0.007953677780605739,-0.007985477001799524,0.0018469578221100846,-0.00025495570282707547,-0.012287968144548245,0.0099619918200421,15480.0,-111.0,0
2024-08-20,15480.0,-0.007119492014623807,-0.007144956532833646,-0.007985477001799524,0.0018469578221100846,-0.00025495570282707547,0.005828552150520463,15456.0,-24.0,0
2024-08-21,15456.0,-0.0015503875968991832,-0.0015515906914185251,-0.007144956532833646,-0.007985477001799524,0.0018469578221100846,0.00433474862727246,15579.0,123.0,1
2024-08-22,15579.0,0.007958074534161419,0.00792657606012881,-0.0015515906914185251,-0.007144956532833646,-0.007985477001799524,0.006593976303104368,15554.0,-25.0,0
2024-08-23,15554.0,-0.0016047243083637808,-0.001606013257539729,0.00792657606012881,-0.0015515906914185251,-0.007144956532833646,0.006347511136864543,15380.0,-174.0,0
2024-08-26,15380.0,-0.01118683296901124,-0.01124987619525264,-0.001606013257539729,0.00792657606012881,-0.0015515906914185251,0.007216207851918801,15509.0,129.0,1
2024-08-27,15509.0,0.008387516254876548,0.008352536499817376,-0.01124987619525264,-0.001606013257539729,0.00792657606012881,0.008115437435891467,15476.0,-33.0,0
2024-08-28,15476.0,-0.0021277967631697647,-0.002130063739048893,0.008352536499817376,-0.01124987619525264,-0.001606013257539729,0.008153790319720204,15409.0,-67.0,0
2024-08-29,15409.0,-0.004329284052726812,-0.004338682538550742,-0.002130063739048893,0.008352536499817376,-0.01124987619525264,0.007038959517753982,15473.0,64.0,1
2024-08-30,15473.0,0.00415341683431758,0.004144815207819619,-0.004338682538550742,-0.002130063739048893,0.008352536499817376,0.007606133668268557,15518.0,45.0,1
2024-09-01,15518.0,0.0029082918632457044,0.002904070964222072,0.004144815207819619,-0.004338682538550742,-0.002130063739048893,0.00506904289395016,16281.0,763.0,1
2024-09-07,16281.0,0.04916870730764278,0.047998143277618865,0.002904070964222072,0.004144815207819619,-0.004338682538550742,0.021684247150205605,15914.0,-367.0,0
2024-09-08,15914.0,-0.022541612923039134,-0.02279955879403417,0.047998143277618865,0.002904070964222072,0.004144815207819619,0.026039867683569515,15446.0,-468.0,0
2024-09-09,15446.0,-0.029408068367475226,-0.029849154808269773,-0.02279955879403417,0.047998143277618865,0.002904070964222072,0.030573993930957846,15607.0,161.0,1
2024-09-10,15607.0,0.010423410591738902,0.010369461413343828,-0.029849154808269773,-0.02279955879403417,0.047998143277618865,0.030885684164854172,15861.0,254.0,1
2024-09-12,15861.0,0.016274748510283876,0.016143734361005357,0.010369461413343828,-0.029849154808269773,-0.02279955879403417,0.03157199982928143,15405.0,-456.0,0
2024-09-13,15405.0,-0.028749763571023212,-0.0291711338727918,0.016143734361005357,0.010369461413343828,-0.029849154808269773,0.022461788219368346,15338.0,-67.0,0
2024-09-17,15338.0,-0.004349237260629635,-0.004358722705962492,-0.0291711338727918,0.016143734361005357,0.010369461413343828,0.021547933629375352,15350.0,12.0,1
2024-09-18,15350.0,0.0007823705828660099,0.00078206469053832,-0.004358722705962492,-0.0291711338727918,0.016143734361005357,0.01754235582535121,15287.0,-63.0,0
2024-09-19,15287.0,-0.004104234527687267,-0.004112680014308978,0.00078206469053832,-0.004358722705962492,-0.0291711338727918,0.01629618661971238,15100.0,-187.0,0
2024-09-20,15100.0,-0.01223261594819125,-0.01230805019801906,-0.004112680014308978,0.00078206469053832,-0.004358722705962492,0.011784085281628002,15191.0,91.0,1
2024-09-23,15191.0,0.006026490066225243,0.006008403404647922,-0.01230805019801906,-0.004112680014308978,0.00078206469053832,0.0068002738470869665,15186.0,-5.0,0
2024-09-24,15186.0,-0.00032914225528268837,-0.0003291964344835918,0.006008403404647922,-0.01230805019801906,-0.004112680014308978,0.006807807660958175,15092.0,-94.0,0
2024-09-25,15092.0,-0.0061899117608323895,-0.006209148688977706,-0.0003291964344835918,0.006008403404647922,-0.01230805019801906,0.006813589179003266,15171.0,79.0,1
2024-09-26,15171.0,0.005234561357010392,0.005220908663890356,-0.006209148688977706,-0.0003291964344835918,0.006008403404647922,0.0077766445962332885,15138.0,-33.0,0
2024-09-27,15138.0,-0.00217520268934146,-0.0021775718789793785,0.005220908663890356,-0.006209148688977706,-0.0003291964344835918,0.005135637370873649,15144.0,6.0,1
2024-09-30,15144.0,0.0003963535473643365,0.0003962750200461329,-0.0021775718789793785,0.005220908663890356,-0.006209148688977706,0.004150247238261803,15568.0,424.0,1
2024-10-01,15568.0,0.027997886951928175,0.0276131115366276,0.0003962750200461329,-0.0021775718789793785,0.005220908663890356,0.01332060017724867,16290.0,722.0,1
2024-10-06,16290.0,0.0463771839671121,0.04533389717030367,0.0276131115366276,0.0003962750200461329,-0.0021775718789793785,0.020511092993748443,16256.0,-34.0,0
2024-10-07,16256.0,-0.002087170042971098,-0.00208935121788123,0.04533389717030367,0.0276131115366276,0.0003962750200461329,0.02163678397713499,15447.0,-809.0,0
2024-10-09,15447.0,-0.049766240157480324,-0.051047261663958565,-0.00208935121788123,0.04533389717030367,0.0276131115366276,0.036559299767107804,15658.0,211.0,1
2024-10-10,15658.0,0.013659610280313261,0.013567158753609476,-0.051047261663958565,-0.00208935121788123,0.04533389717030367,0.036705210937948034,15874.0,216.0,1
2024-10-12,15874.0,0.013794865244603383,0.01370058218296144,0.013567158753609476,-0.051047261663958565,-0.00208935121788123,0.035218414401927106,15581.0,-293.0,0
2024-10-14,15581.0,-0.01845785561295199,-0.01863032743346693,0.01370058218296144,0.013567158753609476,-0.051047261663958565,0.027078660472346767,15555.0,-26.0,0
2024-10-15,15555.0,-0.0016686990565432103,-0.00167009288561637,-0.01863032743346693,0.01370058218296144,0.013567158753609476,0.02710565781427879,15536.0,-19.0,0
2024-10-16,15536.0,-0.0012214721954355579,-0.0012222188006312251,-0.00167009288561637,-0.01863032743346693,0.01370058218296144,0.013384175723049927,15516.0,-20.0,0
2024-10-17,15516.0,-0.0012873326467559565,-0.0012881619712494796,-0.0012222188006312251,-0.00167009288561637,-0.01863032743346693,0.011447032639807913,15466.0,-50.0,0
2024-10-18,15466.0,-0.0032224800206238635,-0.0032276833908770897,-0.0012881619712494796,-0.0012222188006312251,-0.00167009288561637,0.007547332241181374,15465.0,-1.0,0
2024-10-21,15465.0,-6.465795939480934e-05,-6.466004981042772e-05,-0.0032276833908770897,-0.0012881619712494796,-0.0012222188006312251,0.001139727184964315,15560.0,95.0,1
2024-10-22,15560.0,0.006142903330100147,0.006124112613212773,-6.466004981042772e-05,-0.0032276833908770897,-0.0012881619712494796,0.0035727929639527986,15620.0,60.0,1
2024-10-23,15620.0,0.003856041131105492,0.0038486256612948466,0.006124112613212773,-6.466004981042772e-05,-0.0032276833908770897,0.0038269740654079377,15593.0,-27.0,0
2024-10-24,15593.0,-0.0017285531370038187,-0.0017300488087919064,0.0038486256612948466,0.006124112613212773,-6.466004981042772e-05,0.0038997012546214227,15629.0,36.0,1
2024-10-25,15629.0,0.0023087282755083205,0.0023060672573080865,-0.0017300488087919064,0.0038486256612948466,0.006124112613212773,0.003108400479648419,15729.0,100.0,1
2024-10-28,15729.0,0.0063983620193230895,0.006377979398449085,0.0023060672573080865,-0.0017300488087919064,0.0038486256612948466,0.0033167541331087327,15760.0,31.0,1
2024-10-29,15760.0,0.00197088181066829,0.0019689421712278943,0.006377979398449085,0.0023060672573080865,-0.0017300488087919064,0.0029603931772824946,15732.0,-28.0,0
2024-10-30,15732.0,-0.0017766497461928488,-0.0017782298601698443,0.0019689421712278943,0.006377979398449085,0.0023060672573080865,0.003384490151554891,15705.0,-27.0,0
2024-10-31,15705.0,-0.0017162471395880674,-0.0017177215789541123,-0.0017782298601698443,0.0019689421712278943,0.006377979398449085,0.0033816169468197633,15558.0,-147.0,0
2024-11-01,15558.0,-0.009360076408787,-0.009404157206027719,-0.0017177215789541123,-0.0017782298601698443,0.0019689421712278943,0.005808612002576933,16295.0,737.0,1
2024-11-06,16295.0,0.04737112739426652,0.04628333650494376,-0.009404157206027719,-0.0017177215789541123,-0.0017782298601698443,0.022308180269450306,16200.0,-95.0,0
2024-11-07,16200.0,-0.005830009205277653,-0.005847070051187231,0.04628333650494376,-0.009404157206027719,-0.0017177215789541123,0.02301759278495131,15415.0,-785.0,0
2024-11-09,15415.0,-0.04845679012345683,-0.04967018090022535,-0.005847070051187231,0.04628333650494376,-0.009404157206027719,0.03410271035209901,15609.0,194.0,1
2024-11-10,15609.0,0.012585144339928744,0.012506609638162303,-0.04967018090022535,-0.005847070051187231,0.04628333650494376,0.03493134992018231,15677.0,68.0,1
2024-11-11,15677.0,0.0043564610160804484,0.004346999110119043,0.012506609638162303,-0.04967018090022535,-0.005847070051187231,0.03466685042850232,15905.0,228.0,1
2024-11-12,15905.0,0.014543598902851285,0.014438855114713434,0.004346999110119043,0.012506609638162303,-0.04967018090022535,0.026304653865225125,15782.0,-123.0,0
2024-11-13,15782.0,-0.0077334171644136696,-0.007763475102263939,0.014438855114713434,0.004346999110119043,0.012506609638162303,0.026336848017360748,15873.0,91.0,1
2024-11-14,15873.0,0.005766062602965416,0.005749502491260827,-0.007763475102263939,0.014438855114713434,0.004346999110119043,0.008741775241481894,15888.0,15.0,1
2024-11-15,15888.0,0.00094500094500094,0.0009445547127118203,0.005749502491260827,-0.007763475102263939,0.014438855114713434,0.008043988799569338,15848.0,-40.0,0
2024-11-18,15848.0,-0.0025176233635447742,-0.00252079790656623,0.0009445547127118203,0.005749502491260827,-0.007763475102263939,0.008448622258986491,15816.0,-32.0,0
2024-11-19,15816.0,-0.002019182231196348,-0.002021223527934879,-0.00252079790656623,0.0009445547127118203,0.005749502491260827,0.004958896664690319,15858.0,42.0,1
2024-11-20,15858.0,0.0026555386949924653,0.0026520189818910467,-0.002021223527934879,-0.00252079790656623,0.0009445547127118203,0.003420750846212339,15942.0,84.0,1
2024-11-21,15942.0,0.005297010972379779,0.005283031155524753,0.0026520189818910467,-0.002021223527934879,-0.00252079790656623,0.003260086161974662,15911.0,-31.0,0
2024-11-22,15911.0,-0.0019445489900891122,-0.0019464420800119342,0.005283031155524753,0.0026520189818910467,-0.002021223527934879,0.0034911854614701125,15864.0,-47.0,0
2024-11-25,15864.0,-0.0029539312425366226,-0.0029583027082242808,-0.0019464420800119342,0.005283031155524753,0.0026520189818910467,0.0035834867754876145,15930.0,66.0,1
2024-11-26,15930.0,0.004160363086233021,0.004151732704462674,-0.0029583027082242808,-0.0019464420800119342,0.005283031155524753,0.0036879657293488466,15864.0,-66.0,0
2024-11-28,15864.0,-0.004143126177024503,-0.004151732704462674,0.004151732704462674,-0.0029583027082242808,-0.0019464420800119342,0.004327116784247291,15856.0,-8.0,0
2024-11-29,15856.0,-0.0005042864346949116,-0.0005044136298621993,-0.004151732704462674,0.004151732704462674,-0.0029583027082242808,0.003217786301734554,15559.0,-297.0,0
2024-12-01,15559.0,-0.018731079717457133,-0.018908728254807272,-0.0005044136298621993,-0.004151732704462674,0.004151732704462674,0.00867357271402133,15612.0,53.0,1
2024-12-02,15612.0,0.0034063885853845566,0.0034005999855430957,-0.018908728254807272,-0.0005044136298621993,-0.004151732704462674,0.009388183888140687,16297.0,685.0,1
2024-12-06,16297.0,0.04387650525236997,0.04294119247548345,0.0034005999855430957,-0.018908728254807272,-0.0005044136298621993,0.02305853321279912,16154.0,-143.0,0
2024-12-07,16154.0,-0.008774621095907209,-0.00881334477374729,0.04294119247548345,0.0034005999855430957,-0.018908728254807272,0.023586790339291955,15963.0,-191.0,0
2024-12-08,15963.0,-0.011823696917172222,-0.01189415273776362,-0.00881334477374729,0.04294119247548345,0.0034005999855430957,0.024612747518661663,15421.0,-542.0,0
2024-12-09,15421.0,-0.03395351750924014,-0.03454332740682098,-0.01189415273776362,-0.00881334477374729,0.04294119247548345,0.0285132570193154,15771.0,350.0,1
2024-12-11,15771.0,0.0226963231956423,0.022442593629900642,-0.03454332740682098,-0.01189415273776362,-0.00881334477374729,0.030575594938425727,15939.0,168.0,1
2024-12-12,15939.0,0.010652463382157196,0.010596125631495923,0.022442593629900642,-0.03454332740682098,-0.01189415273776362,0.021963946272683773,15987.0,48.0,1
2024-12-13,15987.0,0.0030114812723507356,0.003006955845838988,0.010596125631495923,0.022442593629900642,-0.03454332740682098,0.022011951787559422,16019.0,32.0,1
2024-12-16,16019.0,0.0020016263213862295,0.001999625736591071,0.003006955845838988,0.010596125631495923,0.022442593629900642,0.021329421455613288,16050.0,31.0,1
2024-12-17,16050.0,0.0019352019476870375,0.001933331856678322,0.001999625736591071,0.003006955845838988,0.010596125631495923,0.008846860054960834,16100.0,50.0,1
2024-12-18,16100.0,0.0031152647975076775,0.003110422414392744,0.001933331856678322,0.001999625736591071,0.003006955845838988,0.0036563434684609834,16277.0,177.0,1
2024-12-19,16277.0,0.010993788819875672,0.010933796418942876,0.003110422414392744,0.001933331856678322,0.001999625736591071,0.0038057170446146055,16270.0,-7.0,0
2024-12-20,16270.0,-0.00043005467838053146,-0.0004301471784149413,0.010933796418942876,0.003110422414392744,0.001933331856678322,0.004346386038684067,16159.0,-111.0,0
2024-12-23,16159.0,-0.006822372464658888,-0.006845751240835085,-0.0004301471784149413,0.010933796418942876,0.003110422414392744,0.006420007593319848,16208.0,49.0,1
2024-12-24,16208.0,0.0030323658642241735,0.00302777751621619,-0.006845751240835085,-0.0004301471784149413,0.010933796418942876,0.006446834458264006,16251.0,43.0,1
2024-12-27,16251.0,0.002653010858835181,0.0026494978375453115,0.00302777751621619,-0.006845751240835085,-0.0004301471784149413,0.0064295299973723755,16162.0,-89.0,0
2024-12-30,16162.0,-0.005476586056242683,-0.005491637532616167,0.0026494978375453115,0.00302777751621619,-0.006845751240835085,0.004564546413533239,16157.0,-5.0,0
2024-12-31,16157.0,-0.00030936765251821097,-0.00030941551656304966,-0.005491637532616167,0.0026494978375453115,0.00302777751621619,0.004571393101756357,16192.0,35.0,1
2025-01-07,16192.0,0.0021662437333662687,0.0021639008103626622,-0.00030941551656304966,-0.005491637532616167,0.0026494978375453115,0.003545812406299233,16494.0,302.0,1
2025-01-08,16494.0,0.018651185770750978,0.018479385306108043,0.0021639008103626622,-0.00030941551656304966,-0.005491637532616167,0.008975684897849608,16463.0,-31.0,0
2025-01-09,16463.0,-0.001879471322905335,-0.0018812397452787621,0.018479385306108043,0.0021639008103626622,-0.00030941551656304966,0.009305449507691637,16680.0,217.0,1
2025-01-10,16680.0,0.013181072708497776,0.013094958264716183,-0.0018812397452787621,0.018479385306108043,0.0021639008103626622,0.008975422066062722,16668.0,-12.0,0
2025-01-12,16668.0,-0.0007194244604316058,-0.0007196833703932981,0.013094958264716183,-0.0018812397452787621,0.018479385306108043,0.00905260365831042,16281.0,-387.0,0
2025-01-13,16281.0,-0.02321814254859611,-0.023491929810830925,-0.0007196833703932981,0.013094958264716183,-0.0018812397452787621,0.01630095118911285,16265.0,-16.0,0
2025-01-14,16265.0,-0.000982740617898159,-0.0009832238240630176,-0.023491929810830925,-0.0007196833703932981,0.013094958264716183,0.013127053168834614,16311.0,46.0,1
2025-01-15,16311.0,0.0028281586228096067,0.002824166906579606,-0.0009832238240630176,-0.023491929810830925,-0.0007196833703932981,0.01337536470665633,16378.0,67.0,1
2025-01-16,16378.0,0.0041076574091103435,0.004099244016103398,0.002824166906579606,-0.0009832238240630176,-0.023491929810830925,0.011306703293624178,16373.0,-5.0,0
2025-01-17,16373.0,-0.00030528758090120345,-0.0003053341906422702,0.004099244016103398,0.002824166906579606,-0.0009832238240630176,0.011335071740069551,16372.0,-1.0,0
2025-01-20,16372.0,-6.107616197392751e-05,-6.107802719768074e-05,-0.0003053341906422702,0.004099244016103398,0.002824166906579606,0.0022152886672538604,16331.0,-41.0,0
2025-01-21,16331.0,-0.0025042755924749027,-0.002507416535550533,-6.107802719768074e-05,-0.0003053341906422702,0.004099244016103398,0.002640264865820906,16327.0,-4.0,0
2025-01-22,16327.0,-0.00024493294960503675,-0.000244962950578298,-0.002507416535550533,-6.107802719768074e-05,-0.0003053341906422702,0.0024008148710170274,16276.0,-51.0,0
2025-01-23,16276.0,-0.0031236601947693954,-0.003128549004584258,-0.000244962950578298,-0.002507416535550533,-6.107802719768074e-05,0.0014513846588376119,16200.0,-76.0,0
2025-01-24,16200.0,-0.004669451953796977,-0.004680387901105476,-0.003128549004584258,-0.000244962950578298,-0.002507416535550533,0.0019670836405447545,16259.0,59.0,1
2025-01-30,16259.0,0.003641975308642076,0.0036353593750799718,-0.004680387901105476,-0.003128549004584258,-0.000244962950578298,0.003227346277332903,16312.0,53.0,1
2025-01-31,16312.0,0.003259733070914539,0.0032544316587355127,0.0036353593750799718,-0.004680387901105476,-0.003128549004584258,0.003717861951556493,16236.0,-76.0,0
2025-02-01,16236.0,-0.004659146640510037,-0.00467003429550239,0.0032544316587355127,0.0036353593750799718,-0.004680387901105476,0.004214927233024352,16493.0,257.0,1
2025-02-05,16493.0,0.015829021926582865,0.015705049489364242,-0.00467003429550239,0.0032544316587355127,0.0036353593750799718,0.008352964601488645,16297.0,-196.0,0
2025-02-06,16297.0,-0.011883829503425702,-0.011955006672163648,0.015705049489364242,-0.00467003429550239,0.0032544316587355127,0.010344798767699595,16236.0,-61.0,0
2025-02-07,16236.0,-0.003743020187764623,-0.003750042817200594,-0.011955006672163648,0.015705049489364242,-0.00467003429550239,0.010435915684586692,16418.0,182.0,1
2025-02-09,16418.0,0.01120965755112091,0.01114729494942246,-0.003750042817200594,-0.011955006672163648,0.015705049489364242,0.011633077935573735,16612.0,194.0,1
2025-02-10,16612.0,0.011816299183822654,0.01174703184243242,0.01114729494942246,-0.003750042817200594,-0.011955006672163648,0.011843336597764568,16632.0,20.0,1
2025-02-12,16632.0,0.001203948952564371,0.0012032247872060253,0.01174703184243242,0.01114729494942246,-0.003750042817200594,0.010082173365429466,16365.0,-267.0,0
2025-02-13,16365.0,-0.016053391053391097,-0.016183642602568327,0.0012032247872060253,0.01174703184243242,0.01114729494942246,0.01157808538171469,16285.0,-80.0,0
2025-02-14,16285.0,-0.00488848151542931,-0.004900469224947912,-0.016183642602568327,0.0012032247872060253,0.01174703184243242,0.01170268574270653,16208.0,-77.0,0
2025-02-17,16208.0,-0.004728277556033111,-0.00473949122186923,-0.004900469224947912,-0.016183642602568327,0.0012032247872060253,0.01018189030757081,16275.0,67.0,1
2025-02-18,16275.0,0.00413376110562691,0.004125240588306767,-0.00473949122186923,-0.004900469224947912,-0.016183642602568327,0.007791708569053924,16357.0,82.0,1
2025-02-19,16357.0,0.005038402457757218,0.005025752181754939,0.004125240588306767,-0.00473949122186923,-0.004900469224947912,0.008588775694956436,16344.0,-13.0,0
2025-02-20,16344.0,-0.0007947667665220148,-0.0007950827610674338,0.005025752181754939,0.004125240588306767,-0.00473949122186923,0.004718462939937326,16300.0,-44.0,0
2025-02-21,16300.0,-0.002692119432207485,-0.0026957497026049992,-0.0007950827610674338,0.005025752181754939,0.004125240588306767,0.004256414826159976,16303.0,3.0,1
2025-02-24,16303.0,0.00018404907975466678,0.00018403214480144925,-0.0026957497026049992,-0.0007950827610674338,0.005025752181754939,0.0032930976568001286,16316.0,13.0,1
2025-02-25,16316.0,0.0007973992516714379,0.0007970814977937835,0.00018403214480144925,-0.0026957497026049992,-0.0007950827610674338,0.0028530917448666006,16387.0,71.0,1
2025-02-26,16387.0,0.004351556754106367,0.004342116108775329,0.0007970814977937835,0.00018403214480144925,-0.0026957497026049992,0.002586061974247302,16431.0,44.0,1
2025-02-27,16431.0,0.002685055226704147,0.0026814569056075044,0.004342116108775329,0.0007970814977937835,0.00018403214480144925,0.0026619304238262014,16575.0,144.0,1
2025-02-28,16575.0,0.008763921855030166,0.008725741602232162,0.0026814569056075044,0.004342116108775329,0.0007970814977937835,0.0034231020560590284,16217.0,-358.0,0
2025-03-01,16217.0,-0.021598793363499236,-0.021835461334688944,0.008725741602232162,0.0026814569056075044,0.004342116108775329,0.011979259350848842,16453.0,236.0,1
2025-03-02,16453.0,0.014552629956218865,0.014447756667275158,-0.021835461334688944,0.008725741602232162,0.0026814569056075044,0.013907951773847094,16506.0,53.0,1
2025-03-03,16506.0,0.0032212970278977515,0.003216119765980352,0.014447756667275158,-0.021835461334688944,0.008725741602232162,0.013862958085830232,16288.0,-218.0,0
2025-03-06,16288.0,-0.013207318550830016,-0.013295310802380556,0.003216119765980352,0.014447756667275158,-0.021835461334688944,0.01527654060643256,16209.0,-79.0,0
2025-03-07,16209.0,-0.004850196463654255,-0.0048619968380734235,-0.013295310802380556,0.003216119765980352,0.014447756667275158,0.014111669682575935,16424.0,215.0,1
2025-03-09,16424.0,0.013264235918317047,0.013177036186593938,-0.0048619968380734235,-0.013295310802380556,0.003216119765980352,0.011842137869272216,16611.0,187.0,1
2025-03-10,16611.0,0.011385776911836398,0.011321446792306844,0.013177036186593938,-0.0048619968380734235,-0.013295310802380556,0.01111630324259928,16664.0,53.0,1
2025-03-11,16664.0,0.0031906567936910157,0.003185577449730914,0.011321446792306844,0.013177036186593938,-0.0048619968380734235,0.011115415451862435,16632.0,-32.0,0
2025-03-12,16632.0,-0.0019203072491598139,-0.0019221534029583154,0.003185577449730914,0.011321446792306844,0.013177036186593938,0.007936148020451696,16428.0,-204.0,0
2025-03-13,16428.0,-0.012265512265512313,-0.012341354461399945,-0.0019221534029583154,0.003185577449730914,0.011321446792306844,0.010391568712692293,16392.0,-36.0,0
2025-03-14,16392.0,-0.0021913805697589828,-0.0021937851577131795,-0.012341354461399945,-0.0019221534029583154,0.003185577449730914,0.008636821586397218,16379.0,-13.0,0
2025-03-17,16379.0,-0.0007930697901414874,-0.000793384436356348,-0.0021937851577131795,-0.012341354461399945,-0.0019221534029583154,0.00574517954170692,16432.0,53.0,1
2025-03-18,16432.0,0.003235850784541139,0.0032306266859603028,-0.000793384436356348,-0.0021937851577131795,-0.012341354461399945,0.005756961869771491,16528.0,96.0,1
2025-03-19,16528.0,0.0058422590068158975,0.005825259191079013,0.0032306266859603028,-0.000793384436356348,-0.0021937851577131795,0.006968726167811646,16481.0,-47.0,0
2025-03-20,16481.0,-0.0028436592449176956,-0.0028477101252395443,0.005825259191079013,0.0032306266859603028,-0.000793384436356348,0.0037365499606294454,16501.0,20.0,1
2025-03-21,16501.0,0.0012135185971724471,0.0012127828786248074,-0.0028477101252395443,0.005825259191079013,0.0032306266859603028,0.0033836149167589227,16561.0,60.0,1
2025-03-24,16561.0,0.0036361432640446,0.003629548476686395,0.0012127828786248074,-0.0028477101252395443,0.005825259191079013,0.0032673295431870637,16622.0,61.0,1
2025-03-25,16622.0,0.0036833524545618612,0.0036765855234808242,0.003629548476686395,0.0012127828786248074,-0.0028477101252395443,0.0033079864466246515,16588.0,-34.0,0
2025-03-26,16588.0,-0.0020454818914691364,-0.00204757674669942,0.0036765855234808242,0.003629548476686395,0.0012127828786248074,0.003075614986164725,16566.0,-22.0,0
2025-03-27,16566.0,-0.0013262599469495706,-0.0013271402080636818,-0.00204757674669942,0.0036765855234808242,0.003629548476686395,0.002684355540003459,16365.0,-201.0,0
2025-04-02,16365.0,-0.012133285041651565,-0.01220749422292755,-0.0013271402080636818,-0.00204757674669942,0.0036765855234808242,0.006480142734437332,16443.0,78.0,1
2025-04-03,16443.0,0.004766269477543439,0.004754946778945168,-0.01220749422292755,-0.0013271402080636818,-0.00204757674669942,0.006724528704209349,16305.0,-138.0,0
2025-04-06,16305.0,-0.00839262908228422,-0.008428045490806113,0.004754946778945168,-0.01220749422292755,-0.0013271402080636818,0.006604257428838396,16204.0,-101.0,0
2025-04-07,16204.0,-0.006194418889911124,-0.006213683900838873,-0.008428045490806113,0.004754946778945168,-0.01220749422292755,0.0065826096335917725,16388.0,184.0,1
2025-04-08,16388.0,0.011355220933102927,0.011291234344179557,-0.006213683900838873,-0.008428045490806113,0.004754946778945168,0.009816122962871298,16438.0,50.0,1
2025-04-09,16438.0,0.003051012936294839,0.003046368041683678,0.011291234344179557,-0.006213683900838873,-0.008428045490806113,0.00814035793462407,16724.0,286.0,1
2025-04-11,16724.0,0.017398710305389864,0.017249085768010985,0.003046368041683678,0.011291234344179557,-0.006213683900838873,0.011028585403585235,16646.0,-78.0,0
2025-04-12,16646.0,-0.004663955991389579,-0.004674866170415015,0.017249085768010985,0.003046368041683678,0.011291234344179557,0.010112924260645053,16773.0,127.0,1
2025-04-14,16773.0,0.007629460531058507,0.007600503388713875,-0.004674866170415015,0.017249085768010985,0.003046368041683678,0.008302186399482001,16815.0,42.0,1
2025-04-15,16815.0,0.0025040243248077854,0.002500894479615212,0.007600503388713875,-0.004674866170415015,0.017249085768010985,0.00806789484714239,16845.0,30.0,1
2025-04-16,16845.0,0.001784121320249854,0.0017825316662829493,0.002500894479615212,0.007600503388713875,-0.004674866170415015,0.00816922067657249,16833.0,-12.0,0
2025-04-17,16833.0,-0.0007123775601068916,-0.000712631421571075,0.0017825316662829493,0.002500894479615212,0.007600503388713875,0.0045033608493712796,16808.0,-25.0,0
2025-04-21,16808.0,-0.0014851779243153507,-0.001486281894244712,-0.000712631421571075,0.0017825316662829493,0.002500894479615212,0.0035761890918208556,16862.0,54.0,1
2025-04-22,16862.0,0.0032127558305568016,0.0032076059577850202,-0.001486281894244712,-0.000712631421571075,0.0017825316662829493,0.0020515970290903933,16880.0,18.0,1
2025-04-23,16880.0,0.0010674890285848893,0.001066919667326971,0.0032076059577850202,-0.001486281894244712,-0.000712631421571075,0.001893693159092148,16884.0,4.0,1
2025-04-24,16884.0,0.00023696682464446894,0.00023693875244035212,0.001066919667326971,0.0032076059577850202,-0.001486281894244712,0.0018118010693028528,16829.0,-55.0,0
2025-04-25,16829.0,-0.003257521914238337,-0.00326283918931658,0.00023693875244035212,0.001066919667326971,0.0032076059577850202,0.0024661230115245168,16862.0,33.0,1
2025-04-28,16862.0,0.0019609008259551253,0.0019589807695492567,-0.00326283918931658,0.00023693875244035212,0.001066919667326971,0.002444850279878395,16787.0,-75.0,0
2025-04-29,16787.0,-0.004447870952437483,-0.0044577921602080295,0.0019589807695492567,-0.00326283918931658,0.00023693875244035212,0.0028096134758468566,16679.0,-108.0,0
2025-04-30,16679.0,-0.006433549770655911,-0.006454334245241,-0.0044577921602080295,0.0019589807695492567,-0.00326283918931658,0.003441318705575917,16308.0,-371.0,0
2025-05-02,16308.0,-0.02224353978056237,-0.022494658138029422,-0.006454334245241,-0.0044577921602080295,0.0019589807695492567,0.009233877361192112,16371.0,63.0,1
2025-05-03,16371.0,0.003863134657836609,0.0038556919151986335,-0.022494658138029422,-0.006454334245241,-0.0044577921602080295,0.010416081613005654,16421.0,50.0,1
2025-05-05,16421.0,0.0030541811740272262,0.003049526637495248,0.0038556919151986335,-0.022494658138029422,-0.006454334245241,0.010621197662041993,16277.0,-144.0,0
2025-05-06,16277.0,-0.008769258875829689,-0.008807935100339392,0.003049526637495248,0.0038556919151986335,-0.022494658138029422,0.010712704841612526,16388.0,111.0,1
2025-05-08,16388.0,0.006819438471462824,0.0067962912752630444,-0.008807935100339392,0.003049526637495248,0.0038556919151986335,0.012165373874140658,16729.0,341.0,1
2025-05-11,16729.0,0.020807908225530802,0.020594380664519463,0.0067962912752630444,-0.008807935100339392,0.003049526637495248,0.010513522359663286,16655.0,-74.0,0
2025-05-12,16655.0,-0.004423456273537019,-0.004433268703500914,0.020594380664519463,0.0067962912752630444,-0.008807935100339392,0.01137640332719484,16568.0,-87.0,0
2025-05-14,16568.0,-0.005223656559591672,-0.005237347552359495,-0.004433268703500914,0.020594380664519463,0.0067962912752630444,0.012032210030866462,16535.0,-33.0,0
2025-05-15,16535.0,-0.0019917914051182928,-0.0019937776595266854,-0.005237347552359495,-0.004433268703500914,0.020594380664519463,0.010861788021436876,16424.0,-111.0,0
2025-05-16,16424.0,-0.006713032960387055,-0.006735666717123223,-0.0019937776595266854,-0.005237347552359495,-0.004433268703500914,0.011397297301729083,16455.0,31.0,1
2025-05-19,16455.0,0.0018874817340477357,0.0018857026786704978,-0.006735666717123223,-0.0019937776595266854,-0.005237347552359495,0.0033704267952397544,16406.0,-49.0,0
2025-05-20,16406.0,-0.002977818292312362,-0.0029822608147451746,0.0018857026786704978,-0.006735666717123223,-0.0019937776595266854,0.0033107029460093967,16413.0,7.0,1
2025-05-21,16413.0,0.00042667316835309776,0.00042658216923996406,-0.0029822608147451746,0.0018857026786704978,-0.006735666717123223,0.0033281474361767692,16313.0,-100.0,0
2025-05-22,16313.0,-0.006092731371473814,-0.006111367795632816,0.00042658216923996406,-0.0029822608147451746,0.0018857026786704978,0.0038343133186797404,16289.0,-24.0,0
2025-05-23,16289.0,-0.001471219272972446,-0.0014723025786977928,-0.006111367795632816,0.00042658216923996406,-0.0029822608147451746,0.003103372445355417,16207.0,-82.0,0
2025-05-26,16207.0,-0.005034072073178186,-0.005046785699484246,-0.0014723025786977928,-0.006111367795632816,0.00042658216923996406,0.0026428512767878725,16255.0,48.0,1
2025-05-27,16255.0,0.0029616832232985946,0.0029573060798853135,-0.005046785699484246,-0.0014723025786977928,-0.006111367795632816,0.0037687652289307614,16300.0,45.0,1
2025-05-28,16300.0,0.002768378960319895,0.0027645540568475013,0.0029573060798853135,-0.005046785699484246,-0.0014723025786977928,0.004237605925881155,16193.0,-107.0,0
2025-06-01,16193.0,-0.006564417177914117,-0.006586057721381877,0.0027645540568475013,0.0029573060798853135,-0.005046785699484246,0.00437320573052667,16330.0,137.0,1
2025-06-02,16330.0,0.00846044587167305,0.008424856891039667,-0.006586057721381877,0.0027645540568475013,0.0029573060798853135,0.0062239240459990375,16315.0,-15.0,0
2025-06-03,16315.0,-0.0009185548071034555,-0.0009189769370898659,0.008424856891039667,-0.006586057721381877,0.0027645540568475013,0.005539966561253069,16472.0,157.0,1
2025-06-05,16472.0,0.009623046276432623,0.00957703968020418,-0.0009189769370898659,0.008424856891039667,-0.006586057721381877,0.00669679598801485,16379.0,-93.0,0
2025-06-08,16379.0,-0.005645944633317135,-0.0056619432252453805,0.00957703968020418,-0.0009189769370898659,0.008424856891039667,0.00765344515453489,16598.0,219.0,1
2025-06-10,16598.0,0.013370779656877607,0.013282179676012973,-0.0056619432252453805,0.00957703968020418,-0.0009189769370898659,0.00790517449526278,16707.0,109.0,1
2025-06-11,16707.0,0.006567056271840066,0.006545587099385131,0.013282179676012973,-0.0056619432252453805,0.00957703968020418,0.00774107323064693,16293.0,-414.0,0
2025-06-13,16293.0,-0.024780032321781276,-0.0250922255548236,0.006545587099385131,0.013282179676012973,-0.0056619432252453805,0.015590814002973444,16296.0,3.0,1
2025-06-16,16296.0,0.00018412815319468478,0.00018411120368710954,-0.0250922255548236,0.006545587099385131,0.013282179676012973,0.014644904629309872,16281.0,-15.0,0
2025-06-17,16281.0,-0.0009204712812960203,-0.0009208951751276118,0.00018411120368710954,-0.0250922255548236,0.006545587099385131,0.014513439914985816,16319.0,38.0,1
2025-06-18,16319.0,0.0023340089675081277,0.0023312893994198447,-0.0009208951751276118,0.00018411120368710954,-0.0250922255548236,0.01246300912757829,16378.0,59.0,1
2025-06-19,16378.0,0.003615417611373184,0.003608897699200142,0.0023312893994198447,-0.0009208951751276118,0.00018411120368710954,0.011935741802549561,16399.0,21.0,1
2025-06-20,16399.0,0.0012822078397851655,0.0012813865133125546,0.003608897699200142,0.0023312893994198447,-0.0009208951751276118,0.0017728825247502278,16484.0,85.0,1
2025-06-23,16484.0,0.005183242880663519,0.005169856115260885,0.0012813865133125546,0.003608897699200142,0.0023312893994198447,0.002310943089828035,16370.0,-114.0,0
2025-06-24,16370.0,-0.006915797136617274,-0.006939822093526615,0.005169856115260885,0.0012813865133125546,0.003608897699200142,0.0047181972735266895,16292.0,-78.0,0
2025-06-25,16292.0,-0.004764813683567515,-0.004776201596877527,-0.006939822093526615,0.005169856115260885,0.0012813865133125546,0.0052872097720345415,16233.0,-59.0,0
2025-06-26,16233.0,-0.0036214092806284848,-0.003627982457457435,-0.004776201596877527,-0.006939822093526615,0.005169856115260885,0.00491651818217038,16231.0,-2.0,0
2025-06-30,16231.0,-0.0001232058153144422,-0.0001232134057751466,-0.003627982457457435,-0.004776201596877527,-0.006939822093526615,0.004734737166277227,16169.0,-62.0,0
2025-07-01,16169.0,-0.0038198509025938465,-0.0038271651652568295,-0.0001232134057751466,-0.003627982457457435,-0.004776201596877527,0.0024669418064086784,16325.0,156.0,1
2025-07-02,16325.0,0.009648092027954691,0.009601846404818204,-0.0038271651652568295,-0.0001232134057751466,-0.003627982457457435,0.005943835003907586,16336.0,11.0,1
2025-07-03,16336.0,0.000673813169984605,0.0006735862598148401,0.009601846404818204,-0.0038271651652568295,-0.0001232134057751466,0.005454790674402198,16533.0,197.0,1
2025-07-05,16533.0,0.0120592556317336,0.011987122146898344,0.0006735862598148401,0.009601846404818204,-0.0038271651652568295,0.006781140855503204,16237.0,-296.0,0
2025-07-07,16237.0,-0.017903586765862234,-0.01806579496423133,0.011987122146898344,0.0006735862598148401,0.009601846404818204,0.012013878339672468,16312.0,75.0,1
2025-07-08,16312.0,0.004619079879288002,0.004608444667177025,-0.01806579496423133,0.011987122146898344,0.0006735862598148401,0.011921038700838193,16560.0,248.0,1
2025-07-10,16560.0,0.015203531142716997,0.015089115684959964,0.004608444667177025,-0.01806579496423133,0.011987122146898344,0.013024803035692062,16704.0,144.0,1
2025-07-11,16704.0,0.008695652173912993,0.008658062743114314,0.015089115684959964,0.004608444667177025,-0.01806579496423133,0.013178512503177189,16247.0,-457.0,0
2025-07-14,16247.0,-0.0273587164750958,-0.02773993535261532,0.008658062743114314,0.015089115684959964,0.004608444667177025,0.018431338377313648,16281.0,34.0,1
2025-07-15,16281.0,0.002092694035821907,0.0020905074017640857,-0.02773993535261532,0.008658062743114314,0.015089115684959964,0.016555140900944065,16288.0,7.0,1
2025-07-16,16288.0,0.0004299490203305556,0.0004298566187355135,0.0020905074017640857,-0.02773993535261532,0.008658062743114314,0.01640326862032247,16329.0,41.0,1
2025-07-17,16329.0,0.002517190569744532,0.0025140277520598886,0.0004298566187355135,0.0020905074017640857,-0.02773993535261532,0.014281763316427108,16301.0,-28.0,0
2025-07-18,16301.0,-0.0017147406454773861,-0.001716212496019054,0.0025140277520598886,0.0004298566187355135,0.0020905074017640857,0.012884489688949145,16330.0,29.0,1
2025-07-21,16330.0,0.0017790319612294159,0.0017774513582207163,-0.001716212496019054,0.0025140277520598886,0.0004298566187355135,0.0017166072495469274,16307.0,-23.0,0
2025-07-22,16307.0,-0.0014084507042253502,-0.001409443503233021,0.0017774513582207163,-0.001716212496019054,0.0025140277520598886,0.0018766408248484063,16298.0,-9.0,0
2025-07-23,16298.0,-0.0005519102226038131,-0.0005520625811126223,-0.001409443503233021,0.0017774513582207163,-0.001716212496019054,0.0019131791529496296,16283.0,-15.0,0
2025-07-24,16283.0,-0.0009203583261749859,-0.0009207821159442631,-0.0005520625811126223,-0.001409443503233021,0.0017774513582207163,0.0013831303785318448,16325.0,42.0,1
2025-07-25,16325.0,0.002579377264631866,0.0025760563804109182,-0.0009207821159442631,-0.0005520625811126223,-0.001409443503233021,0.001767883353562987,16341.0,16.0,1
2025-07-28,16341.0,0.0009800918836140315,0.0009796119071516785,0.0025760563804109182,-0.0009207821159442631,-0.0005520625811126223,0.0016312695671336583,16399.0,58.0,1
2025-07-29,16399.0,0.0035493543846765174,0.0035430702916627865,0.0009796119071516785,0.0025760563804109182,-0.0009207821159442631,0.001934653034731705,16387.0,-12.0,0
2025-07-30,16387.0,-0.0007317519360936497,-0.0007320197972227049,0.0035430702916627865,0.0009796119071516785,0.0025760563804109182,0.001974911422683807,16459.0,72.0,1
2025-07-31,16459.0,0.0043937267346068065,0.004384102497844822,-0.0007320197972227049,0.0035430702916627865,0.0009796119071516785,0.0020487330909768338,16201.0,-258.0,0
2025-08-01,16201.0,-0.015675314417643804,-0.015799471333650672,0.004384102497844822,-0.0007320197972227049,0.0035430702916627865,0.008235066166350795,16849.0,648.0,1
2025-08-04,16849.0,0.03999753101660386,0.03921833912796657,-0.015799471333650672,0.004384102497844822,-0.0007320197972227049,0.020202520383737814,16497.0,-352.0,0
2025-08-05,16497.0,-0.020891447563653576,-0.02111276166245979,0.03921833912796657,-0.015799471333650672,0.004384102497844822,0.023696552113426368,16238.0,-259.0,0
2025-08-07,16238.0,-0.015699824210462454,-0.01582437175353313,-0.02111276166245979,0.03921833912796657,-0.015799471333650672,0.024931880355811294,16299.0,61.0,1
2025-08-08,16299.0,0.003756620273432709,0.0037495817972406087,-0.01582437175353313,-0.02111276166245979,0.03921833912796657,0.024893949022356514,16348.0,49.0,1
2025-08-09,16348.0,0.0030063194060985232,0.003001809464535654,0.0037495817972406087,-0.01582437175353313,-0.02111276166245979,0.023669549174327273,16606.0,258.0,1
2025-08-10,16606.0,0.015781747002691526,0.015658510137807724,0.003001809464535654,0.0037495817972406087,-0.01582437175353313,0.015183959594334613,16688.0,82.0,1
2025-08-12,16688.0,0.0049379742261832504,0.004925822418577752,0.015658510137807724,0.003001809464535654,0.0037495817972406087,0.011362563377970945,16237.0,-451.0,0
2025-08-13,16237.0,-0.027025407478427632,-0.02739730965343945,0.004925822418577752,0.015658510137807724,0.003001809464535654,0.016148798001973705,16109.0,-128.0,0
2025-08-14,16109.0,-0.00788322966065158,-0.007914466589149072,-0.02739730965343945,0.004925822418577752,0.015658510137807724,0.016311167833371956,16162.0,53.0,1
2025-08-15,16162.0,0.0032900862871687586,0.003284685795428288,-0.007914466589149072,-0.02739730965343945,0.004925822418577752,0.016334823560553956,16241.0,79.0,1
2025-08-19,16241.0,0.004888008909788466,0.004876101381210418,0.003284685795428288,-0.007914466589149072,-0.02739730965343945,0.013904037211278013,16291.0,50.0,1
2025-08-20,16291.0,0.003078628163290409,0.0030738988915661736,0.004876101381210418,0.003284685795428288,-0.007914466589149072,0.013613637310012293,16283.0,-8.0,0
2025-08-21,16283.0,-0.0004910686882327875,-0.0004911893019485802,0.0030738988915661736,0.004876101381210418,0.003284685795428288,0.005130637041894051,16340.0,57.0,1
2025-08-22,16340.0,0.003500583430571691,0.0034944706497732625,-0.0004911893019485802,0.0030738988915661736,0.004876101381210418,0.0019951834924765814,16255.0,-85.0,0
2025-08-25,16255.0,-0.005201958384332905,-0.005215535675988647,0.0034944706497732625,-0.0004911893019485802,0.0030738988915661736,0.004071095608384375,16277.0,22.0,1
2025-08-26,16277.0,0.0013534297139341511,0.0013525146534920651,-0.005215535675988647,0.0034944706497732625,-0.0004911893019485802,0.0035338383705231513,16355.0,78.0,1
2025-08-27,16355.0,0.004792037844811636,0.004780592580987175,0.0013525146534920651,-0.005215535675988647,0.0034944706497732625,0.003913538943549182,16356.0,1.0,1
2025-08-28,16356.0,6.114338122897855e-05,6.11415120470582e-05,0.004780592580987175,0.0013525146534920651,-0.005215535675988647,0.003876156685052609,16461.0,105.0,1
2025-08-29,16461.0,0.006419662509171031,0.006399144242552168,6.11415120470582e-05,0.004780592580987175,0.0013525146534920651,0.004526350718731435,16238.0,-223.0,0
2025-09-01,16238.0,-0.013547172103760441,-0.013639772304692599,0.006399144242552168,6.11415120470582e-05,0.004780592580987175,0.007928753893649124,16943.0,705.0,1
2025-09-04,16943.0,0.04341667693065654,0.042500594735715325,-0.013639772304692599,0.006399144242552168,6.11415120470582e-05,0.02082379355019952,16532.0,-411.0,0
2025-09-05,16532.0,-0.024257805583426828,-0.02455687252648353,0.042500594735715325,-0.013639772304692599,0.006399144242552168,0.025559552818622114,16254.0,-278.0,0
2025-09-07,16254.0,-0.01681587224776193,-0.016958864318473488,-0.02455687252648353,0.042500594735715325,-0.013639772304692599,0.027000505197205545,16462.0,208.0,1
2025-09-09,16462.0,0.012796850006152383,0.012715662219440205,-0.016958864318473488,-0.02455687252648353,0.042500594735715325,0.027589283862975954,16534.0,72.0,1
2025-09-10,16534.0,0.004373709148341565,0.004364172280030942,0.012715662219440205,-0.016958864318473488,-0.02455687252648353,0.026516085039471064,16677.0,143.0,1
2025-09-12,16677.0,0.008648844804644895,0.008611657808957673,0.004364172280030942,0.012715662219440205,-0.016958864318473488,0.016548840139200594,16405.0,-272.0,0
2025-09-15,16405.0,-0.016309887869520923,-0.016444358226376465,0.008611657808957673,0.004364172280030942,0.012715662219440205,0.01415115326916152,16385.0,-20.0,0
2025-09-16,16385.0,-0.0012191405059432947,-0.0012198842622872519,-0.016444358226376465,0.008611657808957673,0.004364172280030942,0.011334818070267701,16430.0,45.0,1
2025-09-17,16430.0,0.0027464144034177185,0.002742649898399563,-0.0012198842622872519,-0.016444358226376465,0.008611657808957673,0.009642051326378513,16498.0,68.0,1
2025-09-18,16498.0,0.004138770541691983,0.004130229389362583,0.002742649898399563,-0.0012198842622872519,-0.016444358226376465,0.009613745178963485,16578.0,80.0,1
2025-09-19,16578.0,0.0048490726148624486,0.004837353730794192,0.004130229389362583,0.002742649898399563,-0.0012198842622872519,0.008843018485329677,16607.0,29.0,1
2025-09-22,16607.0,0.0017493063095668226,0.0017477780552823674,0.004837353730794192,0.004130229389362583,0.002742649898399563,0.00237536368602599,16636.0,29.0,1
2025-09-23,16636.0,0.0017462515806587753,0.0017447286560479114,0.0017477780552823674,0.004837353730794192,0.004130229389362583,0.0014013441356079271,16680.0,44.0,1
2025-09-24,16680.0,0.002644866554460279,0.0026413750499365563,0.0017447286560479114,0.0017477780552823674,0.004837353730794192,0.0014074450238648402,16752.0,72.0,1
2025-09-25,16752.0,0.004316546762589857,0.004307257197579517,0.0026413750499365563,0.0017447286560479114,0.0017477780552823674,0.0014440962812125753,16775.0,23.0,1
2025-09-26,16775.0,0.0013729703915950076,0.001372028729564434,0.004307257197579517,0.0026413750499365563,0.0017447286560479114,0.001183259227953345,16680.0,-95.0,0
2025-09-29,16680.0,-0.005663189269746627,-0.005679285927143951,0.001372028729564434,0.004307257197579517,0.0026413750499365563,0.003836097468028151,16692.0,12.0,1
2025-09-30,16692.0,0.0007194244604316058,0.0007191657987046796,-0.005679285927143951,0.001372028729564434,0.004307257197579517,0.0038054116296562654,16194.0,-498.0,0
2025-10-01,16194.0,-0.029834651329978423,-0.030288759465383563,0.0007191657987046796,-0.005679285927143951,0.001372028729564434,0.014104460212274211,16350.0,156.0,1
2025-10-02,16350.0,0.009633197480548361,0.009587094079339664,-0.030288759465383563,0.0007191657987046796,-0.005679285927143951,0.015214933591926324,16326.0,-24.0,0
2025-10-03,16326.0,-0.0014678899082568586,-0.0014689683140982623,0.009587094079339664,-0.030288759465383563,0.0007191657987046796,0.01497527226941693,16779.0,453.0,1
2025-10-04,16779.0,0.027747151782433033,0.027369175478396457,-0.0014689683140982623,0.009587094079339664,-0.030288759465383563,0.02094077543911526,16276.0,-503.0,0
2025-10-06,16276.0,-0.02997794862625902,-0.03043647436811625,0.027369175478396457,-0.0014689683140982623,0.009587094079339664,0.02529594473819854,16220.0,-56.0,0
2025-10-07,16220.0,-0.003440648808060942,-0.0034465814521773552,-0.03043647436811625,0.027369175478396457,-0.0014689683140982623,0.021100267665085604,16457.0,237.0,1
2025-10-09,16457.0,0.01461159062885331,0.014505869925979908,-0.0034465814521773552,-0.03043647436811625,0.027369175478396457,0.021745101925228456,16585.0,128.0,1
2025-10-10,16585.0,0.007777845293795993,0.007747753785769973,0.014505869925979908,-0.0034465814521773552,-0.03043647436811625,0.02184164433369976,16666.0,81.0,1
2025-10-11,16666.0,0.004883931263189645,0.004872043560999018,0.007747753785769973,0.014505869925979908,-0.0034465814521773552,0.01748792580014591,16688.0,22.0,1
2025-10-12,16688.0,0.001320052802112004,0.0013191822984008894,0.004872043560999018,0.007747753785769973,0.014505869925979908,0.006760570304122725,16580.0,-108.0,0
2025-10-13,16580.0,-0.006471716203259814,-0.006492748551266914,0.0013191822984008894,0.004872043560999018,0.007747753785769973,0.0077733814608509965,16577.0,-3.0,0
2025-10-14,16577.0,-0.0001809408926417566,-0.0001809572644209112,-0.006492748551266914,0.0013191822984008894,0.004872043560999018,0.005411479179477252,16577.0,0.0,0
2025-10-15,16577.0,0.0,0.0,-0.0001809572644209112,-0.006492748551266914,0.0013191822984008894,0.004111539319299329,16580.0,3.0,1
2025-10-16,16580.0,0.00018097363817326517,0.0001809572644209112,0.0,-0.0001809572644209112,-0.006492748551266914,0.0031067812602007107,16590.0,10.0,1
2025-10-17,16590.0,0.0006031363088057073,0.0006029544952035337,0.0001809572644209112,0.0,-0.0001809572644209112,0.0029852509999914617,16585.0,-5.0,0
2025-10-20,16585.0,-0.0003013863773357883,-0.0003014318033365271,0.0006029544952035337,0.0001809572644209112,0.0,0.0003541620856719599,16589.0,4.0,1
2025-10-21,16589.0,0.00024118179077481372,0.00024115271112101766,-0.0003014318033365271,0.0006029544952035337,0.0001809572644209112,0.00033188347711141255,16617.0,28.0,1
2025-10-22,16617.0,0.0016878654530110282,0.0016864426089391316,0.00024115271112101766,-0.0003014318033365271,0.0006029544952035337,0.0007462760083741019,16645.0,28.0,1
2025-10-23,16645.0,0.0016850213636636635,0.0016836033079119517,0.0016864426089391316,0.00024115271112101766,-0.0003014318033365271,0.0008844915250798998,16630.0,-15.0,0
2025-10-24,16630.0,-0.00090117152297986,-0.0009015778221517223,0.0016836033079119517,0.0016864426089391316,0.00024115271112101766,0.0011705332384078422,16628.0,-2.0,0
2025-10-27,16628.0,-0.00012026458208058699,-0.00012027181444551616,-0.0009015778221517223,0.0016836033079119517,0.0016864426089391316,0.001142707928635697,16622.0,-6.0,0
2025-10-28,16622.0,-0.0003608371421698342,-0.0003609022595565392,-0.00012027181444551616,-0.0009015778221517223,0.0016836033079119517,0.0012089561185612237,16631.0,9.0,1
2025-10-29,16631.0,0.0005414510889183433,0.0005413045571689423,-0.0003609022595565392,-0.00012027181444551616,-0.0009015778221517223,0.0009928801169492769,16640.0,9.0,1
2025-10-30,16640.0,0.0005411580782874736,0.0005410117050583807,0.0005413045571689423,-0.0003609022595565392,-0.00012027181444551616,0.0006174970231313439,16625.0,-15.0,0
2025-10-31,16625.0,-0.0009014423076922906,-0.0009018488511447487,0.0005410117050583807,0.0005413045571689423,-0.0003609022595565392,0.0006175893639428367,16380.0,-245.0,0
2025-11-02,16380.0,-0.01473684210526316,-0.014846508116994173,-0.0009018488511447487,0.0005410117050583807,0.0005413045571689423,0.00664805020984317,16430.0,50.0,1
2025-11-03,16430.0,0.0030525030525030417,0.003047853624254415,-0.014846508116994173,-0.0009018488511447487,0.0005410117050583807,0.007143367490352858,16805.0,375.0,1
2025-11-04,16805.0,0.022824102251978173,0.022567529127892172,0.003047853624254415,-0.014846508116994173,-0.0009018488511447487,0.013401885707445117,16265.0,-540.0,0
2025-11-06,16265.0,-0.032133293662600426,-0.0326609012517558,0.022567529127892172,0.003047853624254415,-0.014846508116994173,0.020631512523810142,16221.0,-44.0,0
2025-11-07,16221.0,-0.0027051952044266914,-0.002708860857335793,-0.0326609012517558,0.022567529127892172,0.003047853624254415,0.020567165888506565,16253.0,32.0,1
2025-11-08,16253.0,0.001972751371678738,0.001970808053060935,-0.002708860857335793,-0.0326609012517558,0.022567529127892172,0.01990240229412006,16468.0,215.0,1
2025-11-09,16468.0,0.013228327078077973,0.013141596786619303,0.001970808053060935,-0.002708860857335793,-0.0326609012517558,0.020969525747740282,16698.0,230.0,1
2025-11-11,16698.0,0.013966480446927276,0.013869847864150131,0.013141596786619303,0.001970808053060935,-0.002708860857335793,0.018939843404181447,16668.0,-30.0,0
2025-11-12,16668.0,-0.0017966223499820133,-0.0017982382116006335,0.013869847864150131,0.013141596786619303,0.001970808053060935,0.008057966383935019,16732.0,64.0,1
2025-11-13,16732.0,0.0038396928245740813,0.003832340019744862,-0.0017982382116006335,0.013869847864150131,0.013141596786619303,0.006972732095614932,16710.0,-22.0,0
2025-11-14,16710.0,-0.0013148458044465183,-0.0013157109726495975,0.003832340019744862,-0.0017982382116006335,0.013869847864150131,0.007598306994223426,16734.0,24.0,1
2025-11-17,16734.0,0.0014362657091562259,0.001435235266104229,-0.0013157109726495975,0.003832340019744862,-0.0017982382116006335,0.0063783583803689575,16760.0,26.0,1
2025-11-18,16760.0,0.0015537229592446078,0.0015525171805297333,0.001435235266104229,-0.0013157109726495975,0.003832340019744862,0.002311638829679888,16732.0,-28.0,0
2025-11-19,16732.0,-0.0016706443914080715,-0.0016720414739843648,0.0015525171805297333,0.001435235266104229,-0.0013157109726495975,0.002277415856883858,16742.0,10.0,1
2025-11-20,16742.0,0.0005976571838393063,0.0005974786579123759,-0.0016720414739843648,0.0015525171805297333,0.001435235266104229,0.0015233690062261896,16719.0,-23.0,0
2025-11-21,16719.0,-0.0013737904670887424,-0.001374734982356074,0.0005974786579123759,-0.0016720414739843648,0.0015525171805297333,0.0015374347866155594,16709.0,-10.0,0
2025-11-24,16709.0,-0.0005981218972426205,-0.0005983008435030968,-0.001374734982356074,0.0005974786579123759,-0.0016720414739843648,0.0013568179215575863,16667.0,-42.0,0
2025-11-25,16667.0,-0.0025136154168412528,-0.002516779851966078,-0.0005983008435030968,-0.001374734982356074,0.0005974786579123759,0.0011771026746887623,16673.0,6.0,1
2025-11-26,16673.0,0.0003599928001440933,0.00035992801828221843,-0.002516779851966078,-0.0005983008435030968,-0.001374734982356074,0.0012818918878329316,16644.0,-29.0,0
2025-11-27,16644.0,-0.0017393390511605267,-0.0017408534576279777,0.00035992801828221843,-0.002516779851966078,-0.0005983008435030968,0.0011010267572400063,16661.0,17.0,1
2025-11-28,16661.0,0.0010213890891612731,0.0010208678262380033,-0.0017408534576279777,0.00035992801828221843,-0.002516779851966078,0.0014559462153346222,16364.0,-297.0,0
2025-12-02,16364.0,-0.017826060860692605,-0.017986858879780243,0.0010208678262380033,-0.0017408534576279777,0.00035992801828221843,0.007858193148050538,16453.0,89.0,1
2025-12-03,16453.0,0.005438768027377083,0.005424031337360802,-0.017986858879780243,0.0010208678262380033,-0.0017408534576279777,0.0089965174681533,16237.0,-216.0,0
2025-12-06,16237.0,-0.013128304868413099,-0.013215242799535787,0.005424031337360802,-0.017986858879780243,0.0010208678262380033,0.009889807864245512,16298.0,61.0,1
2025-12-08,16298.0,0.003756851635154268,0.003749812293051491,-0.013215242799535787,0.005424031337360802,-0.017986858879780243,0.010658693929356344,16391.0,93.0,1
2025-12-09,16391.0,0.005706221622284957,0.0056900028091941834,0.003749812293051491,-0.013215242799535787,0.005424031337360802,0.011408761522473332,16722.0,331.0,1
2025-12-11,16722.0,0.020194008907327143,0.019992814020643124,0.0056900028091941834,0.003749812293051491,-0.013215242799535787,0.011795575475491388,16652.0,-70.0,0
2025-12-12,16652.0,-0.004186102140892212,-0.004194888395137042,0.019992814020643124,0.0056900028091941834,0.003749812293051491,0.012343839316409406,16669.0,17.0,1
2025-12-15,16669.0,0.0010208983905837243,0.0010203776282224908,-0.004194888395137042,0.019992814020643124,0.0056900028091941834,0.009040054478518843,16693.0,24.0,1
2025-12-16,16693.0,0.0014397984282199516,0.0014387629123007173,0.0010203776282224908,-0.004194888395137042,0.019992814020643124,0.009193810687107585,16698.0,5.0,1
2025-12-17,16698.0,0.0002995267477385877,0.00029948189855666385,0.0014387629123007173,0.0010203776282224908,-0.004194888395137042,0.009376053334513731,16722.0,24.0,1
2025-12-18,16722.0,0.0014372978799856995,0.00143626595605717,0.00029948189855666385,0.0014387629123007173,0.0010203776282224908,0.002390650914173075,16735.0,13.0,1
2025-12-19,16735.0,0.0007774189690228361,0.0007771169354242602,0.00143626595605717,0.00029948189855666385,0.0014387629123007173,0.0004804950197421632,16773.0,38.0,1
2025-12-22,16773.0,0.0022706901703017923,0.0022681160493274177,0.0007771169354242602,0.00143626595605717,0.00029948189855666385,0.0007472962429946283,16790.0,17.0,1
2025-12-23,16790.0,0.0010135336552792307,0.001013020376831264,0.0022681160493274177,0.0007771169354242602,0.00143626595605717,0.0007437961269493022,16767.0,-23.0,0
2025-12-24,16767.0,-0.00136986301369868,-0.0013708021337777154,0.001013020376831264,0.0022681160493274177,0.0007771169354242602,0.0013523517601226277,16788.0,21.0,1
2025-12-29,16788.0,0.0012524601896581888,0.0012516765156735943,-0.0013708021337777154,0.001013020376831264,0.0022681160493274177,0.0013338776689032,16782.0,-6.0,0
2025-12-30,16782.0,-0.00035739814152968563,-0.00035746202346764733,0.0012516765156735943,-0.0013708021337777154,0.001013020376831264,0.001429250993366476,16720.0,-62.0,0
2025-12-31,16720.0,-0.003694434513168865,-0.0037012757913217342,-0.00035746202346764733,0.0012516765156735943,-0.0013708021337777154,0.0020184138662256786,17002.0,282.0,1
2026-01-04,17002.0,0.016866028708133918,0.016725376538612835,-0.0037012757913217342,-0.00035746202346764733,0.0012516765156735943,0.008147441584667167,17961.0,959.0,1
2026-01-07,17961.0,0.05640512880837556,0.054871756416156714,0.016725376538612835,-0.0037012757913217342,-0.00035746202346764733,0.02428799598853293,17727.0,-234.0,0
2026-01-09,17727.0,-0.01302822782695845,-0.013113839579677489,0.054871756416156714,0.016725376538612835,-0.0037012757913217342,0.02685163604451456,16875.0,-852.0,0
2026-01-13,16875.0,-0.04806227788119821,-0.04925566427305306,-0.013113839579677489,0.054871756416156714,0.016725376538612835,0.038393790026363984,16871.0,-4.0,0
2026-01-14,16871.0,-0.0002370370370370356,-0.00023706513475652002,-0.04925566427305306,-0.013113839579677489,0.054871756416156714,0.03831654758665574,16880.0,9.0,1
2026-01-15,16880.0,0.0005334597830597421,0.0005333175439741211,-0.00023706513475652002,-0.04925566427305306,-0.013113839579677489,0.03741313681399321,16935.0,55.0,1
2026-01-19,16935.0,0.003258293838862558,0.0032529971019226167,0.0005333175439741211,-0.00023706513475652002,-0.04925566427305306,0.021892072794537462,16981.0,46.0,1
2026-01-20,16981.0,0.0027162680838499487,0.002712585694430558,0.0032529971019226167,0.0005333175439741211,-0.00023706513475652002,0.022774477678854245,16963.0,-18.0,0
2026-01-21,16963.0,-0.0010600082445085812,-0.0010605704505799451,0.002712585694430558,0.0032529971019226167,0.0005333175439741211,0.0018704890701314453,16902.0,-61.0,0
2026-01-22,16902.0,-0.003596062017331869,-0.0036025433912936222,-0.0010605704505799451,0.002712585694430558,0.0032529971019226167,0.002813078609401181,16838.0,-64.0,0
2026-01-23,16838.0,-0.0037865341379718087,-0.0037937212068186454,-0.0036025433912936222,-0.0010605704505799451,0.002712585694430558,0.003361335036100274,16779.0,-59.0,0
2026-01-26,16779.0,-0.003503979094904408,-0.0035101324079125362,-0.0037937212068186454,-0.0036025433912936222,-0.0010605704505799451,0.0027859416483734063,16801.0,22.0,1
2026-01-27,16801.0,0.0013111627629776024,0.0013103039397055483,-0.0035101324079125362,-0.0037937212068186454,-0.0036025433912936222,0.0022260098626732906,16723.0,-78.0,0
2026-01-28,16723.0,-0.004642580798762008,-0.004653391048279332,0.0013103039397055483,-0.0035101324079125362,-0.0037937212068186454,0.0023692326900539152,16786.0,63.0,1
2026-01-29,16786.0,0.0037672666387609244,0.0037601882616495885,-0.004653391048279332,0.0013103039397055483,-0.0035101324079125362,0.003699251229917711,16796.0,10.0,1
2026-01-30,16796.0,0.0005957345406886194,0.000595557161311433,0.0037601882616495885,-0.004653391048279332,0.0013103039397055483,0.003497792264756869,16725.0,-71.0,0
2026-02-01,16725.0,-0.004227196951655188,-0.0042361568076554335,0.000595557161311433,0.0037601882616495885,-0.004653391048279332,0.003665088155484295,16800.0,75.0,1
2026-02-02,16800.0,0.004484304932735439,0.004474280394921593,-0.0042361568076554335,0.000595557161311433,0.0037601882616495885,0.004304394653156082,16848.0,48.0,1
2026-02-03,16848.0,0.0028571428571428914,0.00285306898240556,0.004474280394921593,-0.0042361568076554335,0.000595557161311433,0.0035180441715537297,17015.0,167.0,1
2026-02-04,17015.0,0.009912155745489093,0.009863352561250593,0.00285306898240556,0.004474280394921593,-0.0042361568076554335,0.005172609830243284,17863.0,848.0,1
2026-02-06,17863.0,0.049838377901851416,0.048636226513878,0.009863352561250593,0.00285306898240556,0.004474280394921593,0.020917623162456763,17994.0,131.0,1
2026-02-07,17994.0,0.007333594580977376,0.0073068345281797065,0.048636226513878,0.009863352561250593,0.00285306898240556,0.019200311287894394,16844.0,-1150.0,0
2026-02-13,16844.0,-0.06391019228631767,-0.0660438586952452,0.0073068345281797065,0.048636226513878,0.009863352561250593,0.04148710962572468,16884.0,40.0,1
2026-02-18,16884.0,0.002374732842555183,0.0023719176205698744,-0.0660438586952452,0.0073068345281797065,0.048636226513878,0.04148091173672589,16925.0,41.0,1
2026-02-19,16925.0,0.002428334517886821,0.00242539087808602,0.0023719176205698744,-0.0660438586952452,0.0073068345281797065,0.04119024989714435,16885.0,-40.0,0
2026-02-20,16885.0,-0.0023633677991137247,-0.0023661649608062163,0.00242539087808602,0.0023719176205698744,-0.0660438586952452,0.03081484185512496,16818.0,-67.0,0
2026-02-23,16818.0,-0.003968018951732266,-0.003975912426826156,-0.0023661649608062163,0.00242539087808602,0.0023719176205698744,0.029500262227527798,16830.0,12.0,1
2026-02-24,16830.0,0.0007135212272564306,0.000713266792008227,-0.003975912426826156,-0.0023661649608062163,0.00242539087808602,0.002884683722999352,16813.0,-17.0,0
2026-02-25,16813.0,-0.0010101010101010166,-0.0010106115059222986,0.000713266792008227,-0.003975912426826156,-0.0023661649608062163,0.0025133449057518397,16758.0,-55.0,0
2026-02-26,16758.0,-0.003271278177600645,-0.0032766405056960934,-0.0010106115059222986,0.000713266792008227,-0.003975912426826156,0.0018713240538085227,16779.0,21.0,1
2026-02-27,16779.0,0.0012531328320801727,0.001252348316464591,-0.0032766405056960934,-0.0010106115059222986,0.000713266792008227,0.0023297472263595124,16777.0,-2.0,0
2026-03-02,16777.0,-0.00011919661481618604,-0.00011920371929718954,0.001252348316464591,-0.0032766405056960934,-0.0010106115059222986,0.0017788692602096392,16870.0,93.0,1
2026-03-03,16870.0,0.0055433033319425284,0.00552799576961327,-0.00011920371929718954,0.001252348316464591,-0.0032766405056960934,0.003270013856860321,17931.0,1061.0,1
2026-03-06,17931.0,0.06289270895080024,0.06099416195235108,0.00552799576961327,-0.00011920371929718954,0.001252348316464591,0.027084326966701495,17960.0,29.0,1
2026-03-07,17960.0,0.0016173108025208105,0.0016160043638269173,0.06099416195235108,0.00552799576961327,-0.00011920371929718954,0.02643547710710909,17991.0,31.0,1
2026-03-08,17991.0,0.0017260579064588555,0.0017245699804284698,0.0016160043638269173,0.06099416195235108,0.00552799576961327,0.02637998484405793,16934.0,-1057.0,0
2026-03-13,16934.0,-0.058751598021232865,-0.06054819763439667,0.0017245699804284698,0.0016160043638269173,0.06099416195235108,0.0430266320656679,16990.0,56.0,1
2026-03-16,16990.0,0.0033069564190386647,0.0033015004637544365,-0.06054819763439667,0.0017245699804284698,0.0016160043638269173,0.04299072425054861,16982.0,-8.0,0
2026-03-17,16982.0,-0.0004708652148323056,-0.00047097610666924083,0.0033015004637544365,-0.06054819763439667,0.0017245699804284698,0.027800259866705482,16905.0,-77.0,0
2026-03-25,16905.0,-0.00453421269579557,-0.004544523417321145,-0.00047097610666924083,0.0033015004637544365,-0.06054819763439667,0.027239089309526777,16903.0,-2.0,0
2026-03-26,16903.0,-0.00011830819284230909,-0.00011831519180915961,-0.004544523417321145,-0.00047097610666924083,0.0033015004637544365,0.027016693910948308,16957.0,54.0,1
2026-03-27,16957.0,0.003194699165828485,0.0031896069569494756,-0.00011831519180915961,-0.004544523417321145,-0.00047097610666924083,0.003224653439630811,16993.0,36.0,1
2026-03-30,16993.0,0.002123017043109021,0.0021207666269784653,0.0031896069569494756,-0.00011831519180915961,-0.004544523417321145,0.002981338587254075,16999.0,6.0,1
2026-03-31,16999.0,0.000353086565056282,0.0003530242446636578,0.0021207666269784653,0.0031896069569494756,-0.00011831519180915961,0.0029691049816451716,16775.0,-224.0,0
2026-04-02,16775.0,-0.013177245720336517,-0.013264835938887387,0.0003530242446636578,0.0021207666269784653,0.0031896069569494756,0.0066866812116399815,16911.0,136.0,1
2026-04-03,16911.0,0.00810730253353209,0.00807461490980188,-0.013264835938887387,0.0003530242446636578,0.0021207666269784653,0.00799853688048215,17368.0,457.0,1
2026-04-05,17368.0,0.027023830642776803,0.026665134808443014,0.00807461490980188,-0.013264835938887387,0.0003530242446636578,0.014509470003164377,18039.0,671.0,1
2026-04-06,18039.0,0.03863426992169505,0.03790664814955136,0.026665134808443014,0.00807461490980188,-0.013264835938887387,0.02046691925867971,18037.0,-2.0,0
2026-04-08,18037.0,-0.00011087089084760304,-0.000110877037478474,0.03790664814955136,0.026665134808443014,0.00807461490980188,0.020533558769311778,17122.0,-915.0,0
2026-04-13,17122.0,-0.05072905693851526,-0.05206101736776958,-0.000110877037478474,0.03790664814955136,0.026665134808443014,0.034783845240660916,17135.0,13.0,1
2026-04-14,17135.0,0.0007592570961336698,0.0007589690062790311,-0.05206101736776958,-0.000110877037478474,0.03790664814955136,0.034728411059504756,17141.0,6.0,1
2026-04-15,17141.0,0.00035016049022473794,0.00035009919834827485,0.0007589690062790311,-0.05206101736776958,-0.000110877037478474,0.03206773065028702,17142.0,1.0,1
2026-04-16,17142.0,5.833965346235814e-05,5.8337951770681684e-05,0.00035009919834827485,0.0007589690062790311,-0.05206101736776958,0.023402843125873794,17189.0,47.0,1
2026-04-17,17189.0,0.0027418037568545106,0.0027380518693291833,5.8337951770681684e-05,0.00035009919834827485,0.0007589690062790311,0.023742140199522626,17176.0,-13.0,0
2026-04-20,17176.0,-0.0007562976322066373,-0.0007565837695402422,0.0027380518693291833,5.8337951770681684e-05,0.00035009919834827485,0.001302715619486676,17142.0,-34.0,0
2026-04-21,17142.0,-0.001979506287843491,-0.001981468099788941,-0.0007565837695402422,0.0027380518693291833,5.8337951770681684e-05,0.001738402388267968,17179.0,37.0,1
2026-04-22,17179.0,0.002158441255396104,0.0021561151676170454,-0.001981468099788941,-0.0007565837695402422,0.0027380518693291833,0.0019790804859210216,17308.0,129.0,1
2026-04-23,17308.0,0.007509168170440672,0.007481114718329351,0.0021561151676170454,-0.001981468099788941,-0.0007565837695402422,0.003675467077116812,17278.0,-30.0,0
2026-04-24,17278.0,-0.0017333025190663376,-0.0017348064259454787,0.007481114718329351,0.0021561151676170454,-0.001981468099788941,0.003962005534633037,17227.0,-51.0,0
2026-04-27,17227.0,-0.0029517305243662584,-0.0029560954724594524,-0.0017348064259454787,0.007481114718329351,0.0021561151676170454,0.004316598800627684,17245.0,18.0,1
2026-04-28,17245.0,0.0010448714227666578,0.0010443259245711545,-0.0029560954724594524,-0.0017348064259454787,0.007481114718329351,0.004070534166434131,17324.0,79.0,1
2026-04-29,17324.0,0.004581037982023695,0.004570576963576656,0.0010443259245711545,-0.0029560954724594524,-0.0017348064259454787,0.00434645624647555,17378.0,54.0,1
2026-04-30,17378.0,0.0031170630339414362,0.003112215064634327,0.004570576963576656,0.0010443259245711545,-0.0029560954724594524,0.0031684585682762254,16748.0,-630.0,0
2026-05-01,16748.0,-0.03625273334100587,-0.03692619026011812,0.003112215064634327,0.004570576963576656,0.0010443259245711545,0.017391232020162874,16826.0,78.0,1
2026-05-02,16826.0,0.0046572725101503565,0.00464646097172583,-0.03692619026011812,0.003112215064634327,0.004570576963576656,0.018068305811338597,16886.0,60.0,1
2026-05-03,16886.0,0.0035659099013432005,0.003559567118685436,0.00464646097172583,-0.03692619026011812,0.003112215064634327,0.018302086716103616,17425.0,539.0,1
2026-05-05,17425.0,0.03191993367286505,0.031421080399280044,0.003559567118685436,0.00464646097172583,-0.03692619026011812,0.024433661806450364,18039.0,614.0,1
2026-05-06,18039.0,0.03523672883787654,0.03463012407895327,0.031421080399280044,0.003559567118685436,0.00464646097172583,0.028747226335657905,17937.0,-102.0,0
2026-05-08,17937.0,-0.005654415433227977,-0.005670462158663625,0.03463012407895327,0.031421080399280044,0.003559567118685436,0.018111564198423604,17496.0,-441.0,0
2026-05-13,17496.0,-0.024586051179126933,-0.024893335192411215,-0.005670462158663625,0.03463012407895327,0.031421080399280044,0.02522944382956952,17666.0,170.0,1
2026-05-18,17666.0,0.00971650663008683,0.009669604948474131,-0.024893335192411215,-0.005670462158663625,0.03463012407895327,0.025119873492994032,17719.0,53.0,1
2026-05-19,17719.0,0.0030001132118193663,0.002995621852992514,0.009669604948474131,-0.024893335192411215,-0.005670462158663625,0.021780517700819808,17685.0,-34.0,0
2026-05-20,17685.0,-0.0019188441785653598,-0.0019206875184885064,0.002995621852992514,0.009669604948474131,-0.024893335192411215,0.013032994002818219,17673.0,-12.0,0
2026-05-21,17673.0,-0.0006785411365564098,-0.0006787714497846764,-0.0019206875184885064,0.002995621852992514,0.009669604948474131,0.013060738566537161,17717.0,44.0,1
2026-05-22,17717.0,0.0024896735132688974,0.0024865794106396777,-0.0006787714497846764,-0.0019206875184885064,0.002995621852992514,0.004508202919952648,17743.0,26.0,1
2026-05-25,17743.0,0.001467517073996616,0.0014664413231422202,0.0024865794106396777,-0.0006787714497846764,-0.0019206875184885064,0.002102021003760853,17789.0,46.0,1
2026-05-26,17789.0,0.002592571718424086,0.002589216801691663,0.0014664413231422202,0.0024865794106396777,-0.0006787714497846764,0.002004884137832919,17883.0,94.0,1
2026-05-29,17883.0,0.005284164371240685,0.005270252162764777,0.002589216801691663,0.0014664413231422202,0.0024865794106396777,0.002149530361427263,16762.0,-1121.0,0
2026-06-01,16762.0,-0.06268523178437624,-0.06473612122918304,0.005270252162764777,0.002589216801691663,0.0014664413231422202,0.030304275134623245,16887.0,125.0,1
2026-06-02,16887.0,0.007457343992363752,0.007429675473284547,-0.06473612122918304,0.005270252162764777,0.002589216801691663,0.030911847099180163,16919.0,32.0,1
2026-06-03,16919.0,0.0018949487771657836,0.0018931556266590377,0.007429675473284547,-0.06473612122918304,0.005270252162764777,0.030950589363109984,17037.0,118.0,1
2026-06-04,17037.0,0.00697440747089062,0.006950198786746853,0.0018931556266590377,0.007429675473284547,-0.06473612122918304,0.03143447970548355,17405.0,368.0,1
2026-06-05,17405.0,0.021600046956623764,0.021370071699996274,0.006950198786746853,0.0018931556266590377,0.007429675473284547,0.03394012519361527,17999.0,594.0,1
2026-06-07,17999.0,0.03412812410226951,0.03355867953393954,0.021370071699996274,0.006950198786746853,0.0018931556266590377,0.013000149889665759,17919.0,-80.0,0
2026-06-08,17919.0,-0.004444691371742859,-0.004454598379062702,0.03355867953393954,0.021370071699996274,0.006950198786746853,0.015418206372183633,17719.0,-200.0,0
2026-06-15,17719.0,-0.01116133712818801,-0.011224092242345662,-0.004454598379062702,0.03355867953393954,0.021370071699996274,0.018371860952087357,17753.0,34.0,1
2026-06-17,17753.0,0.0019188441785653598,0.0019170055487283122,-0.011224092242345662,-0.004454598379062702,0.03355867953393954,0.018664257773327683,17826.0,73.0,1
2026-06-18,17826.0,0.004111981073621429,0.00410354998386353,0.0019170055487283122,-0.011224092242345662,-0.004454598379062702,0.01716300886524823,17826.0,0.0,0
2026-06-19,17826.0,0.0,0.0,0.00410354998386353,0.0019170055487283122,-0.011224092242345662,0.006076220277619118,17819.0,-7.0,0
2026-06-22,17819.0,-0.0003926848423650986,-0.00039276196324777857,0.0,0.00410354998386353,0.0019170055487283122,0.005924205212534909,17868.0,49.0,1
2026-06-23,17868.0,0.0027498737302877885,0.002746099744594943,-0.00039276196324777857,0.0,0.00410354998386353,0.0018831450199284314,17955.0,87.0,1
2026-06-24,17955.0,0.004869039623908611,0.004857224188173248,0.002746099744594943,-0.00039276196324777857,0.0,0.002373038621290779,17942.0,-13.0,0
2026-06-25,17942.0,-0.0007240323029796825,-0.0007242945409533519,0.004857224188173248,0.002746099744594943,-0.00039276196324777857,0.002418585440515905,17962.0,20.0,1
2026-06-26,17962.0,0.0011147029316687096,0.0011140821116661925,-0.0007242945409533519,0.004857224188173248,0.002746099744594943,0.002318440827801623,17856.0,-106.0,0
2026-06-29,17856.0,-0.005901347288720604,-0.005918829049857521,0.0011140821116661925,-0.0007242945409533519,0.004857224188173248,0.004094858970007257,17899.0,43.0,1
2026-06-30,17899.0,0.0024081541218639035,0.0024052591654619704,-0.005918829049857521,0.0011140821116661925,-0.0007242945409533519,0.00404892742512769,16785.0,-1114.0,0
2026-07-01,16785.0,-0.062238113861109556,-0.06425921493236508,0.0024052591654619704,-0.005918829049857521,0.0011140821116661925,0.028564561219541738,17092.0,307.0,1
2026-07-04,17092.0,0.018290140005957634,0.01812488734978146,-0.06425921493236508,0.0024052591654619704,-0.005918829049857521,0.03173606381745954,17362.0,270.0,1
2026-07-05,17362.0,0.015796864029955504,0.015673392187837365,0.01812488734978146,-0.06425921493236508,0.0024052591654619704,0.0335908390600098,17988.0,626.0,1
2026-07-07,17988.0,0.03605575394539806,0.035420958938845004,0.015673392187837365,0.01812488734978146,-0.06425921493236508,0.03857782262441066,17913.0,-75.0,0
2026-07-08,17913.0,-0.004169446297531687,-0.004178162675495756,0.035420958938845004,0.015673392187837365,0.01812488734978146,0.03865033176457419,18131.0,218.0,1
2026-07-13,18131.0,0.012169932451292276,0.012096474210705921,-0.004178162675495756,0.035420958938845004,0.015673392187837365,0.014164678813653549,18099.0,-32.0,0
2026-07-14,18099.0,-0.0017649329877006403,-0.0017664923169373736,0.012096474210705921,-0.004178162675495756,0.035420958938845004,0.015904220963060166,18064.0,-35.0,0
2026-07-15,18064.0,-0.001933808497707079,-0.001935680719428845,-0.0017664923169373736,0.012096474210705921,-0.004178162675495756,0.016666384731825707,18041.0,-23.0,0
2026-07-16,18041.0,-0.0012732506643047259,-0.0012740619366393702,-0.001935680719428845,-0.0017664923169373736,0.012096474210705921,0.00652957038298417,17944.0,-97.0,0
2026-07-17,17944.0,-0.005376642093010364,-0.005391148252758882,-0.0012740619366393702,-0.001935680719428845,-0.0017664923169373736,0.006769080540561417,17976.0,32.0,1
2026-07-20,17976.0,0.00178332590280883,0.0017817376651212413,-0.005391148252758882,-0.0012740619366393702,-0.001935680719428845,0.0025488720752378743,17909.0,-67.0,0
2026-07-21,17909.0,-0.003727191811303987,-0.0037341550984262284,0.0017817376651212413,-0.005391148252758882,-0.0012740619366393702,0.00270548577721216,17909.0,0.0,0
2026-07-22,17909.0,0.0,0.0,-0.0037341550984262284,0.0017817376651212413,-0.005391148252758882,0.0028702576338774867,17915.0,6.0,1
2026-07-23,17915.0,0.00033502708135579873,0.0003349709723146077,0.0,-0.0037341550984262284,0.0017817376651212413,0.0030195657166894405,17973.0,58.0,1
2026-07-24,17973.0,0.003237510466089777,0.0032322810129805646,0.0003349709723146077,0.0,-0.0037341550984262284,0.00260560987964109,17995.0,22.0,1
2026-07-27,17995.0,0.0012240583096867486,0.0012233097610963029,0.0032322810129805646,0.0003349709723146077,0.0,0.0025385551091468375,18088.0,93.0,1
2026-07-28,18088.0,0.0051681022506251395,0.00515479344467451,0.0012233097610963029,0.0032322810129805646,0.0003349709723146077,0.002170611109384824,18087.0,-1.0,0
2026-07-29,18087.0,-5.5285272003491315e-05,-5.528680028987765e-05,0.00515479344467451,0.0012233097610963029,0.0032322810129805646,0.0021833800862122266,18078.0,-9.0,0
2026-07-30,18078.0,-0.0004975949577044059,-0.0004977187991599408,-5.528680028987765e-05,0.00515479344467451,0.0012233097610963029,0.0023642959796938384,18058.0,-20.0,0
2026-07-31,18058.0,-0.0011063170704723735,-0.0011069294909304972,-0.0004977187991599408,-5.528680028987765e-05,0.00515479344467451,0.0025046074386548796,16801.0,-1257.0,0
2026-08-01,16801.0,-0.06960903754568615,-0.07215039143802215,-0.0011069294909304972,-0.0004977187991599408,-5.528680028987765e-05,0.03275290257765765,17009.0,208.0,1
2026-08-04,17009.0,0.012380215463365207,0.012304207284689284,-0.07215039143802215,-0.0011069294909304972,-0.0004977187991599408,0.03391882970494145,17375.0,366.0,1
2026-08-05,17375.0,0.02151801987183255,0.021289775718900117,0.012304207284689284,-0.07215039143802215,-0.0011069294909304972,0.03704462840001353,18171.0,796.0,1
2026-08-06,18171.0,0.0458129496402877,0.044794525216063974,0.021289775718900117,0.012304207284689284,-0.07215039143802215,0.04419512421453733,18005.0,-166.0,0
2026-08-07,18005.0,-0.009135435584172624,-0.009177419566080758,0.044794525216063974,0.021289775718900117,0.012304207284689284,0.04443921036308544,17882.0,-123.0,0
2026-08-13,17882.0,-0.0068314357123021585,-0.006854876787711461,-0.009177419566080758,0.044794525216063974,0.021289775718900117,0.02216276432675327,17836.0,-46.0,0
2026-08-14,17836.0,-0.0025724191924840767,-0.0025757335478964194,-0.006854876787711461,-0.009177419566080758,0.044794525216063974,0.02316707548561651,17856.0,20.0,1
2026-08-18,17856.0,0.0011213276519399518,0.0011206994336703247,-0.0025757335478964194,-0.006854876787711461,-0.009177419566080758,0.022341204357241132,17844.0,-12.0,0
2026-08-19,17844.0,-0.0006720430107527431,-0.0006722689328828579,0.0011206994336703247,-0.0025757335478964194,-0.006854876787711461,0.004289594142656888,17779.0,-65.0,0
2026-08-20,17779.0,-0.003642681013225735,-0.0036493317315837714,-0.0006722689328828579,0.0011206994336703247,-0.0025757335478964194,0.003030604602217558,17705.0,-74.0,0
2026-08-21,17705.0,-0.004162213847797913,-0.004170899970567632,-0.0036493317315837714,-0.0006722689328828579,0.0011206994336703247,0.0021946329523747678,17703.0,-2.0,0
2026-08-24,17703.0,-0.00011296243998870636,-0.00011296882072464598,-0.004170899970567632,-0.0036493317315837714,-0.0006722689328828579,0.0023038200281342994,17717.0,14.0,1
2026-08-26,17717.0,0.0007908264136022858,0.0007905138751578278,-0.00011296882072464598,-0.004170899970567632,-0.0036493317315837714,0.00221296984647761,17762.0,45.0,1
2026-08-27,17762.0,0.0025399333973019633,0.0025367132180118546,0.0007905138751578278,-0.00011296882072464598,-0.004170899970567632,0.0028958426449098786,17703.0,-59.0,0
2026-08-28,17703.0,-0.003321698006981233,-0.0033272270931696823,0.0025367132180118546,0.0007905138751578278,-0.00011296882072464598,0.002822637437819607,17746.0,43.0,1
2026-08-31,17746.0,0.0024289668417782906,0.0024260216700042747,-0.0033272270931696823,0.0025367132180118546,0.0007905138751578278,0.002395754926315615,16834.0,-912.0,0
