date,split,n_articles,vader_title_mean,vader_body_mean,vader_body_min,vader_neg_share,lm_negative_mean,lm_positive_mean,lm_uncertainty_mean,lm_litigious_mean,lm_constraining_mean,lm_net_mean,no_news
2021-09-08,train,3,-0.1649,-0.09316746216030271,-0.28812058823529413,0.4253095975232198,0.026835362107639333,0.0068066404854771195,0.006274533703370337,0.003003246753246753,0.002899263140599774,-0.020028721622162213,0
2021-09-09,train,2,-0.28595,0.07414952941176471,0.06724705882352942,0.24176470588235294,0.016567045835747612,0.004317114452136257,0.005681818181818182,0.0019555670763319205,0.0010330578512396695,-0.012249931383611357,0
2021-09-10,train,6,-0.15546666666666667,-0.05856511701079355,-0.35827037037037035,0.40513841660795064,0.02656195167746106,0.004799875670372485,0.0030460752006453914,0.0036415628900199355,0.0014026890477814571,-0.02176207600708857,0
2021-09-13,train,6,-0.13213333333333332,-0.0554043190638546,-0.15824705882352944,0.37822642733895817,0.017270077488538066,0.00630339058678965,0.00405655391714609,0.0034329935651678605,0.0025680344980609456,-0.010966686901748415,0
2021-09-14,train,1,-0.3182,-0.17103888888888888,-0.17103888888888888,0.4166666666666667,0.013681592039800995,0.0037313432835820895,0.006218905472636816,0.0024875621890547263,0.0037313432835820895,-0.009950248756218905,0
2021-09-15,train,2,-0.1806,0.0810121212121212,0.0539,0.23106060606060608,0.020108556832694763,0.005108556832694764,0.002554278416347382,0.010638569604086845,0.0019157088122605363,-0.015,0
2021-09-16,train,1,0.0772,-0.037089743589743596,-0.037089743589743596,0.28205128205128205,0.03398058252427184,0.008737864077669903,0.003883495145631068,0.001941747572815534,0.005825242718446602,-0.02524271844660194,0
2021-09-17,train,2,0.1956,0.043678631756756764,-0.17935625,0.41131756756756754,0.02400696864111498,0.009639953542392568,0.0009523809523809524,0.004761904761904762,0.002380952380952381,-0.014367015098722413,0
2021-09-20,train,0,0.0,0.0,0.0,0.0,0.0,0.0,0.0,0.0,0.0,0.0,1
2021-09-21,train,1,0.0516,-0.05083275862068966,-0.05083275862068966,0.41379310344827586,0.015429831006612785,0.014695077149155033,0.005143277002204262,0.0014695077149155032,0.002204261572373255,-0.0007347538574577518,0
2021-09-22,train,2,0.0,0.17936785714285713,0.04818571428571429,0.26041666666666663,0.0166320806564709,0.013853355316769952,0.0012626262626262627,0.00407688517444615,0.005014971478386113,-0.002778725339700948,0
2021-09-23,train,2,0.0,0.21461671671671673,0.16552972972972976,0.18218218218218218,0.010723690942284597,0.008080802641003408,0.0016492807789452143,0.0027223230490018148,0.00269360088033447,-0.0026428883012811883,0
2021-09-24,train,0,0.0,0.0,0.0,0.0,0.0,0.0,0.0,0.0,0.0,0.0,1
2021-09-27,train,0,0.0,0.0,0.0,0.0,0.0,0.0,0.0,0.0,0.0,0.0,1
2021-09-28,train,0,0.0,0.0,0.0,0.0,0.0,0.0,0.0,0.0,0.0,0.0,1
2021-09-29,train,1,-0.34,-0.2940999999999999,-0.2940999999999999,0.7142857142857143,0.019672131147540985,0.006557377049180328,0.013114754098360656,0.0,0.0,-0.013114754098360657,0
2021-09-30,train,1,-0.0516,-0.048408695652173914,-0.048408695652173914,0.30434782608695654,0.0234009360374415,0.0,0.014040561622464899,0.0031201248049922,0.0046801872074883,-0.0234009360374415,0
2021-10-01,train,0,0.0,0.0,0.0,0.0,0.0,0.0,0.0,0.0,0.0,0.0,1
2021-10-04,train,1,0.0,-0.023882352941176473,-0.023882352941176473,0.35294117647058826,0.02109704641350211,0.007383966244725738,0.006329113924050633,0.0010548523206751054,0.0010548523206751054,-0.01371308016877637,0
2021-10-05,train,0,0.0,0.0,0.0,0.0,0.0,0.0,0.0,0.0,0.0,0.0,1
2021-10-06,train,2,-0.05135,0.0873420330969267,-0.013891489361702128,0.23735224586288417,0.018258615089424144,0.007545632934069577,0.007563631614724428,0.0006567425569176883,0.002309691159382922,-0.010712982155354565,0
2021-10-07,train,0,0.0,0.0,0.0,0.0,0.0,0.0,0.0,0.0,0.0,0.0,1
2021-10-08,train,4,-0.095775,0.12044111820330972,-0.024336000000000007,0.2445712443584784,0.01913915393150786,0.008485806916396083,0.003304489225316286,0.0021788561440347102,0.0017863337019207747,-0.010653347015111777,0
2021-10-11,train,1,-0.9001,-0.13346851851851854,-0.13346851851851854,0.4444444444444444,0.03533026113671275,0.0038402457757296467,0.004608294930875576,0.0,0.0015360983102918587,-0.0314900153609831,0
2021-10-12,train,0,0.0,0.0,0.0,0.0,0.0,0.0,0.0,0.0,0.0,0.0,1
2021-10-13,train,4,0.218025,0.09490112289803221,-0.15164999999999998,0.28243440667859276,0.02416362430153304,0.013908546844891003,0.005082582371383114,0.0040894841833412935,0.0017004154628739799,-0.010255077456642038,0
2021-10-14,train,1,-0.5994,0.2532272727272727,0.2532272727272727,0.09090909090909091,0.010752688172043012,0.0035842293906810036,0.0,0.0,0.0,-0.007168458781362008,0
2021-10-15,train,2,0.1358,0.06497467432950191,0.03653555555555555,0.33295019157088124,0.030434193985107823,0.008620056087419012,0.00570351029881056,0.00605550720433227,0.0013054830287206266,-0.021814137897688813,0
2021-10-18,train,2,-0.24695,0.05202573886639676,0.04647384615384616,0.34028340080971664,0.018833174352595104,0.014959994496105435,0.004575112355685467,0.00035236081747709656,0.0007047216349541931,-0.0038731798564896683,0
2021-10-19,train,0,0.0,0.0,0.0,0.0,0.0,0.0,0.0,0.0,0.0,0.0,1
2021-10-21,train,1,0.0258,0.052432558139534895,0.052432558139534895,0.27906976744186046,0.02214022140221402,0.0,0.0036900369003690036,0.015990159901599015,0.004920049200492005,-0.02214022140221402,0
2021-10-22,train,1,0.0,0.04504920634920635,0.04504920634920635,0.1746031746031746,0.012335526315789474,0.006578947368421052,0.001644736842105263,0.0008223684210526315,0.004934210526315789,-0.005756578947368422,0
2021-10-25,train,0,0.0,0.0,0.0,0.0,0.0,0.0,0.0,0.0,0.0,0.0,1
2021-10-26,train,0,0.0,0.0,0.0,0.0,0.0,0.0,0.0,0.0,0.0,0.0,1
2021-10-27,train,0,0.0,0.0,0.0,0.0,0.0,0.0,0.0,0.0,0.0,0.0,1
2021-10-28,train,0,0.0,0.0,0.0,0.0,0.0,0.0,0.0,0.0,0.0,0.0,1
2021-10-29,train,1,-0.6542,0.022060869565217387,0.022060869565217387,0.34782608695652173,0.01617110067814293,0.005738132498695879,0.004694835680751174,0.0010432968179447052,0.004173187271778821,-0.010432968179447052,0
2021-11-01,train,0,0.0,0.0,0.0,0.0,0.0,0.0,0.0,0.0,0.0,0.0,1
2021-11-02,train,1,-0.891,-0.05525094339622642,-0.05525094339622642,0.39622641509433965,0.028215767634854772,0.012448132780082987,0.0024896265560165973,0.0024896265560165973,0.004149377593360996,-0.015767634854771784,0
2021-11-03,train,0,0.0,0.0,0.0,0.0,0.0,0.0,0.0,0.0,0.0,0.0,1
2021-11-04,train,1,0.4019,-0.018738095238095238,-0.018738095238095238,0.2857142857142857,0.01568627450980392,0.0058823529411764705,0.0,0.00392156862745098,0.0058823529411764705,-0.00980392156862745,0
2021-11-05,train,2,-0.06885000000000001,0.025308472222222225,-0.09988749999999999,0.24756944444444445,0.018843566688560232,0.011666817656784362,0.002002506435953767,0.0018656716417910447,0.0021393412301164887,-0.00717674903177587,0
2021-11-08,train,1,-0.128,-0.12660000000000002,-0.12660000000000002,0.42857142857142855,0.018612521150592216,0.008460236886632826,0.01015228426395939,0.00338409475465313,0.00338409475465313,-0.01015228426395939,0
2021-11-09,train,0,0.0,0.0,0.0,0.0,0.0,0.0,0.0,0.0,0.0,0.0,1
2021-11-10,train,0,0.0,0.0,0.0,0.0,0.0,0.0,0.0,0.0,0.0,0.0,1
2021-11-11,train,1,0.1531,-0.01445405405405405,-0.01445405405405405,0.2972972972972973,0.015531660692951015,0.007168458781362007,0.0047789725209080045,0.0035842293906810036,0.0047789725209080045,-0.008363201911589008,0
2021-11-12,train,2,-0.3715,-0.04115733333333335,-0.17268800000000004,0.315,0.02196083288013483,0.007374122993587017,0.0028464007064512137,0.0016611295681063123,0.002036027934976335,-0.01458670988654781,0
2021-11-15,train,0,0.0,0.0,0.0,0.0,0.0,0.0,0.0,0.0,0.0,0.0,1
2021-11-16,train,0,0.0,0.0,0.0,0.0,0.0,0.0,0.0,0.0,0.0,0.0,1
2021-11-17,train,0,0.0,0.0,0.0,0.0,0.0,0.0,0.0,0.0,0.0,0.0,1
2021-11-18,train,0,0.0,0.0,0.0,0.0,0.0,0.0,0.0,0.0,0.0,0.0,1
2021-11-19,train,0,0.0,0.0,0.0,0.0,0.0,0.0,0.0,0.0,0.0,0.0,1
2021-11-22,train,0,0.0,0.0,0.0,0.0,0.0,0.0,0.0,0.0,0.0,0.0,1
2021-11-23,train,0,0.0,0.0,0.0,0.0,0.0,0.0,0.0,0.0,0.0,0.0,1
2021-11-24,train,0,0.0,0.0,0.0,0.0,0.0,0.0,0.0,0.0,0.0,0.0,1
2021-11-25,train,1,0.2263,0.17177727272727272,0.17177727272727272,0.13636363636363635,0.012345679012345678,0.001763668430335097,0.007054673721340388,0.0,0.0,-0.010582010582010581,0
2021-11-26,train,1,-0.3182,0.10567777777777777,0.10567777777777777,0.2777777777777778,0.010395010395010396,0.012474012474012475,0.006237006237006237,0.002079002079002079,0.002079002079002079,0.002079002079002079,0
2021-11-29,train,0,0.0,0.0,0.0,0.0,0.0,0.0,0.0,0.0,0.0,0.0,1
2021-11-30,train,0,0.0,0.0,0.0,0.0,0.0,0.0,0.0,0.0,0.0,0.0,1
2021-12-01,train,1,-0.0516,-0.0018149999999999944,-0.0018149999999999944,0.3,0.006802721088435374,0.0,0.0022675736961451248,0.0,0.0,-0.006802721088435374,0
2021-12-02,train,0,0.0,0.0,0.0,0.0,0.0,0.0,0.0,0.0,0.0,0.0,1
2021-12-03,train,0,0.0,0.0,0.0,0.0,0.0,0.0,0.0,0.0,0.0,0.0,1
2021-12-06,train,1,-0.7096,-0.13799375,-0.13799375,0.5,0.03937007874015748,0.0,0.0,0.005249343832020997,0.0,-0.03937007874015748,0
2021-12-07,train,2,-0.44789999999999996,-0.024291354903943373,-0.07173488372093023,0.4137175598247388,0.024556973712303507,0.009363791416373404,0.008854755304073855,0.0006949270326615705,0.0012880468428632312,-0.015193182295930103,0
2021-12-08,train,3,-0.2972666666666667,0.09384336134453782,0.01233214285714286,0.3105042016806723,0.01733800617030077,0.013182295522768173,0.001413323584224277,0.002564180899465154,0.002672927330461577,-0.004155710647532596,0
2021-12-09,train,0,0.0,0.0,0.0,0.0,0.0,0.0,0.0,0.0,0.0,0.0,1
2021-12-10,train,0,0.0,0.0,0.0,0.0,0.0,0.0,0.0,0.0,0.0,0.0,1
2021-12-13,train,1,-0.4939,-0.4010076923076923,-0.4010076923076923,0.6923076923076923,0.05725190839694656,0.003816793893129771,0.003816793893129771,0.0,0.0,-0.05343511450381679,0
2021-12-14,train,0,0.0,0.0,0.0,0.0,0.0,0.0,0.0,0.0,0.0,0.0,1
2021-12-15,train,1,0.0,0.1887913043478261,0.1887913043478261,0.08695652173913043,0.008375209380234505,0.008375209380234505,0.0016750418760469012,0.0016750418760469012,0.0,0.0,0
2021-12-16,train,1,0.2263,0.0015499999999999965,0.0015499999999999965,0.2608695652173913,0.016101207590569294,0.005750431282346176,0.016101207590569294,0.0017251293847038527,0.0023001725129384704,-0.010350776308223118,0
2021-12-17,train,1,-0.6597,-0.019545714285714277,-0.019545714285714277,0.4,0.02088607594936709,0.004430379746835443,0.0031645569620253164,0.008227848101265823,0.0018987341772151898,-0.016455696202531647,0
2021-12-20,train,1,-0.8442,0.10552857142857142,0.10552857142857142,0.2857142857142857,0.0030959752321981426,0.02786377708978328,0.009287925696594427,0.0,0.0,0.024767801857585137,0
2021-12-21,train,1,-0.1511,-0.036315999999999994,-0.036315999999999994,0.44,0.027925531914893616,0.003989361702127659,0.0026595744680851063,0.0026595744680851063,0.0026595744680851063,-0.023936170212765957,0
2021-12-22,train,2,-0.55115,0.06214305555555556,-0.15541388888888888,0.27243589743589747,0.01071882709676017,0.017165067220223672,0.0017165067220223668,0.003094059405940594,0.004261718707545836,0.0064462401234635005,0
2021-12-23,train,0,0.0,0.0,0.0,0.0,0.0,0.0,0.0,0.0,0.0,0.0,1
2021-12-24,train,1,0.3089,-0.09866511627906978,-0.09866511627906978,0.46511627906976744,0.04405286343612335,0.00881057268722467,0.005506607929515419,0.009911894273127754,0.003303964757709251,-0.03524229074889868,0
2021-12-27,train,1,0.128,0.008150000000000001,0.008150000000000001,0.5,0.017793594306049824,0.0035587188612099642,0.0,0.017793594306049824,0.0,-0.01423487544483986,0
2021-12-28,train,0,0.0,0.0,0.0,0.0,0.0,0.0,0.0,0.0,0.0,0.0,1
2021-12-29,train,0,0.0,0.0,0.0,0.0,0.0,0.0,0.0,0.0,0.0,0.0,1
2021-12-30,train,0,0.0,0.0,0.0,0.0,0.0,0.0,0.0,0.0,0.0,0.0,1
2021-12-31,train,0,0.0,0.0,0.0,0.0,0.0,0.0,0.0,0.0,0.0,0.0,1
2022-01-03,train,0,0.0,0.0,0.0,0.0,0.0,0.0,0.0,0.0,0.0,0.0,1
2022-01-04,train,2,-0.31245,-0.05558571428571429,-0.0741,0.3701298701298701,0.02816160230906003,0.0040304897981964455,0.008060979596392891,0.004576659038901602,0.0,-0.024131112510863584,0
2022-01-05,train,0,0.0,0.0,0.0,0.0,0.0,0.0,0.0,0.0,0.0,0.0,1
2022-01-06,train,0,0.0,0.0,0.0,0.0,0.0,0.0,0.0,0.0,0.0,0.0,1
2022-01-07,train,1,-0.5667,-0.300385,-0.300385,0.65,0.055327868852459015,0.0030737704918032786,0.0030737704918032786,0.027663934426229508,0.006147540983606557,-0.05225409836065574,0
2022-01-10,train,0,0.0,0.0,0.0,0.0,0.0,0.0,0.0,0.0,0.0,0.0,1
2022-01-11,train,1,-0.7269,-0.043805405405405395,-0.043805405405405395,0.4864864864864865,0.01056910569105691,0.00894308943089431,0.0040650406504065045,0.0008130081300813008,0.0040650406504065045,-0.0016260162601626008,0
2022-01-12,train,0,0.0,0.0,0.0,0.0,0.0,0.0,0.0,0.0,0.0,0.0,1
2022-01-13,train,0,0.0,0.0,0.0,0.0,0.0,0.0,0.0,0.0,0.0,0.0,1
2022-01-14,train,0,0.0,0.0,0.0,0.0,0.0,0.0,0.0,0.0,0.0,0.0,1
2022-01-17,train,0,0.0,0.0,0.0,0.0,0.0,0.0,0.0,0.0,0.0,0.0,1
2022-01-18,train,2,-0.27885,-0.21909528225806452,-0.3187325,0.5669354838709677,0.030358019496458374,0.006837786661056175,0.003329476120345045,0.0019689319026579702,0.001288659793814433,-0.0235202328354022,0
2022-01-19,train,0,0.0,0.0,0.0,0.0,0.0,0.0,0.0,0.0,0.0,0.0,1
2022-01-20,train,0,0.0,0.0,0.0,0.0,0.0,0.0,0.0,0.0,0.0,0.0,1
2022-01-21,train,2,-0.23785000000000003,-0.18908363377609105,-0.21498823529411767,0.5735294117647058,0.030417291445708226,0.004396006290458252,0.008450060344512306,0.003040997695936803,0.003040997695936803,-0.026021285155249974,0
2022-01-24,train,4,-0.41947500000000004,0.02995785466749562,-0.06864255319148937,0.3310962973197016,0.0257820105315273,0.00845129984111866,0.005502636141389423,0.001150706131364683,0.0015442616140053124,-0.01733071069040864,0
2022-01-25,train,0,0.0,0.0,0.0,0.0,0.0,0.0,0.0,0.0,0.0,0.0,1
2022-01-26,train,3,-0.020433333333333303,-0.12968551066217734,-0.23995925925925932,0.4535914702581369,0.028417499515275457,0.004542978444822263,0.004759715892854457,0.003953595238577621,0.0008445945945945946,-0.023874521070453195,0
2022-01-27,train,2,0.0129,0.06275630434782609,0.06273,0.30380434782608695,0.016001485074898784,0.010710167149709928,0.006892598950008716,0.0,0.00040032025620496394,-0.005291317925188859,0
2022-01-28,train,2,-0.7424,-0.08130635135135135,-0.09211000000000001,0.4725225225225225,0.027917381479606103,0.0024542960572555717,0.0057361376673040155,0.002570807417428084,0.0031130575855823177,-0.025463085422350533,0
2022-01-31,train,3,-0.39339999999999997,-0.13009029720279722,-0.3488538461538461,0.4911858974358974,0.02155707049485874,0.006581829786127696,0.003587098945748735,0.0012502862002420436,0.0021999538165763267,-0.014975240708731042,0
2022-02-02,train,3,-0.13820000000000002,-0.047573992582981346,-0.07708918918918918,0.4108853490875963,0.024070821809188698,0.007582147432238417,0.01337779014261496,0.00045787545787545793,0.0010526687399105873,-0.016488674376950282,0
2022-02-03,train,3,0.06743333333333333,-0.037298650793650794,-0.1442542857142857,0.39404761904761904,0.0179494940442369,0.009566113013264746,0.0027521258287009024,0.0015319305536388341,0.0018382459284086265,-0.008383381030972152,0
2022-02-04,train,2,0.0309,0.041464871794871794,-0.043160000000000004,0.28717948717948716,0.015473567103827475,0.005979760809567618,0.00918091183329411,0.00045998160073597056,0.0018399264029438822,-0.009493806294259857,0
2022-02-07,train,4,-0.12975,0.011608730762653896,-0.01704375000000001,0.3409511798905609,0.01947753677347359,0.00537523614429321,0.003780587537679106,0.0012503832580933944,0.004286221330932595,-0.01410230062918038,0
2022-02-08,train,0,0.0,0.0,0.0,0.0,0.0,0.0,0.0,0.0,0.0,0.0,1
2022-02-09,train,0,0.0,0.0,0.0,0.0,0.0,0.0,0.0,0.0,0.0,0.0,1
2022-02-10,train,2,0.34965,0.04434944852941177,-0.10614901960784313,0.3174019607843137,0.018869496628264808,0.008700595099226409,0.003816115449990557,0.0014970059880239522,0.0024598298764252568,-0.010168901529038397,0
2022-02-11,train,4,0.10997500000000002,0.0737785801275163,-0.04022978723404254,0.2234221649115266,0.013832192638842342,0.008389717417806855,0.0024605730327801173,0.007390581564968486,0.003767602495543672,-0.005442475221035487,0
2022-02-14,train,2,-0.13485000000000003,0.10444425133689837,-0.15164090909090913,0.32486631016042783,0.017517530811729708,0.010870431364215893,0.003094453888652784,0.0006906077348066298,0.0006906077348066298,-0.0066470994475138125,0
2022-02-15,train,1,0.4588,0.12628636363636364,0.12628636363636364,0.22727272727272727,0.02204585537918871,0.003527336860670194,0.003527336860670194,0.001763668430335097,0.003527336860670194,-0.018518518518518517,0
2022-02-16,train,3,-0.49689999999999995,-0.1604406293706294,-0.2729346153846154,0.5395493395493395,0.030069832061261573,0.007861104812388267,0.009230363511470495,0.003461563841929608,0.0025157143356057633,-0.022208727248873305,0
2022-02-17,train,2,-0.31095,0.0212277272727273,-0.19010454545454544,0.3927272727272727,0.033173895534866216,0.005916816584157332,0.014574825242165992,0.0041511824878862295,0.0020578090598313047,-0.027257078950708884,0
2022-02-18,train,1,-0.4019,0.006370370370370367,0.006370370370370367,0.2962962962962963,0.014263074484944533,0.001584786053882726,0.017432646592709985,0.001584786053882726,0.003169572107765452,-0.012678288431061807,0
2022-02-21,train,4,-0.183125,-0.139942030509763,-0.274195652173913,0.4826176466009745,0.0292430463157601,0.0034559349265818164,0.005228423230377311,0.0030398642433748482,0.002042761190222284,-0.02578711138917828,0
2022-02-22,train,4,0.091375,-0.03317827540106952,-0.19695,0.3703208556149733,0.01798363471222946,0.004040889921845068,0.0056828058009204775,0.0027857829998857416,0.004624340889678211,-0.013942744790384395,0
2022-02-23,train,6,-0.13098333333333334,-0.07260653340080972,-0.20164,0.39162511108916753,0.021549645694711902,0.005118313327705224,0.0037790845846956945,0.0010426543795187865,0.0018697270536442347,-0.01643133236700668,0
2022-02-24,train,10,-0.14392,-0.05169388136335462,-0.2605452380952381,0.4002484206163988,0.023738439755812715,0.005639406931199563,0.005897665646843514,0.001340721373994737,0.0014784365551934215,-0.018099032824613153,0
2022-02-25,train,23,-0.08809565217391305,-0.017451954157663752,-0.23242333333333332,0.35486537180650407,0.02151993665291719,0.005768013169043694,0.005768020222009975,0.0013550329271971814,0.0034035658159627226,-0.015751923483873494,0
2022-03-01,train,11,-0.12627272727272726,-0.061671101641111496,-0.2130692307692308,0.3747797375717443,0.025092268093679603,0.00812104365661495,0.0053424692960761695,0.0015875238428972864,0.0025037256619733256,-0.016971224437064655,0
2022-03-02,train,23,-0.1984,0.008806944554437889,-0.166965,0.30326802739761005,0.0172702041931708,0.00585131212322074,0.005183256127488565,0.0012515105035016399,0.0025875016395964824,-0.01141889206995006,0
2022-03-04,train,20,-0.188525,-0.03885462732082528,-0.23895,0.34157893434523673,0.023176774708100336,0.0058328404106887015,0.003301521650520055,0.0032889382871067853,0.002603841234475343,-0.017343934297411635,0
2022-03-07,train,13,-0.23293846153846154,-0.048360301618802275,-0.3049404761904762,0.37398533745424817,0.02024071909543607,0.00620089059582803,0.004517435506973729,0.0010249849806115406,0.0008692780112732398,-0.014039828499608041,0
2022-03-08,train,12,-0.2897416666666667,-0.05491074056392137,-0.1936153846153846,0.36269970797572476,0.02467537044676522,0.005506749932182309,0.007503854585065503,0.0033285458024451477,0.0017810725634524965,-0.019168620514582912,0
2022-03-09,train,13,-0.14956923076923076,0.004824001680409493,-0.25495000000000007,0.35977687823096716,0.022056666714623037,0.0041612444886876,0.0038818965191735463,0.003801572073819227,0.0012934406212887365,-0.017895422225935438,0
2022-03-10,train,10,-0.27863000000000004,-0.035600373656808966,-0.33048823529411764,0.33963285349149575,0.01875764935014541,0.003587484253400326,0.007719070409184662,0.0017979946948454939,0.003500366302503514,-0.015170165096745087,0
2022-03-11,train,17,-0.2645294117647059,-0.00010750233592760674,-0.2862392857142857,0.3568883661420901,0.02107322633607897,0.0073609318788361525,0.004718189736833451,0.0028212254519982116,0.0019298917547939298,-0.013712294457242818,0
2022-03-14,train,9,-0.11286666666666667,-0.07511165346592977,-0.3969125,0.3825348627980207,0.022871689347429124,0.0026961112833989065,0.0029984958051781693,0.003314639847722111,0.0020258514220688525,-0.020175578064030215,0
2022-03-15,train,9,-0.16244444444444445,-9.820175438595948e-05,-0.28772631578947366,0.3755833827725513,0.024286865485212736,0.008265624328876058,0.004070646341824453,0.004414184129578355,0.0018264252151959583,-0.01602124115633668,0
2022-03-16,train,8,-0.03431250000000002,-0.11385567649170726,-0.4187295454545455,0.43177411651051334,0.0227165416631114,0.004424201523403227,0.004343148100982327,0.0011019839058292085,0.003199341415994245,-0.018292340139708173,0
2022-03-17,train,6,0.20206666666666664,0.10581202413844326,-0.09779090909090908,0.2082813428401664,0.01716973825439943,0.008232374136917093,0.002521454350021738,0.010071979330828025,0.004199509792963807,-0.008937364117482336,0
2022-03-18,train,7,0.05812857142857143,0.03559420568142104,-0.21284285714285714,0.3096722209220294,0.020690267542796535,0.004863363697480023,0.003575980241526232,0.004297487052444661,0.003551845757036562,-0.01582690384531651,0
2022-03-21,train,4,-0.387075,-0.15657525530689034,-0.2615224489795918,0.44265822811481315,0.01953661975247249,0.007049479716642338,0.004076251775158609,0.004704210665219151,0.002198876283272425,-0.01248714003583015,0
2022-03-22,train,6,-0.25201666666666667,-0.15028986554373522,-0.39602666666666664,0.4716289325331879,0.02566501310755175,0.005619066025285985,0.004782167259528025,0.0012663414044636232,0.0003362917053021215,-0.02004594708226577,0
2022-03-23,train,13,-0.18616923076923075,-0.03100299141833734,-0.23868199999999998,0.34284334651635656,0.020592212689153115,0.006631325297992178,0.0035593446726705806,0.005723127852082363,0.0028027458035056944,-0.013960887391160935,0
2022-03-24,train,9,-0.26697777777777776,-0.003320680608449577,-0.15076428571428574,0.3459918908061323,0.022157332818791342,0.0058331614893201884,0.005917649280389074,0.00430362680147005,0.0034841916067235093,-0.016324171329471157,0
2022-03-25,train,10,-0.03665,-0.08034557229958739,-0.46797857142857147,0.4105647920087575,0.020801523900977146,0.006594742187870599,0.007317433082524564,0.004150187786121808,0.0027453791875638274,-0.014206781713106544,0
2022-03-28,train,5,0.28318000000000004,0.09004645030525031,0.03802307692307692,0.25787382987382984,0.012130554198203403,0.010206504863200743,0.002847691089814622,0.00044994375703037124,0.0016173138467648284,-0.0019240493350026592,0
2022-03-29,train,5,-0.13984000000000002,0.06907789689966895,-0.05313333333333334,0.2517189754689754,0.016019907535333264,0.007789384616249022,0.006653922949509755,0.0024929158895885327,0.002750834345410864,-0.00823052291908424,0
2022-03-30,train,3,-0.015666666666666662,-0.07780874946581197,-0.130296,0.41967948717948717,0.027655936809814024,0.005400213546512688,0.0051069760121944825,0.001962627076313639,0.0005747126436781609,-0.02225572326330133,0
2022-03-31,train,9,-0.030122222222222224,-0.05138916009560511,-0.12896216216216214,0.4190395584257477,0.028269712211247387,0.005239597018305417,0.004655604127388416,0.0031894900225304078,0.0007359283125650938,-0.023030115192941972,0
2022-04-01,train,9,0.010255555555555554,0.10186041410995766,-0.08741304347826084,0.2827377953313215,0.01465313428150745,0.007985384790798626,0.0054048646701289026,0.0023928638443221997,0.0020651572155387724,-0.006667749490708824,0
2022-04-04,train,6,-0.34759999999999996,-0.037682015835031196,-0.37771538461538456,0.3866762131754635,0.028354612361229423,0.007878495623152864,0.00595133848011617,0.008693849713833688,0.0024296892837798838,-0.020476116738076557,0
2022-04-05,train,4,-0.544775,-0.11975951265745383,-0.3478807692307692,0.3848844319432555,0.02605512589740368,0.0063430072581559345,0.009980926989667863,0.007252559726962458,0.0023959349098000974,-0.01971211863924775,0
2022-04-06,train,5,-0.3053,-0.06729082175536882,-0.26632352941176474,0.34905695611577964,0.02291070434045333,0.004074598029184957,0.004415991311739387,0.0077429766058540695,0.0032091285679458743,-0.018836106311268374,0
2022-04-07,train,8,-0.3153625,-0.12619262373156734,-0.33416521739130434,0.43470219638098473,0.027919318845773273,0.005687346099348562,0.0035307384858156445,0.011283844383796258,0.0037370091337559576,-0.02223197274642471,0
2022-04-08,train,6,-0.3506,-0.015967320756585458,-0.08590833333333332,0.3932354909070595,0.01828669287673958,0.005006976603595634,0.004734879379305244,0.0016715941584030157,0.0017407101524475818,-0.013279716273143949,0
2022-04-11,train,8,-0.024737500000000003,0.15272946632819795,-0.06444444444444444,0.1855489417989418,0.01391649965379325,0.008764180710656128,0.004113331265535832,0.003960046652983496,0.0012360104311739011,-0.005152318943137121,0
2022-04-12,train,7,-0.06644285714285714,-0.005405588730826479,-0.29251785714285716,0.3185263240700341,0.013066389238416591,0.005286189191814729,0.003228723312359795,0.0033361537201631783,0.0029661130490848094,-0.007780200046601862,0
2022-04-13,train,10,-0.13077999999999998,3.131209546210073e-05,-0.247776,0.32976930651930647,0.02112172950109111,0.005792346994174369,0.005298346207386126,0.0016138625944569717,0.001002522743494441,-0.015329382506916739,0
2022-04-14,train,7,-0.1153142857142857,0.037228111903800425,-0.1522941176470588,0.30754968463357885,0.02188919313090968,0.006629341318120392,0.005724928361937755,0.003200061099018597,0.0023966833227392144,-0.015259851812789287,0
2022-04-18,train,4,-0.18295,-0.022599563025210066,-0.17185882352941176,0.3630672268907563,0.02172273135490879,0.009707287574479802,0.00472757346071195,0.0026737038273253223,0.0021541857423152387,-0.012015443780428988,0
2022-04-19,train,8,-0.477425,-0.13395213135788503,-0.42951481481481485,0.4661328996081318,0.026873168908759515,0.007327203395805022,0.004415272593074431,0.0036804813892467748,0.0028351576427134554,-0.01954596551295449,0
2022-04-20,train,6,-0.061766666666666685,0.041053546946587895,-0.14348461538461538,0.2628428181014388,0.018052799329032778,0.007354713414629917,0.006040794159022385,0.0005482926042260125,0.0016645610232372441,-0.01069808591440286,0
2022-04-21,train,1,0.3818,0.03533636363636364,0.03533636363636364,0.18181818181818182,0.008064516129032258,0.008064516129032258,0.004032258064516129,0.0,0.0,0.0,0
2022-04-22,train,9,-0.07495555555555555,0.06701712590963457,-0.17191818181818183,0.25105575137636904,0.015136190011181463,0.005620193215752732,0.005597542121407874,0.0015260602203274291,0.0018589394135749325,-0.009515996795428729,0
2022-04-25,train,3,-0.38466666666666666,0.025510353535353542,-0.029625,0.3341750841750842,0.023309222163377243,0.005233182421968716,0.0058959639836266816,0.002112083795252112,0.0,-0.018076039741408523,0
2022-04-26,train,3,0.3540666666666667,0.052064752567693745,-0.18238235294117647,0.3123249299719888,0.020703656937010276,0.004091929455129361,0.007335194972435624,0.0,0.0031785379140818987,-0.016611727481880917,0
2022-04-27,train,7,-0.31065714285714285,-0.031517824427800684,-0.21256500000000003,0.40086081230521764,0.02289931437114372,0.0057521541861364905,0.004182396219179703,0.001933261341424597,0.0017740196716170143,-0.01714716018500723,0
2022-04-28,train,20,-0.08959500000000001,-0.015256469394964903,-0.42875800000000003,0.355292328488599,0.02242361296856937,0.006239287017577227,0.005371763878586707,0.0043183150837881705,0.0029269290669689486,-0.016184325950992142,0
2022-05-09,train,4,-0.25955,-0.07083271747587924,-0.24672592592592593,0.4422307812013694,0.014628175278911124,0.005674137686673089,0.004491962901854907,0.004714806276492898,0.004177737541694344,-0.008954037592238034,0
2022-05-10,train,1,0.0,-0.07756428571428572,-0.07756428571428572,0.35714285714285715,0.023809523809523808,0.003401360544217687,0.003401360544217687,0.0,0.0,-0.02040816326530612,0
2022-05-11,train,4,0.16075,0.07157140476190475,0.0036366666666666583,0.30952380952380953,0.02073522435377289,0.00910649635517506,0.0037366368673050552,0.006491108302147679,0.000967503879496977,-0.011628727998597828,0
2022-05-12,train,2,-0.22949999999999998,0.08585326086956521,0.03235652173913045,0.2875494071146245,0.024762446906336208,0.010771992818671455,0.004962706718629126,0.004962706718629126,0.0028115922990468688,-0.013990454087664755,0
2022-05-13,train,8,-0.2164125,0.025993357909200304,-0.11540499999999998,0.32870426172056605,0.018132493337390112,0.008645225782327322,0.006260637820702357,0.00044882718777669887,0.002591167700178142,-0.00948726755506279,0
2022-05-17,train,3,0.12040000000000001,-0.020519396825396812,-0.297192,0.2771428571428572,0.019179926029009534,0.008399364934356394,0.0023358750077044177,0.001364256480218281,0.0021878544131056893,-0.010780561094653142,0
2022-05-18,train,7,-0.20217142857142859,0.0036898007361374683,-0.10728333333333333,0.2920698570044279,0.018942521068511634,0.007135521516235677,0.004994268980151097,0.0028299622058769384,0.0014128980270711998,-0.01180699955227596,0
2022-05-19,train,4,-0.100475,-0.06915299080330331,-0.091755,0.3528903903903904,0.02343121547688882,0.0023767463429571235,0.008835650967355016,0.0006426735218508997,0.0009276200517885662,-0.02105446913393169,0
2022-05-20,train,7,-0.2326285714285714,-0.014385491555144871,-0.13970377358490566,0.31833960644409354,0.02689576877565068,0.006635631868230842,0.005410336193366929,0.003170716623932412,0.0021036988772579176,-0.02026013690741984,0
2022-05-23,train,4,0.0129,-0.038345324074074066,-0.21486296296296295,0.3255824372759857,0.021230084257102485,0.0031705744386812313,0.004939878082440579,0.0007283232848276706,0.003869561282265794,-0.018059509818421256,0
2022-05-24,train,8,-0.1359125,0.010684282617986745,-0.23129130434782613,0.3653398177105944,0.025340319430924997,0.006569555904095117,0.00736768934764873,0.001916130841467697,0.0032896874784707777,-0.01877076352682988,0
2022-05-25,train,8,-0.0978,0.09019580797018258,-0.04407894736842105,0.2811136959906538,0.019030253293273854,0.0078111447626605796,0.006751409628510202,0.0025689784318324534,0.0032766322366380597,-0.011219108530613274,0
2022-05-27,train,4,-0.24125,0.022034372949704728,-0.14148181818181818,0.36086596469891663,0.02701586443891246,0.007616422947084352,0.008793530362108285,0.004702864771777482,0.005762801199655245,-0.019399441491828106,0
2022-05-30,train,1,0.0,-0.029102631578947366,-0.029102631578947366,0.39473684210526316,0.044407894736842105,0.009868421052631578,0.003289473684210526,0.0,0.0,-0.03453947368421052,0
2022-05-31,train,4,-0.14985,-0.08905442780748662,-0.196676,0.4047593582887701,0.020619613219302092,0.005101995451259538,0.004417279943323824,0.0013481715201434255,0.0013581917504627448,-0.015517617768042556,0
2022-06-02,train,2,-0.3447,0.008379779411764716,-0.10758749999999999,0.3529411764705882,0.020651394681960377,0.007269399548140425,0.0019605926312130694,0.00523820385818561,0.0012165450121654502,-0.013381995133819952,0
2022-06-03,train,2,0.0,-0.0650681697612732,-0.07375172413793103,0.46374889478337755,0.022193156732891833,0.008915011037527593,0.005811258278145695,0.0,0.0015518763796909492,-0.01327814569536424,0
2022-06-06,train,4,-0.17765,0.05575904314983262,-0.1456923076923077,0.29438982070561015,0.020343706050585927,0.007902586092776068,0.0050741688702224345,0.008220140218955771,0.003490995334101829,-0.01244111995780986,0
2022-06-07,train,2,-0.2391,0.06518323798627003,0.051044736842105254,0.3232265446224256,0.02177601809954751,0.002297794117647059,0.0037825226244343896,0.014776583710407241,0.0026395173453996985,-0.019478223981900453,0
2022-06-08,train,2,0.0,0.12327855464159812,0.07211521739130436,0.195358401880141,0.012900024127569038,0.005283389265425193,0.0033682634730538923,0.0018315018315018315,0.001122754491017964,-0.007616634862143844,0
2022-06-09,train,1,-0.8519,-0.11874642857142856,-0.11874642857142856,0.5,0.036048064085447265,0.010680907877169559,0.0013351134846461949,0.0013351134846461949,0.0026702269692923898,-0.025367156208277706,0
2022-06-10,train,8,0.10335000000000001,-0.003549823904166011,-0.09786666666666669,0.32707659664896505,0.016011826025303242,0.008403964938900886,0.0029544763877084558,0.0016053008461066323,0.0018515739081382987,-0.0076078610864023545,0
2022-06-13,train,0,0.0,0.0,0.0,0.0,0.0,0.0,0.0,0.0,0.0,0.0,1
2022-06-14,train,1,0.0,-0.028397368421052626,-0.028397368421052626,0.2894736842105263,0.022508038585209004,0.013933547695605574,0.0053590568060021436,0.0,0.003215434083601286,-0.00857449088960343,0
2022-06-15,train,4,0.147125,0.06270213122605364,-0.07634999999999999,0.2541507024265645,0.01696285751421451,0.006462411818271414,0.004506311672449035,0.0003720238095238095,0.0016610842625670158,-0.010500445695943094,0
2022-06-16,train,2,-0.48030000000000006,0.24092036613272316,0.24035652173913047,0.19221967963386727,0.015060465462947436,0.009041869305159596,0.006954925745802821,0.0017655169843665568,0.003745318352059925,-0.006018596157787839,0
2022-06-17,train,2,-0.2934,-0.07466418918918918,-0.18127837837837837,0.4272972972972973,0.018522343548742704,0.005301298490316441,0.0043097346159648164,0.0015839493136219642,0.0070569873632175635,-0.013221045058426263,0
2022-06-20,train,2,-0.29295,0.0009617167919799448,-0.04067894736842105,0.37593984962406013,0.024002704530087897,0.004969574036511156,0.005510480054090602,0.0,0.0015212981744421906,-0.01903313049357674,0
2022-06-21,train,1,0.0,-0.15498043478260867,-0.15498043478260867,0.5,0.018949181739879414,0.006029285099052541,0.002583979328165375,0.0,0.007751937984496124,-0.012919896640826873,0
2022-06-22,train,3,0.23603333333333332,0.07062246145667199,0.008012121212121205,0.24221158958001063,0.01439875193748589,0.008797226415641644,0.002711071930490552,0.003084527984926392,0.0016298843877418465,-0.005601525521844247,0
2022-06-23,train,5,0.13642,0.008551174605999624,-0.13311538461538464,0.31904019942195977,0.020709346482365568,0.008016299483800593,0.003892711371989005,0.0026673906846934356,0.003452117721018639,-0.012693046998564975,0
2022-06-24,train,7,-0.23504285714285714,-0.16754226502571665,-0.38434285714285715,0.5142708617420241,0.026726192240479462,0.004528259892505619,0.001493747404138695,0.001992787049830128,0.0032769739739686573,-0.022197932347973844,0
2022-06-27,train,4,0.005750000000000005,0.1607396840631641,0.12159473684210527,0.1624416368064281,0.01332911442100303,0.010565663186450563,0.006139598023543294,0.0,0.001505751277757713,-0.002763451234552468,0
2022-06-28,train,3,-0.19316666666666668,0.04064603174603173,-0.17629333333333333,0.3126984126984127,0.02762961752172018,0.007850580403807008,0.007375524225458208,0.0,0.006970056199508255,-0.019779037117913168,0
2022-06-29,train,6,-0.15398333333333333,-0.0658229250841751,-0.3856166666666667,0.43541967291967293,0.03192454938779522,0.005916272211453096,0.002809301117198518,0.010725350697379225,0.003909101064308541,-0.026008277176342128,0
2022-06-30,train,1,-0.765,-0.019025000000000014,-0.019025000000000014,0.25,0.01876675603217158,0.0,0.005361930294906166,0.0,0.0,-0.01876675603217158,0
2022-07-01,train,7,-0.2482,-0.10180518909172864,-0.3156294117647058,0.47328518675374653,0.020096411274587188,0.006453794409846199,0.0024044408704451715,0.000948409014049039,0.0018319863447316404,-0.013642616864740989,0
2022-07-04,train,3,0.16526666666666667,0.05567404761904762,-0.03574285714285715,0.32301587301587303,0.01847800428279967,0.012624075457626715,0.0020729003321698957,0.0008936550491510277,0.0027911632957784717,-0.005853928825172955,0
2022-07-05,train,5,-0.0931,-0.02551373015873017,-0.36847222222222226,0.40284780578898227,0.021546883886749284,0.007396937920715595,0.005402885972801653,0.004759444636552282,0.0022996211167006556,-0.01414994596603369,0
2022-07-06,train,3,0.13213333333333332,0.0999606613756614,-0.08324857142857142,0.30396825396825394,0.018054165950127977,0.006814547138883242,0.0030873697309907245,0.0037461411551450094,0.003558617512616803,-0.011239618811244736,0
2022-07-07,train,1,0.0,0.07628750000000001,0.07628750000000001,0.1875,0.016551724137931035,0.002758620689655172,0.002758620689655172,0.005517241379310344,0.002758620689655172,-0.013793103448275862,0
2022-07-08,train,4,-0.230025,0.13463084644322845,0.045725000000000016,0.24855221158230734,0.021407151875901875,0.011203155504626094,0.004059038388082505,0.011113631058484,0.0007878151260504202,-0.010203996371275783,0
2022-07-11,train,2,-0.44299999999999995,-0.260191784989858,-0.49613529411764706,0.5202839756592292,0.03900190789243182,0.0040053000551027364,0.0032774980172570302,0.0032822757111597373,0.0,-0.03499660783732908,0
2022-07-12,train,5,-0.3538,0.07805510735725255,-0.18831,0.26303736795569826,0.018509744118690774,0.007865420965031938,0.006923293827796051,0.001608097608097608,0.0015887975305668475,-0.010644323153658836,0
2022-07-13,train,3,-0.2615,-0.07178304093567252,-0.3925888888888889,0.3586744639376218,0.03038562167792713,0.0021834705379009177,0.0015385907900303294,0.007174953432151129,0.003970735305315834,-0.02820215114002621,0
2022-07-14,train,2,-0.44115000000000004,-0.019106899871630292,-0.05655526315789473,0.36810012836970474,0.02926455932156468,0.0065102844962027185,0.005925466239722425,0.0005530973451327434,0.0005530973451327434,-0.022754274825361964,0
2022-07-15,train,8,-0.247825,0.038506270455313,-0.22267555555555557,0.3367146643742388,0.013620341729529752,0.009584065569231437,0.002095230414681539,0.00023589302548084366,0.0019402705186833983,-0.004036276160298315,0
2022-07-18,train,1,-0.5563,0.01336315789473685,0.01336315789473685,0.3684210526315789,0.03298611111111111,0.008680555555555556,0.003472222222222222,0.0,0.0,-0.024305555555555556,0
2022-07-19,train,3,0.1417,0.09018385858585858,-0.05577333333333334,0.2814141414141414,0.01795450910176754,0.01035510114418428,0.0032773054029111956,0.0014641288433382138,0.003102781544793812,-0.007599407957583261,0
2022-07-20,train,3,-0.051633333333333344,-0.1452091531685138,-0.32283666666666666,0.49414606422279056,0.022800212563603442,0.000985223589400782,0.002231973357343545,0.0018315018315018317,0.0034728933999052386,-0.02181498897420266,0
2022-07-21,train,0,0.0,0.0,0.0,0.0,0.0,0.0,0.0,0.0,0.0,0.0,1
2022-07-22,train,4,-0.260675,-0.08181411345762524,-0.6053166666666666,0.46335175713578614,0.02295288520335171,0.002296919712669574,0.003764637371338183,0.0022272297466692723,0.001963745374060831,-0.020655965490682136,0
2022-07-25,train,0,0.0,0.0,0.0,0.0,0.0,0.0,0.0,0.0,0.0,0.0,1
2022-07-26,train,3,0.0,-0.0023820105820105803,-0.05636785714285714,0.22883597883597884,0.018469402238058954,0.0035307695755456953,0.003067806612582732,0.000552791597567717,0.000462962962962963,-0.01493863266251326,0
2022-07-27,train,1,0.0,-0.038889285714285717,-0.038889285714285717,0.4642857142857143,0.03576982892690513,0.004665629860031105,0.0015552099533437014,0.003110419906687403,0.003110419906687403,-0.031104199066874026,0
2022-07-28,train,2,-0.05135,0.01653852040816326,-0.08619795918367347,0.38137755102040816,0.02834567901234568,0.01896090534979424,0.003,0.004,0.001,-0.009384773662551438,0
2022-07-29,train,5,-0.10613999999999998,-0.12400763888888891,-0.37150000000000005,0.41230158730158734,0.01737157369976417,0.004026839514509788,0.004034039850175435,0.00042238648363252375,0.0007317445656124155,-0.013344734185254382,0
2022-08-01,train,0,0.0,0.0,0.0,0.0,0.0,0.0,0.0,0.0,0.0,0.0,1
2022-08-02,train,3,-0.20119999999999996,-0.029059814814814806,-0.07216,0.3907407407407408,0.03206909224642066,0.009604382764921461,0.004654585423800261,0.0032258477555518537,0.002907632176349217,-0.022464709481499204,0
2022-08-03,train,4,-0.388825,-0.08942090935672514,-0.36061333333333334,0.4930409356725146,0.027961974586820836,0.005516538085733759,0.006630116068090378,0.009289976271108346,0.0019860973187686196,-0.022445436501087077,0
2022-08-04,train,4,-0.23725000000000002,0.03789539054336468,-0.08732500000000001,0.37237460815047024,0.0193811579493072,0.005211492444388788,0.006677490295265361,0.0020299223933585167,0.0031387860343329798,-0.01416966550491841,0
2022-08-05,train,6,-0.19940000000000002,-0.061678243014162464,-0.34696666666666665,0.3797860827116146,0.02149651946340865,0.00524709488697461,0.006617371975165584,0.0033299905590575695,0.0014541816262420807,-0.016249424576434038,0
2022-08-08,train,1,-0.7003,0.06072500000000001,0.06072500000000001,0.25,0.006369426751592357,0.025477707006369428,0.0,0.0,0.0,0.019108280254777073,0
2022-08-09,train,2,0.0,-0.00588843843843842,-0.2848324324324324,0.3385885885885886,0.016487203105273844,0.013126491646778043,0.0036594086678104465,0.0006165228113440197,0.007199632734859877,-0.0033607114584958027,0
2022-08-10,train,1,-0.4939,-0.20650869565217395,-0.20650869565217395,0.4782608695652174,0.0336,0.0048,0.0032,0.0032,0.0048,-0.0288,0
2022-08-11,train,0,0.0,0.0,0.0,0.0,0.0,0.0,0.0,0.0,0.0,0.0,1
2022-08-12,train,4,0.05282500000000001,0.09164042149979651,0.0023142857142857054,0.23340201465201466,0.0206718138231278,0.010053147181071104,0.00524210430899934,0.000819672131147541,0.0036585593232377764,-0.010618666642056695,0
2022-08-15,train,1,0.0772,0.19745,0.19745,0.21428571428571427,0.02203856749311295,0.02203856749311295,0.0027548209366391185,0.0027548209366391185,0.0,0.0,0
2022-08-16,train,4,-0.4094,-0.015864615683229815,-0.15621428571428572,0.3492977131564088,0.026202075576359868,0.007102219037780484,0.003518201491512385,0.0014550122046769528,0.002510635145451623,-0.019099856538579384,0
2022-08-18,train,1,-0.8481,-0.3233041666666666,-0.3233041666666666,0.7083333333333334,0.03958090803259604,0.0011641443538998836,0.004656577415599534,0.002328288707799767,0.0011641443538998836,-0.03841676367869616,0
2022-08-19,train,3,-0.2685666666666667,0.013178159722222227,-0.015382857142857143,0.2965277777777778,0.014675526022808444,0.004717915199650708,0.002411716261153118,0.0003271180896303565,0.0006190036704826625,-0.009957610823157737,0
2022-08-22,train,0,0.0,0.0,0.0,0.0,0.0,0.0,0.0,0.0,0.0,0.0,1
2022-08-23,train,1,-0.7269,-0.14896666666666666,-0.14896666666666666,0.5238095238095238,0.02768729641693811,0.010586319218241042,0.008143322475570033,0.004071661237785016,0.0016286644951140066,-0.01710097719869707,0
2022-08-24,train,3,-0.11169999999999998,0.11334229767968308,0.0004599999999999937,0.29770232031692134,0.017008694315563806,0.008627757237435299,0.006707203719963917,0.002901861545759275,0.004563324616618319,-0.008380937078128509,0
2022-08-25,train,1,0.0,0.054884615384615386,0.054884615384615386,0.3076923076923077,0.018691588785046728,0.003115264797507788,0.006230529595015576,0.0,0.003115264797507788,-0.015576323987538939,0
2022-08-26,train,1,-0.0516,0.033318518518518525,0.033318518518518525,0.2222222222222222,0.026427962489343565,0.004262574595055414,0.005115089514066497,0.0025575447570332483,0.0034100596760443308,-0.022165387894288152,0
2022-08-29,train,3,-0.6918333333333333,-0.17656765533317256,-0.2423727272727273,0.51886236368995,0.03833928309452785,0.0036761994803952845,0.006174866314726454,0.0007870916961826052,0.003351349505195659,-0.03466308361413257,0
2022-08-30,train,0,0.0,0.0,0.0,0.0,0.0,0.0,0.0,0.0,0.0,0.0,1
2022-08-31,train,1,-0.4215,-0.1648,-0.1648,0.5128205128205128,0.0372940156114484,0.0017346053772766695,0.008673026886383347,0.0008673026886383347,0.0008673026886383347,-0.03555941023417173,0
2022-09-01,train,0,0.0,0.0,0.0,0.0,0.0,0.0,0.0,0.0,0.0,0.0,1
2022-09-02,train,4,-0.4227,-0.10329541607076645,-0.3025096774193548,0.4298042798877059,0.02379550214549287,0.005596297613949249,0.004396759606103963,0.0017969625377464817,0.0043918725103576604,-0.01819920453154362,0
2022-09-05,train,2,0.11315,0.012284099378881988,0.00339428571428571,0.3167701863354037,0.025969237252423092,0.00838656375451904,0.004829551755494932,0.0014749262536873156,0.0018796992481203006,-0.01758267349790405,0
2022-09-06,train,3,-0.5172,0.004870079365079366,-0.06455833333333333,0.3728835978835979,0.023979284866561378,0.002968001075836869,0.009718215348972865,0.002250071424378665,0.0033429675992420528,-0.021011283790724505,0
2022-09-07,train,5,-0.08837999999999999,-0.09270048514431237,-0.31529375,0.4740412463797064,0.030149143351296363,0.0040472024996182345,0.003521676088381091,0.0014021687239991816,0.0028977145397508157,-0.026101940851678128,0
2022-09-08,train,4,-0.029975,0.05886895604395603,-0.16116,0.3436813186813187,0.01901070388298707,0.010157418811305023,0.005766133525853938,0.001520181800108279,0.001037564439340244,-0.008853285071682048,0
2022-09-09,train,3,-0.43296666666666667,-0.07690608718766613,-0.23797878787878787,0.432373268286581,0.024314409978010505,0.012283312759659673,0.004856902356902357,0.0019661076379210414,0.001212740634554038,-0.012031097218350833,0
2022-09-12,train,1,-0.3566,-0.058251428571428565,-0.058251428571428565,0.4,0.015468607825295723,0.017288444040036398,0.007279344858962694,0.0009099181073703367,0.0009099181073703367,0.001819836214740675,0
2022-09-13,train,3,-0.1255666666666667,0.004461640211640226,-0.2418722222222222,0.36640211640211645,0.024250312536464244,0.008638248956936262,0.007391358170465508,0.001622677494770518,0.0019533653254583485,-0.015612063579527982,0
2022-09-14,train,1,-0.836,-0.08978947368421053,-0.08978947368421053,0.4473684210526316,0.031945788964181994,0.010648596321393998,0.007744433688286544,0.000968054211035818,0.000968054211035818,-0.021297192642787996,0
2022-09-15,train,1,0.5855,-0.19458548387096772,-0.19458548387096772,0.532258064516129,0.02127659574468085,0.0070921985815602835,0.0035460992907801418,0.000591016548463357,0.0017730496453900709,-0.014184397163120567,0
2022-09-16,train,4,-0.5675250000000001,-0.2651820614035088,-0.45321666666666666,0.6024122807017545,0.022894865242149003,0.0025422725143869206,0.0033795096494790996,0.0009394547046915305,0.001015359506073967,-0.020352592727762082,0
2022-09-19,train,1,-0.3612,0.004286956521739129,0.004286956521739129,0.30434782608695654,0.004789272030651341,0.0038314176245210726,0.0019157088122605363,0.0,0.0,-0.000957854406130268,0
2022-09-20,train,5,-0.31705999999999995,-0.06676680423280425,-0.2596083333333334,0.417037037037037,0.025043559353548718,0.006720088196455695,0.003271514526261643,0.004087841056873888,0.0017639025870571277,-0.01832347115709302,0
2022-09-21,train,5,-0.27422,-0.015159475710552983,-0.31854736842105263,0.35780568442382554,0.02575222801556811,0.0078050230048376966,0.003386809030048556,0.002624857391825797,0.0020885958632781533,-0.017947205010730417,0
2022-09-22,train,3,-0.21676666666666664,-0.09739804459632045,-0.35195945945945944,0.4722135929032481,0.03596944228522004,0.0056674676238300595,0.00832483459271158,0.015584945546858681,0.003261657291573938,-0.030301974661389983,0
2022-09-23,train,4,0.215425,-0.02510466755319148,-0.27368249999999994,0.3938023855577047,0.026816126294314135,0.00897575118304126,0.0019139872810861622,0.0038366594171342448,0.0010367942986300217,-0.017840375111272875,0
2022-09-26,train,1,0.5719,0.24008709677419357,0.24008709677419357,0.25806451612903225,0.02004008016032064,0.01002004008016032,0.006012024048096192,0.002004008016032064,0.002004008016032064,-0.01002004008016032,0
2022-09-27,train,4,-0.27225,-0.06510708333333334,-0.13481111111111113,0.41203703703703703,0.02358055690414656,0.004860953944665559,0.006695681378127622,0.0006578947368421052,0.0024615688999277793,-0.018719602959480997,0
2022-09-28,train,2,-0.37895,-0.10275718157181572,-0.23623658536585368,0.42231255645889787,0.019341538107078057,0.0015527950310559005,0.006196780170303454,0.003867587623719604,0.002711991321627771,-0.017788743076022157,0
2022-09-29,train,5,0.01916000000000002,0.1050928492063492,-0.2312071428571429,0.27706349206349207,0.026054180570440833,0.006986994850870447,0.0025782829239858135,0.007456974254392956,0.0018212885020605896,-0.019067185719570386,0
2022-09-30,train,5,-0.24474,-0.10275496076146078,-0.26694666666666667,0.4512674825174825,0.029337159479482088,0.004211141730326561,0.003046972429507934,0.0044912013408763595,0.0003861003861003861,-0.025126017749155526,0
2022-10-03,train,1,-0.5574,0.07637272727272727,0.07637272727272727,0.36363636363636365,0.0125,0.008333333333333333,0.0,0.0,0.0,-0.0041666666666666675,0
2022-10-04,train,2,-0.10025,-0.10755243902439025,-0.1650048780487805,0.5051347881899871,0.034617030380830124,0.004874245233680407,0.004875196120382256,0.0024390243902439024,0.003413683259639614,-0.029742785147149717,0
2022-10-05,train,2,-0.46605,-0.027605357142857154,-0.06625357142857144,0.3611111111111111,0.021480917742269755,0.006208995994305731,0.006852404265945483,0.008111615833874108,0.005537982747315097,-0.015271921747964025,0
2022-10-06,train,0,0.0,0.0,0.0,0.0,0.0,0.0,0.0,0.0,0.0,0.0,1
2022-10-07,train,1,-0.4404,-0.21276470588235297,-0.21276470588235297,0.5,0.04155844155844156,0.003896103896103896,0.006493506493506494,0.003896103896103896,0.0,-0.03766233766233766,0
2022-10-10,train,2,0.04730000000000001,0.0929948275862069,-0.03200000000000001,0.27370689655172414,0.019582618639222414,0.006360777587192681,0.00959119496855346,0.0022727272727272726,0.0007575757575757576,-0.013221841052029731,0
2022-10-11,train,6,-0.6166833333333334,-0.11364103986576708,-0.2961875,0.4492268430669759,0.02804865265083385,0.007285851996795889,0.004653754512187904,0.0007279750639406059,0.0014601234220633773,-0.02076280065403796,0
2022-10-12,train,0,0.0,0.0,0.0,0.0,0.0,0.0,0.0,0.0,0.0,0.0,1
2022-10-13,train,3,-0.2094,0.053660440744060255,-0.042317241379310346,0.3053760397503027,0.021364013308972047,0.008273220227892479,0.003978111324513165,0.008962776580343364,0.002432543200368178,-0.013090793081079572,0
2022-10-14,train,4,-0.427775,-0.18933431863275613,-0.39965277777777775,0.46739718614718617,0.014886101516210764,0.0035818354561373365,0.008253352620351664,0.007027620180251637,0.0,-0.01130426606007343,0
2022-10-17,train,3,-0.15560000000000002,0.12071166905786707,0.040276470588235296,0.13199426111908177,0.009149410866738964,0.00600590387967775,0.004570668859943268,0.0010335403611301767,0.0020670807222603533,-0.003143506987061215,0
2022-10-18,train,1,0.0,0.03635,0.03635,0.125,0.005813953488372093,0.005813953488372093,0.00872093023255814,0.0,0.0,0.0,0
2022-10-19,train,1,0.1779,0.1331766666666667,0.1331766666666667,0.16666666666666666,0.013679890560875513,0.008207934336525308,0.004103967168262654,0.0,0.0027359781121751026,-0.005471956224350205,0
2022-10-20,train,1,-0.7964,0.06285675675675677,0.06285675675675677,0.2972972972972973,0.02237926972909305,0.01060070671378092,0.002355712603062426,0.0,0.002355712603062426,-0.01177856301531213,0
2022-10-21,train,3,-0.04159999999999999,-0.012418442780337935,-0.15155625,0.3513824884792627,0.021066759818702027,0.003853469963797018,0.002973962487983473,0.006630269617782376,0.0026033473633490637,-0.01721328985490501,0
2022-10-24,train,4,-0.45285,0.0022943236138178082,-0.15027837837837837,0.33387355868677027,0.029441488240235517,0.009735341471044085,0.003486668852409593,0.009300027153512993,0.0014401982821100469,-0.019706146769191434,0
2022-10-25,train,0,0.0,0.0,0.0,0.0,0.0,0.0,0.0,0.0,0.0,0.0,1
2022-10-26,train,3,0.1178333333333333,0.029379682539682556,-0.18481428571428568,0.35873015873015873,0.024500104988148003,0.007823086696749046,0.005411708981804081,0.0009425070688030161,0.0038666117216550177,-0.016677018291398955,0
2022-10-27,train,0,0.0,0.0,0.0,0.0,0.0,0.0,0.0,0.0,0.0,0.0,1
2022-10-28,train,2,-0.6723,-0.481847094017094,-0.5230711111111112,0.7957264957264958,0.04892054911794351,0.0022624434389140274,0.0012335341983979963,0.011031671315919244,0.003151079740104612,-0.04665810567902949,0
2022-10-31,train,3,0.2621,0.11721459722222223,0.10042399999999999,0.285,0.016222477147016173,0.007699344170772275,0.003992056960453353,0.0010396482218594987,0.0009760858955588092,-0.008523132976243894,0
2022-11-01,train,0,0.0,0.0,0.0,0.0,0.0,0.0,0.0,0.0,0.0,0.0,1
2022-11-02,train,1,-0.2732,0.12150454545454549,0.12150454545454549,0.3181818181818182,0.0328125,0.0109375,0.0015625,0.0046875,0.0,-0.021875000000000002,0
2022-11-03,train,1,-0.4588,0.15763611111111114,0.15763611111111114,0.2777777777777778,0.017478152309612985,0.006242197253433208,0.004993757802746567,0.0024968789013732834,0.0,-0.011235955056179777,0
2022-11-04,train,1,-0.5994,-0.17770526315789473,-0.17770526315789473,0.5263157894736842,0.024229074889867842,0.0022026431718061676,0.0,0.004405286343612335,0.0022026431718061676,-0.022026431718061675,0
2022-11-07,train,1,-0.6808,-0.10709736842105264,-0.10709736842105264,0.42105263157894735,0.03225806451612903,0.008415147265077139,0.004207573632538569,0.0,0.004207573632538569,-0.023842917251051893,0
2022-11-08,train,0,0.0,0.0,0.0,0.0,0.0,0.0,0.0,0.0,0.0,0.0,1
2022-11-09,train,1,0.2263,0.12495945945945948,0.12495945945945948,0.2702702702702703,0.018018018018018018,0.009009009009009009,0.0045045045045045045,0.0,0.0,-0.009009009009009009,0
2022-11-10,train,1,0.0,0.04671111111111111,0.04671111111111111,0.25,0.016224188790560472,0.005162241887905605,0.003687315634218289,0.0,0.0007374631268436578,-0.011061946902654867,0
2022-11-11,train,1,-0.128,0.0601625,0.0601625,0.5,0.03015075376884422,0.005025125628140704,0.005025125628140704,0.0,0.0,-0.025125628140703515,0
2022-11-14,train,0,0.0,0.0,0.0,0.0,0.0,0.0,0.0,0.0,0.0,0.0,1
2022-11-15,train,0,0.0,0.0,0.0,0.0,0.0,0.0,0.0,0.0,0.0,0.0,1
2022-11-16,train,3,-0.20033333333333334,-0.129805686630369,-0.2598210526315789,0.4724742891712039,0.03367409787472197,0.008038961532545854,0.008995101338210179,0.003084573571648983,0.0012734695815234162,-0.025635136342176113,0
2022-11-17,train,2,-0.31245,0.015830555555555542,-0.06613888888888891,0.343698175787728,0.021747979470237745,0.009413898885021532,0.007627131142705445,0.0029201817001946787,0.0025957170668397143,-0.012334080585216211,0
2022-11-18,train,1,0.0,-0.43845,-0.43845,0.75,0.046357615894039736,0.0,0.006622516556291391,0.002207505518763797,0.0,-0.046357615894039736,0
2022-11-21,train,1,-0.1027,-0.009934615384615379,-0.009934615384615379,0.4230769230769231,0.025036818851251842,0.011782032400589101,0.007363770250368188,0.005891016200294551,0.0014727540500736377,-0.01325478645066274,0
2022-11-22,train,1,-0.296,-0.16225937499999998,-0.16225937499999998,0.59375,0.040236686390532544,0.007100591715976331,0.005917159763313609,0.002366863905325444,0.007100591715976331,-0.033136094674556214,0
2022-11-23,train,2,-0.6684,-0.2958560606060607,-0.5072666666666669,0.6550116550116549,0.04100624560549795,0.0022603978300180833,0.004304807817213457,0.0017103762827822121,0.0010222049935976873,-0.03874584777547986,0
2022-11-24,train,2,-0.07950000000000002,-0.07112239583333332,-0.216540625,0.3385416666666667,0.015822530398954877,0.006426489800020099,0.00542156567179178,0.0016129032258064516,0.0005376344086021505,-0.00939604059893478,0
2022-11-25,train,3,0.13396666666666665,-0.03230555555555555,-0.09689666666666667,0.36000000000000004,0.022252346856003653,0.010521856281768415,0.0021180182138284837,0.0028985569053249435,0.00047551117451260106,-0.01173049057423524,0
2022-11-28,train,2,-0.39615,-0.0687060325476992,-0.11169848484848484,0.388327721661055,0.013456561075608695,0.0052108385441718775,0.0041457660505279555,0.0,0.002118692594883071,-0.008245722531436817,0
2022-11-29,train,2,-0.60445,-0.13941247248716065,-0.3666042553191489,0.48037417461482024,0.028860180347321494,0.01331352721962839,0.004632684623364386,0.0008764241893076249,0.0013146362839614374,-0.015546653127693105,0
2022-11-30,train,2,-0.354,-0.3372970238095238,-0.3616892857142857,0.6904761904761905,0.03610329247271923,0.008530761715475092,0.006278882075060419,0.0018198362147406734,0.0018427518427518428,-0.027572530757244133,0
2022-12-01,train,1,0.0,0.12634313725490195,0.12634313725490195,0.11764705882352941,0.008293838862559242,0.01066350710900474,0.002369668246445498,0.0,0.001184834123222749,0.002369668246445498,0
2022-12-02,train,3,-0.1354,0.08104097313716879,0.014865217391304357,0.2859756990191773,0.016419249518034144,0.006671671800900098,0.004506003637440569,0.0013861397827501468,0.003156302211052606,-0.009747577717134049,0
2022-12-05,train,1,0.0,0.13693157894736843,0.13693157894736843,0.13157894736842105,0.015228426395939087,0.017766497461928935,0.0012690355329949238,0.0025380710659898475,0.0012690355329949238,0.0025380710659898484,0
2022-12-06,train,2,-0.70875,-0.060843280632411054,-0.134795652173913,0.4209486166007905,0.03529973728206353,0.002790951584837422,0.0045600327544440275,0.008490566037735849,0.0036558736224367944,-0.03250878569722611,0
2022-12-07,train,0,0.0,0.0,0.0,0.0,0.0,0.0,0.0,0.0,0.0,0.0,1
2022-12-08,train,2,-0.26585,-0.10091183574879227,-0.16798888888888888,0.4855072463768116,0.01787008357981416,0.005627009646302251,0.0073273247481064376,0.0,0.0033080321436048292,-0.012243073933511909,0
2022-12-09,train,3,-0.3667,-0.1492319832471052,-0.29263170731707316,0.4712293668391229,0.02138470202990375,0.00884680476710773,0.0020886679605888066,0.011577117658774472,0.0009749068357240613,-0.012537897262796022,0
2022-12-12,train,3,0.16153333333333333,-0.014599613784907895,-0.24058823529411763,0.3406120023767083,0.01671255216153712,0.009345835838429059,0.005885822036561382,0.0010433184276884436,0.004961411223793313,-0.007366716323108061,0
2022-12-13,train,3,0.07833333333333335,0.09921036983899251,0.01998333333333333,0.21261092512885915,0.021768351470987712,0.0064416322376477375,0.002642781436742944,0.002097688949849232,0.005882329749527876,-0.015326719233339975,0
2022-12-14,train,0,0.0,0.0,0.0,0.0,0.0,0.0,0.0,0.0,0.0,0.0,1
2022-12-15,train,1,0.0,0.2436894736842105,0.2436894736842105,0.10526315789473684,0.00847457627118644,0.012711864406779662,0.00847457627118644,0.0,0.0,0.004237288135593221,0
2022-12-16,train,2,-0.064,-0.06363301282051285,-0.24088269230769235,0.40224358974358976,0.021568920539676777,0.005938081663303474,0.0038133979635778673,0.003172789812906831,0.0011353000003558934,-0.0156308388763733,0
2022-12-19,train,1,0.0258,-0.010976190476190481,-0.010976190476190481,0.2619047619047619,0.025191675794085433,0.007667031763417305,0.001095290251916758,0.017524644030668127,0.0032858707557502738,-0.017524644030668127,0
2022-12-20,train,0,0.0,0.0,0.0,0.0,0.0,0.0,0.0,0.0,0.0,0.0,1
2022-12-21,train,3,-0.0172,0.029674436674436668,-0.08326153846153847,0.27283827283827283,0.008653565562494268,0.007445729356867519,0.006949365927679904,0.0006289308176100629,0.0012578616352201257,-0.0012078362056267492,0
2022-12-22,train,0,0.0,0.0,0.0,0.0,0.0,0.0,0.0,0.0,0.0,0.0,1
2022-12-23,train,7,-0.014100000000000001,-0.04636885958849351,-0.22825384615384614,0.44206222018722013,0.023239341329985754,0.007548891200856429,0.002357955147747194,0.0029578696396204518,0.0015352988074204112,-0.015690450129129323,0
2022-12-26,train,0,0.0,0.0,0.0,0.0,0.0,0.0,0.0,0.0,0.0,0.0,1
2022-12-27,train,1,0.4767,0.28853541666666666,0.28853541666666666,0.1875,0.014667817083692839,0.012942191544434857,0.003451251078515962,0.003451251078515962,0.0025884383088869713,-0.0017256255392579817,0
2022-12-28,train,1,0.3612,0.13953333333333331,0.13953333333333331,0.3333333333333333,0.004651162790697674,0.004651162790697674,0.0,0.0,0.0,0.0,0
2022-12-29,train,2,-0.17,0.024232500000000008,0.007290000000000002,0.3666666666666667,0.02630580198301627,0.0012690355329949238,0.007412590730110536,0.0025380710659898475,0.0012690355329949238,-0.02503676645002135,0
2022-12-30,train,3,0.11333333333333334,-0.1759079891889416,-0.26050612244897964,0.5256304542018828,0.02347848912637157,0.004036277953690877,0.0031746129911823565,0.0028415348234638754,0.002132946324515689,-0.019442211172680694,0
2023-01-02,train,2,0.21075,0.08922306547619048,0.08129375,0.19642857142857142,0.008871486805406566,0.004650289637416863,0.0,0.001694915254237288,0.0021132804119287705,-0.0042211971679897015,0
2023-01-03,train,0,0.0,0.0,0.0,0.0,0.0,0.0,0.0,0.0,0.0,0.0,1
2023-01-04,train,2,-0.125,0.0020746753246753055,-0.11613636363636365,0.2532467532467533,0.012146366610905953,0.006570295321360561,0.0018727182821492072,0.0,0.000931098696461825,-0.005576071289545393,0
2023-01-05,train,1,0.0,-0.04924528301886793,-0.04924528301886793,0.32075471698113206,0.0236734693877551,0.006530612244897959,0.0016326530612244899,0.008979591836734694,0.0,-0.01714285714285714,0
2023-01-06,train,4,-0.126425,0.001760416666666667,-0.19890000000000002,0.3283234126984127,0.014974872563409056,0.0061013889641763595,0.0028171064705129834,0.0020612485717979422,0.004005942234831696,-0.008873483599232696,0
2023-01-09,train,1,-0.2023,-0.0018347826086956625,-0.0018347826086956625,0.30434782608695654,0.01818181818181818,0.00909090909090909,0.0036363636363636364,0.0018181818181818182,0.0018181818181818182,-0.00909090909090909,0
2023-01-10,train,2,-0.09149999999999997,-0.014236195286195324,-0.21731481481481488,0.2744107744107744,0.02089744524660298,0.00782469189819879,0.008478572643963149,0.0071149031332798564,0.002352998371375094,-0.01307275334840419,0
2023-01-11,train,2,-0.5328999999999999,-0.127684375,-0.2038375,0.421875,0.03214830139372822,0.010575457317073171,0.010997386759581881,0.0,0.0023228803716608595,-0.02157284407665505,0
2023-01-12,train,4,-0.12270000000000002,-0.003708544685990342,-0.027353124999999992,0.3743835547504026,0.027561553874240072,0.0070953891481034806,0.0038586950184930986,0.0005672248203694745,0.0004655132603245811,-0.020466164726136587,0
2023-01-13,train,3,-0.17020000000000002,0.10066839519818242,-0.06914761904761905,0.2100539334581888,0.013720560104685836,0.009495782734030038,0.003069227107444373,0.0002881014116969173,0.000630119722747322,-0.0042247773706558,0
2023-01-16,train,3,-0.23026666666666665,0.061999358974358966,0.0457125,0.2986111111111111,0.023035481731133903,0.006911617781182999,0.007174781087824566,0.0015386384951602342,0.00383434079086253,-0.01612386394995091,0
2023-01-17,train,11,-0.16131818181818183,-0.013902552112638326,-0.15486000000000003,0.34982479728561233,0.019384322759400597,0.00950943974303526,0.008728739564047312,0.0008492572425666915,0.0019040824203825622,-0.009874883016365335,0
2023-01-18,train,3,0.09600000000000002,0.07324967901234568,-0.017018518518518516,0.2518518518518518,0.018541383890129454,0.0034868586031071257,0.004508547093598978,0.003849785565272233,0.001821047729362454,-0.01505452528702233,0
2023-01-19,train,2,-0.05125000000000002,0.11467509469696968,0.10295625,0.26136363636363635,0.01755883093185679,0.01058838796954634,0.004341534008683068,0.0,0.000723589001447178,-0.006970442962310451,0
2023-01-20,train,7,-0.1895285714285714,-0.09099725306302893,-0.26241,0.4798907715163873,0.032214710453430474,0.006957711736984387,0.008186840736943342,0.011076953690452503,0.0024642745654933564,-0.02525699871644609,0
2023-01-24,train,3,-0.3814666666666667,-0.0810150451559934,-0.23033809523809518,0.34551176792556104,0.02522543355647937,0.0038535337791637246,0.005735652608601797,0.0006872852233676976,0.004259114645289923,-0.021371899777315646,0
2023-01-25,train,8,-0.006112499999999993,0.060087844106975194,-0.14186666666666667,0.28586076474795985,0.017146182915848025,0.00394906838854581,0.0036359142363567814,0.0012403928920644656,0.0013961411838349575,-0.013197114527302213,0
2023-01-26,train,2,-0.09334999999999996,-0.01772550505050506,-0.10493888888888889,0.38636363636363635,0.021184873786029856,0.005854952868440345,0.004732618412772555,0.00441473177504006,0.004012507866072414,-0.01532992091758951,0
2023-01-27,train,6,-0.039983333333333336,-0.010052323115480996,-0.4132807692307692,0.3745983548615128,0.02147012134495854,0.00587583766639482,0.003452639113692473,0.007324239051596709,0.0016278048488235196,-0.015594283678563718,0
2023-01-30,train,3,-0.5572666666666667,-0.12831645582964368,-0.3574833333333333,0.4505411483589852,0.033594422010570335,0.00313817724618274,0.0025818917058866276,0.011444303676555611,0.002618467228033737,-0.030456244764387592,0
2023-01-31,train,2,0.11315,-0.011499404761904766,-0.08672380952380954,0.4285714285714286,0.029895590087171273,0.007528150330712897,0.0046061398897216145,0.0046061398897216145,0.0008038585209003215,-0.022367439756458378,0
2023-02-01,train,3,-0.03569999999999999,-0.019682405766276723,-0.30600714285714287,0.39947418173224625,0.02697268841667506,0.007285276199227392,0.003976511743514021,0.011475118483412323,0.005013318379076489,-0.01968741221744767,0
2023-02-02,train,0,0.0,0.0,0.0,0.0,0.0,0.0,0.0,0.0,0.0,0.0,1
2023-02-03,train,1,0.3818,0.19985882352941176,0.19985882352941176,0.23529411764705882,0.024330900243309004,0.014598540145985401,0.0072992700729927005,0.0024330900243309003,0.004866180048661801,-0.009732360097323603,0
2023-02-06,train,2,0.019500000000000017,0.1872790789473684,0.079945,0.1651315789473684,0.010719429603232179,0.005248185077124294,0.0029381628903209405,0.003789363042822119,0.000628140703517588,-0.005471244526107885,0
2023-02-07,train,4,-0.14215,-0.15962224415204676,-0.3160184210526315,0.4915204678362573,0.033232866910104526,0.0036066543986485447,0.0053692778952801855,0.001978891820580475,0.0025424423671101346,-0.02962621251145598,0
2023-02-08,train,2,-0.58345,-0.039157852564102556,-0.08718653846153844,0.40865384615384615,0.030605588323129762,0.006725026131103479,0.0022416753770344933,0.001819378079737196,0.0019495669702852025,-0.02388056219202628,0
2023-02-09,train,2,-0.20825000000000002,-0.10321074414715718,-0.1472695652173913,0.4941471571906354,0.02689104096923322,0.010999521759923482,0.004344014028375578,0.0008169934640522876,0.0,-0.01589151920930974,0
2023-02-10,train,6,-0.07751666666666666,-0.04613752822199114,-0.2283695652173913,0.3983102717118063,0.021574907275974557,0.006020215592828012,0.004563314933818635,0.0017664858633902319,0.0006535677277773243,-0.015554691683146544,0
2023-02-13,train,4,0.032174999999999995,0.04855090591397849,-0.05519999999999999,0.3324841872232764,0.023219386205482476,0.0053359404150010135,0.0011601777508458313,0.0022627632776674473,0.0049193934132702585,-0.017883445790481463,0
2023-02-14,train,3,0.0652,-0.04044108114108115,-0.14786060606060608,0.45551670551670553,0.03017694683029164,0.00752733476694372,0.007204010430461487,0.006955322646419547,0.0017648963049848442,-0.022649612063347924,0
2023-02-15,train,2,-0.3182,0.07080819512195123,0.0008920000000000039,0.2553658536585366,0.030727116141732284,0.006753062117235345,0.0030484470691163603,0.004582923228346456,0.0028365594925634295,-0.023974054024496937,0
2023-02-16,train,2,-0.2202,0.00019376218323587102,-0.04627037037037037,0.3060428849902534,0.015618859025909242,0.0007331378299120235,0.002932551319648094,0.0058877770051697555,0.007731958762886598,-0.014885721195997218,0
2023-02-17,train,3,-0.07783333333333332,-0.05657653011101287,-0.18216206896551726,0.41438255231358684,0.027052520995107996,0.010114041249770589,0.003706657047204977,0.0013011587654180353,0.0006872852233676976,-0.01693847974533741,0
2023-02-20,train,1,0.0,0.11448108108108106,0.11448108108108106,0.2702702702702703,0.012206572769953052,0.006572769953051643,0.009389671361502348,0.0009389671361502347,0.0018779342723004694,-0.005633802816901409,0
2023-02-21,train,3,-0.2071333333333333,-0.1657921387790953,-0.23066363636363638,0.5432586736934563,0.03448618401227201,0.0027408941008097974,0.0059225554379317875,0.006241769319614498,0.0037411441633254266,-0.03174528991146222,0
2023-02-22,train,0,0.0,0.0,0.0,0.0,0.0,0.0,0.0,0.0,0.0,0.0,1
2023-02-23,train,2,-0.1476,-0.007870361990950227,-0.02271764705882354,0.4179864253393665,0.02835388639760837,0.002170138888888889,0.005099339810662681,0.00043402777777777775,0.004412291355256602,-0.02618374750871948,0
2023-02-24,train,5,-0.27334,-0.09275785449735449,-0.34376500000000004,0.37507936507936507,0.018648034974948404,0.0055603572252977945,0.005218787164901334,0.0008290896372123125,0.0031255889962411116,-0.013087677749650611,0
2023-02-27,train,3,0.14049999999999999,0.07898654244306419,0.002426086956521746,0.23084886128364387,0.01777679458218014,0.008645371130071253,0.0027900473432909173,0.002069228201419144,0.0006897427338063812,-0.009131423452108886,0
2023-02-28,train,2,-0.2989,-0.10037142857142857,-0.1795,0.49014778325123154,0.02831528002861445,0.006332272066908359,0.005556193394830852,0.009380285173033529,0.0029674245669193983,-0.02198300796170609,0
2023-03-01,train,3,0.05426666666666665,-0.033214001536098325,-0.13106129032258065,0.4446236559139785,0.031070125187518463,0.003180059676381699,0.0034167786610783354,0.007299176173348358,0.0016286644951140064,-0.027890065511136763,0
2023-03-02,train,2,-0.05275000000000002,0.041129404761904756,-0.21171785714285715,0.28214285714285714,0.020774606403857372,0.0167474117048697,0.002277958328663914,0.018096514745308313,0.0013404825737265416,-0.004027194698987671,0
2023-03-03,train,4,-0.03810000000000001,0.03581080562659846,-0.11673913043478261,0.27103022664713877,0.014188427651992836,0.0076634452083657,0.0033683362108302304,0.0012203686696595985,0.0011625612775260708,-0.006524982443627137,0
2023-03-06,train,2,-0.064,0.029262215909090922,-0.010743749999999982,0.2537878787878788,0.015318122615677861,0.007460566064926978,0.003617099957309927,0.004891684136967156,0.002719792694831238,-0.007857556550750884,0
2023-03-07,train,1,-0.5859,-0.2647956521739131,-0.2647956521739131,0.6956521739130435,0.05220883534136546,0.004016064257028112,0.002008032128514056,0.018072289156626505,0.004016064257028112,-0.048192771084337345,0
2023-03-08,train,2,-0.0386,0.18967594859241127,0.17522558139534883,0.1835985312117503,0.00940694032311243,0.002967359050445104,0.0023517350807781075,0.001736111111111111,0.007186572700296736,-0.006439581272667326,0
2023-03-09,train,1,0.0,0.16826949152542375,0.16826949152542375,0.0847457627118644,0.0028109627547434997,0.004216444132115249,0.0028109627547434997,0.0035137034434293743,0.004919184820801124,0.0014054813773717494,0
2023-03-10,train,5,0.03368000000000002,0.01749227636165578,-0.22463529411764707,0.34826742919389975,0.02218848614578501,0.01254901830534691,0.004491947261589526,0.0010284241449143115,0.001510378817393528,-0.009639467840438098,0
2023-03-13,train,0,0.0,0.0,0.0,0.0,0.0,0.0,0.0,0.0,0.0,0.0,1
2023-03-14,train,2,-0.1366,-0.023177019607843144,-0.15765600000000002,0.34705882352941175,0.03085081050500143,0.0077478620663202925,0.005412156536219817,0.0031683449972112173,0.0013760126318279233,-0.023102948438681135,0
2023-03-15,train,2,0.0,0.2037277272727273,0.16314545454545457,0.1893939393939394,0.008224975145204334,0.004391013901243612,0.0007587253414264037,0.0021551724137931034,0.002913897755219507,-0.003833961243960721,0
2023-03-16,train,1,-0.6705,-0.018966666666666666,-0.018966666666666666,0.26666666666666666,0.007633587786259542,0.007633587786259542,0.0,0.0,0.002544529262086514,0.0,0
2023-03-17,train,2,-0.2963,-0.232003789836348,-0.2841703703703704,0.5103359173126615,0.04123024709997232,0.003074595505900707,0.0024533856722276743,0.03045343599808762,0.002944062806673209,-0.03815565159407161,0
2023-03-20,train,2,0.0,0.1358326923076923,-0.04358461538461538,0.3088578088578089,0.021353322331108548,0.010219655036438784,0.0033834275337977634,0.0033834275337977634,0.001455604075691412,-0.011133667294669764,0
2023-03-21,train,3,0.2302,0.18134541666666668,0.053700000000000005,0.21309523809523812,0.013562364088007676,0.004998633420357249,0.0031988620057365118,0.0034900266361262227,0.0019554343088065405,-0.008563730667650427,0
2023-03-24,train,2,0.0,0.06628743589743591,-0.07058666666666667,0.35384615384615387,0.021578631452581033,0.015006002400960384,0.003826530612244898,0.0,0.0,-0.006572629051620649,0
2023-03-27,train,1,-0.34,0.15190227272727272,0.15190227272727272,0.09090909090909091,0.006091370558375634,0.005076142131979695,0.0,0.003045685279187817,0.0010152284263959391,-0.0010152284263959394,0
2023-03-28,train,0,0.0,0.0,0.0,0.0,0.0,0.0,0.0,0.0,0.0,0.0,1
2023-03-29,train,1,-0.4767,-0.16046666666666665,-0.16046666666666665,0.5555555555555556,0.04,0.0024242424242424242,0.007272727272727273,0.0036363636363636364,0.0012121212121212121,-0.037575757575757575,0
2023-03-30,train,1,0.4588,0.06296842105263159,0.06296842105263159,0.2631578947368421,0.004629629629629629,0.004629629629629629,0.004629629629629629,0.0,0.0023148148148148147,0.0,0
2023-03-31,train,6,-0.14955000000000002,-0.05930622578197949,-0.30793928571428575,0.3852415966386555,0.018704146851577175,0.007318889525060281,0.0028179366910701946,0.0023546785717486482,0.001056804605191702,-0.011385257326516893,0
2023-04-03,train,2,-0.5624,-0.20887801587301588,-0.42961714285714286,0.5666666666666667,0.02848727556983857,0.0045826974220259,0.005638413592578346,0.0035140562248995983,0.0020209571550879107,-0.023904578147812675,0
2023-04-04,train,3,-0.5299333333333334,-0.15464794901656315,-0.3603130434782609,0.4718555900621118,0.03405137319722986,0.006437310308998911,0.005981936902805833,0.005778916965467849,0.0028285065859245417,-0.027614062888230945,0
2023-04-05,train,3,-0.41450000000000004,0.005781060606060598,-0.05613214285714285,0.32597402597402597,0.0165362330779581,0.010830106818244227,0.0024036393259558265,0.0036667856587125056,0.0014571948998178506,-0.005706126259713871,0
2023-04-06,train,4,-0.603575,0.016572644927536233,-0.1049375,0.368131038647343,0.02292924251502909,0.005850947537871702,0.0058334401080052355,0.0016791361577061373,0.002458190372830813,-0.01707829497715739,0
2023-04-10,train,0,0.0,0.0,0.0,0.0,0.0,0.0,0.0,0.0,0.0,0.0,1
2023-04-11,train,0,0.0,0.0,0.0,0.0,0.0,0.0,0.0,0.0,0.0,0.0,1
2023-04-12,train,1,0.2263,0.03032857142857143,0.03032857142857143,0.3333333333333333,0.02888086642599278,0.0,0.0018050541516245488,0.005415162454873646,0.010830324909747292,-0.02888086642599278,0
2023-04-13,train,1,-0.4019,0.014850909090909092,0.014850909090909092,0.2909090909090909,0.01803921568627451,0.004705882352941176,0.00392156862745098,0.00392156862745098,0.001568627450980392,-0.013333333333333334,0
2023-04-14,train,4,-0.37124999999999997,-0.055738179736607565,-0.2411964912280702,0.3515251196172249,0.021110399623891277,0.005555782389059084,0.003538074507223423,0.0016584927572938016,0.0014504953171502319,-0.015554617234832193,0
2023-04-17,train,2,-0.4542,-0.018437707061900607,-0.11414838709677419,0.2907585004359198,0.021410101534498766,0.00569172249233749,0.0024779609236943783,0.002806924712718269,0.005594381158711301,-0.015718379042161276,0
2023-04-18,train,10,-0.21488000000000002,-0.030927111144974935,-0.41187777777777784,0.39461797243355967,0.027762372317164934,0.005555201907305681,0.0052942501215752875,0.0096535526384657,0.003995891344654914,-0.022207170409859252,0
2023-04-26,train,2,-0.6525000000000001,-0.345933908045977,-0.38598333333333334,0.6472701149425287,0.04747035589167773,0.002938227402076001,0.0038572860976134517,0.004052139531296303,0.002938227402076001,-0.044532128489601724,0
2023-04-27,train,1,-0.128,0.13019574468085107,0.13019574468085107,0.1276595744680851,0.0057405281285878304,0.011481056257175661,0.002296211251435132,0.001148105625717566,0.004592422502870264,0.0057405281285878304,0
2023-04-28,train,4,0.24722499999999997,0.006570632763975147,-0.4283321428571429,0.3537461180124224,0.026518476599776623,0.00939096579836436,0.0017900609420251228,0.005207140251045824,0.0006839664455206263,-0.017127510801412265,0
2023-05-02,train,2,0.6171,0.09276025641025641,0.08375384615384615,0.25,0.016577305517644764,0.012283096120101384,0.0035192045232988888,0.0,0.0033291089881068436,-0.004294209397543381,0
2023-05-03,train,0,0.0,0.0,0.0,0.0,0.0,0.0,0.0,0.0,0.0,0.0,1
2023-05-04,train,1,-0.7351,-0.3227555555555556,-0.3227555555555556,0.7111111111111111,0.03131991051454139,0.0037285607755406414,0.011931394481730051,0.005965697240865026,0.0,-0.027591349739000747,0
2023-05-05,train,5,-0.12498000000000001,-0.12208277129332674,-0.3983181818181818,0.44986200197360304,0.022502694334077637,0.004641190352324566,0.004337673251993841,0.00132587187920353,0.001119767091060678,-0.017861503981753075,0
2023-05-08,train,1,-0.8807,-0.11856363636363634,-0.11856363636363634,0.5,0.03889789303079417,0.0016207455429497568,0.0032414910858995136,0.0016207455429497568,0.012965964343598054,-0.037277147487844414,0
2023-05-09,train,3,0.0,0.014975000000000011,-0.17679999999999998,0.2981481481481481,0.018990983507716806,0.00584659785598024,0.0,0.003842589839948176,0.0006195786864931846,-0.013144385651736567,0
2023-05-10,train,3,-0.164,-0.10960862597547381,-0.2794826086956522,0.3604143441099963,0.030364345149418364,0.008269214646163158,0.007445616892948022,0.007916593981780566,0.0,-0.022095130503255206,0
2023-05-11,train,3,-0.1998,0.01909555555555555,-0.22555,0.3119479733817302,0.01882502683685149,0.00960999600010306,0.004566966470629273,0.0002978850163836759,0.0018130365315351912,-0.009215030836748428,0
2023-05-12,train,1,0.5719,0.21027441860465118,0.21027441860465118,0.16279069767441862,0.003131524008350731,0.011482254697286013,0.0020876826722338203,0.0020876826722338203,0.0,0.008350730688935281,0
2023-05-15,train,0,0.0,0.0,0.0,0.0,0.0,0.0,0.0,0.0,0.0,0.0,1
2023-05-16,train,0,0.0,0.0,0.0,0.0,0.0,0.0,0.0,0.0,0.0,0.0,1
2023-05-17,train,5,-0.15972,-0.03188750212206094,-0.20831428571428567,0.338691537220949,0.027332283171073245,0.0066569927372760575,0.0054682849608455614,0.0016642777712908216,0.0010177613902039011,-0.020675290433797188,0
2023-05-19,train,4,-0.026999999999999982,0.06672529319221968,-0.18977083333333333,0.24475482802856946,0.020969848148503115,0.01045241016510803,0.00568232727867186,0.00320858059820182,0.0053241749275366075,-0.010517437983395082,0
2023-05-22,train,1,-0.5574,0.08426,0.08426,0.3,0.043568464730290454,0.008298755186721992,0.01037344398340249,0.006224066390041493,0.004149377593360996,-0.035269709543568464,0
2023-05-23,train,3,-0.33980000000000005,0.11712673611111109,-0.127403125,0.2828282828282828,0.015475305808726568,0.011394516935137223,0.009097764081043866,0.0012376237623762376,0.005418588216437537,-0.004080788873589346,0
2023-05-24,train,1,-0.5106,-0.24781000000000003,-0.24781000000000003,0.6666666666666666,0.03535353535353535,0.006060606060606061,0.0030303030303030303,0.00202020202020202,0.00404040404040404,-0.02929292929292929,0
2023-05-25,train,0,0.0,0.0,0.0,0.0,0.0,0.0,0.0,0.0,0.0,0.0,1
2023-05-26,train,2,-0.23835,-0.3594475,-0.37243499999999996,0.7,0.01550893909123508,0.003103495381042638,0.0061899151341290575,0.002066150982702389,0.0,-0.012405443710192442,0
2023-05-29,train,1,0.7269,0.13116808510638298,0.13116808510638298,0.23404255319148937,0.016175071360608945,0.019029495718363463,0.0028544243577545195,0.0028544243577545195,0.0019029495718363464,0.0028544243577545182,0
2023-05-30,train,2,-0.3753,0.04401871118012422,-0.023930434782608697,0.2453416149068323,0.01655819808238256,0.005369864481225561,0.013156837538164871,0.000984251968503937,0.001968503937007874,-0.011188333601156997,0
2023-05-31,train,8,-0.0960875,0.012320040059627061,-0.16642941176470585,0.3107608981456984,0.01737893513955091,0.006200336580693995,0.001498624940958127,0.0076255812407090996,0.0009179437077954404,-0.011178598558856917,0
2023-06-05,train,1,-0.743,-0.2659681818181818,-0.2659681818181818,0.5227272727272727,0.041666666666666664,0.0011261261261261261,0.0045045045045045045,0.0045045045045045045,0.0,-0.040540540540540536,0
2023-06-06,train,1,-0.6908,-0.12157560975609759,-0.12157560975609759,0.5365853658536586,0.053800170794193,0.010247651579846286,0.010247651579846286,0.010247651579846286,0.004269854824935952,-0.04355251921434671,0
2023-06-07,train,1,-0.5647,0.046396428571428595,0.046396428571428595,0.21428571428571427,0.01559792027729636,0.005199306759098787,0.006932409012131715,0.0017331022530329288,0.0017331022530329288,-0.010398613518197573,0
2023-06-08,train,2,0.02260000000000001,0.1037569871794872,0.02960500000000001,0.19487179487179487,0.010291919826803548,0.011694950764718208,0.0018856065367693275,0.0,0.001257071024512885,0.0014030309379146596,0
2023-06-09,train,2,0.061,0.027996003401360534,-0.02961632653061226,0.28552532123960694,0.013980606685449681,0.0056386466686656565,0.001756989952506073,0.0045115254517957455,0.0018624748391647841,-0.008341960016784025,0
2023-06-12,train,1,0.0,0.340637037037037,0.340637037037037,0.037037037037037035,0.002824858757062147,0.012711864406779662,0.00423728813559322,0.0014124293785310734,0.0,0.009887005649717515,0
2023-06-13,train,2,0.40085,0.16496136363636366,0.12957272727272726,0.2512626262626263,0.00954901291329912,0.013898429055125443,0.005265047185024945,0.0006119951040391676,0.00238725322832478,0.004349416141826323,0
2023-06-14,train,1,0.0,0.0633,0.0633,0.391304347826087,0.028052805280528052,0.00825082508250825,0.0033003300330033004,0.0033003300330033004,0.0033003300330033004,-0.019801980198019802,0
2023-06-15,train,4,-0.48005,-0.0654420822642905,-0.23320303030303033,0.4152197027483069,0.023399648995813566,0.005758730253707073,0.005868119090422408,0.004579268490880591,0.0018853370770461238,-0.017640918742106493,0
2023-06-16,train,2,-0.41355,-0.18581910052910053,-0.45030857142857145,0.5624338624338625,0.039109346504020044,0.0036847408795123437,0.005393169125526011,0.004823693043521456,0.00212710848075845,-0.0354246056245077,0
2023-06-19,train,1,-0.6808,0.10939583333333334,0.10939583333333334,0.2916666666666667,0.018090452261306532,0.01407035175879397,0.003015075376884422,0.0,0.003015075376884422,-0.0040201005025125615,0
2023-06-20,train,2,0.098,0.04346416666666666,-0.06530500000000002,0.3583333333333333,0.02332816360864308,0.009911413700646653,0.003383102886283581,0.0,0.0006045949214026602,-0.013416749907996425,0
2023-06-21,train,2,-0.04620000000000002,0.06429045454545454,0.04181590909090909,0.2590909090909091,0.019782668271235718,0.007612568065104198,0.0015906680805938495,0.0042417815482502655,0.0005302226935312832,-0.012170100206131518,0
2023-06-22,train,0,0.0,0.0,0.0,0.0,0.0,0.0,0.0,0.0,0.0,0.0,1
2023-06-23,train,4,-0.480175,-0.26194627450980396,-0.3142566666666667,0.6457664884135472,0.03695931470453348,0.002724877830885703,0.0029830132882644254,0.005227147113603156,0.002682188733997264,-0.03423443687364777,0
2023-06-26,train,1,-0.5994,-0.051434375000000004,-0.051434375000000004,0.5,0.028768699654775604,0.01611047180667434,0.011507479861910242,0.0,0.0,-0.012658227848101264,0
2023-06-27,train,5,-0.17984,-0.0604049526640831,-0.1531391304347826,0.3818955601564297,0.020718969105901756,0.006608971066051489,0.00979462135354998,0.0018720279088128577,0.0010136813258139477,-0.01410999803985027,0
2023-07-03,train,1,-0.743,0.08778823529411764,0.08778823529411764,0.14705882352941177,0.010810810810810811,0.00945945945945946,0.004054054054054054,0.004054054054054054,0.013513513513513514,-0.0013513513513513514,0
2023-07-04,train,1,-0.3182,-0.05315757575757576,-0.05315757575757576,0.24242424242424243,0.011864406779661017,0.006779661016949152,0.003389830508474576,0.001694915254237288,0.010169491525423728,-0.005084745762711865,0
2023-07-05,train,0,0.0,0.0,0.0,0.0,0.0,0.0,0.0,0.0,0.0,0.0,1
2023-07-06,train,3,-0.23616666666666664,0.03189788424788425,-0.04555,0.27661752661752664,0.027162851278717887,0.00637779883801369,0.0070667891607334304,0.0005832604257801109,0.0017726164732553085,-0.020785052440704197,0
2023-07-07,train,1,-0.7317,0.04785333333333334,0.04785333333333334,0.2,0.005797101449275362,0.005797101449275362,0.002898550724637681,0.011594202898550725,0.0,0.0,0
2023-07-10,train,2,-0.31245,0.10264403381642512,0.10243695652173913,0.20845410628019323,0.021417533589759636,0.008298752689828477,0.00931089843881633,0.00970384206193706,0.0016066760700342276,-0.013118780899931159,0
2023-07-11,train,2,-0.2868,0.05567930672268908,8.214285714285008e-05,0.296218487394958,0.015595169333468547,0.012627810283023445,0.0014847818131313354,0.008165748828267953,0.0014847818131313354,-0.002967359050445104,0
2023-07-12,train,2,0.17,0.20644772727272725,0.1349,0.17967409948542024,0.02686771010402301,0.012154281193538386,0.002102109325721372,0.0029239766081871343,0.0014619883040935672,-0.014713428910484622,0
2023-07-13,train,2,0.0,0.1884849816849817,0.15121282051282053,0.17252747252747253,0.018222541929869693,0.013634154939641947,0.012214525948721858,0.002944062806673209,0.0004906771344455348,-0.004588386990227746,0
2023-07-14,train,3,-0.3859333333333333,-0.13237709576584258,-0.3102588235294118,0.5034100596760444,0.014416491415584912,0.0037335580785689405,0.005366144261670297,0.0044805519720751705,0.00166441843261825,-0.010682933337015971,0
2023-07-17,train,1,0.0772,0.04305641025641026,0.04305641025641026,0.3076923076923077,0.017094017094017096,0.004273504273504274,0.003205128205128205,0.0010683760683760685,0.004273504273504274,-0.012820512820512822,0
2023-07-18,train,1,0.0,0.19178684210526317,0.19178684210526317,0.05263157894736842,0.012443438914027148,0.003393665158371041,0.003393665158371041,0.0022624434389140274,0.0011312217194570137,-0.009049773755656108,0
2023-07-20,train,3,-0.7153999999999999,-0.03760155122655123,-0.14427500000000001,0.3638167388167388,0.020408197479977304,0.007217557542223547,0.0046857304997797505,0.0008135339898246585,0.0036806411830440297,-0.013190639937753759,0
2023-07-21,train,1,-0.5106,-0.2804285714285714,-0.2804285714285714,0.6190476190476191,0.01910828025477707,0.0021231422505307855,0.006369426751592357,0.0,0.006369426751592357,-0.016985138004246284,0
2023-07-24,train,2,0.1366,0.09114589490968801,0.07239655172413793,0.20935960591133004,0.018622307769726246,0.006955452395330112,0.004368583937198068,0.00390625,0.004711402979066023,-0.011666855374396136,0
2023-07-25,train,2,-0.45765,-0.07400564102564103,-0.22562666666666667,0.5205128205128204,0.027477660862666498,0.003975896697148106,0.005697001962503653,0.0005636978579481398,0.0034422105307110942,-0.023501764165518392,0
2023-07-26,train,2,-0.2294,0.15921170058139536,0.1355046511627907,0.24127906976744184,0.006570556921647477,0.006940437405865417,0.0016910935738444193,0.002692236751127642,0.0016910935738444193,0.00036988048421793956,0
2023-07-27,train,2,-0.26335,-0.0072797912713472475,-0.012017647058823529,0.3567362428842505,0.02795470333698809,0.007757639417805639,0.0034106412005457027,0.0014489994057533123,0.002813255885971593,-0.02019706391918245,0
2023-07-28,train,0,0.0,0.0,0.0,0.0,0.0,0.0,0.0,0.0,0.0,0.0,1
2023-07-31,train,3,0.1537333333333333,0.10542525499796003,0.0692842105263158,0.28702570379436965,0.021184230363334843,0.012074425850545254,0.003750012563445399,0.00387122468465752,0.0015400773908236596,-0.009109804512789588,0
2023-08-01,train,4,-0.6268,-0.09975773944805195,-0.31491875,0.4681547619047619,0.027911765898412565,0.004805977854774623,0.0058038123412613345,0.017035964452181935,0.004783963887067305,-0.023105788043637943,0
2023-08-02,train,1,-0.2929,-0.03826956521739131,-0.03826956521739131,0.5217391304347826,0.034782608695652174,0.013043478260869565,0.010869565217391304,0.006521739130434782,0.002173913043478261,-0.021739130434782608,0
2023-08-03,train,1,0.6124,0.07016428571428569,0.07016428571428569,0.42857142857142855,0.02588235294117647,0.007058823529411765,0.007058823529411765,0.002352941176470588,0.0,-0.018823529411764704,0
2023-08-04,train,1,0.0,0.10215714285714284,0.10215714285714284,0.22448979591836735,0.009425878320479864,0.004284490145672665,0.001713796058269066,0.0,0.005998286203941731,-0.0051413881748071984,0
2023-08-07,train,0,0.0,0.0,0.0,0.0,0.0,0.0,0.0,0.0,0.0,0.0,1
2023-08-08,train,0,0.0,0.0,0.0,0.0,0.0,0.0,0.0,0.0,0.0,0.0,1
2023-08-09,train,0,0.0,0.0,0.0,0.0,0.0,0.0,0.0,0.0,0.0,0.0,1
2023-08-10,train,1,0.0,0.04671296296296297,0.04671296296296297,0.16666666666666666,0.0078397212543554,0.002613240418118467,0.0078397212543554,0.0008710801393728223,0.0008710801393728223,-0.005226480836236933,0
2023-08-11,train,0,0.0,0.0,0.0,0.0,0.0,0.0,0.0,0.0,0.0,0.0,1
2023-08-14,train,1,-0.0762,0.07168666666666666,0.07168666666666666,0.4,0.027230046948356807,0.008450704225352112,0.009389671361502348,0.0,0.0009389671361502347,-0.018779342723004695,0
2023-08-15,train,1,-0.7003,-0.1267703703703704,-0.1267703703703704,0.48148148148148145,0.04242424242424243,0.0015151515151515152,0.006060606060606061,0.0015151515151515152,0.004545454545454545,-0.04090909090909091,0
2023-08-16,train,3,0.00686666666666665,-0.003143459805959814,-0.16824864864864866,0.3224185724185724,0.01253216435495097,0.008793846597941626,0.004760463510552688,0.0017139772864963705,0.002960083205499486,-0.0037383177570093455,0
2023-08-18,train,1,-0.6486,-0.09174500000000002,-0.09174500000000002,0.45,0.010964912280701754,0.017543859649122806,0.0,0.0,0.0,0.006578947368421052,0
2023-08-21,train,0,0.0,0.0,0.0,0.0,0.0,0.0,0.0,0.0,0.0,0.0,1
2023-08-22,train,2,-0.35015,0.03637061737804877,-0.08073437500000002,0.3597560975609756,0.02320893446720588,0.0071738722646926475,0.005467149514272435,0.002400685276443807,0.005035617557344314,-0.01603506220251323,0
2023-08-23,train,4,-0.42995,0.026302355932014604,-0.054896551724137946,0.3200018934331284,0.028332625052290738,0.005626309037861559,0.00545095296209835,0.009089096469362122,0.00253406791775576,-0.02270631601442918,0
2023-08-24,train,1,-0.6486,-0.042559999999999994,-0.042559999999999994,0.45,0.022594142259414227,0.005857740585774059,0.009205020920502092,0.0041841004184100415,0.0008368200836820083,-0.01673640167364017,0
2023-08-25,train,1,-0.9325,-0.5168196428571429,-0.5168196428571429,0.8035714285714286,0.05294619982920581,0.0025619128949615714,0.008539709649871904,0.010247651579846286,0.0008539709649871904,-0.05038428693424424,0
2023-08-28,train,1,0.0,-0.10069090909090908,-0.10069090909090908,0.45454545454545453,0.03380281690140845,0.005633802816901409,0.0028169014084507044,0.0,0.0028169014084507044,-0.02816901408450704,0
2023-08-29,train,2,-0.22925,0.04612604166666666,-0.06802916666666667,0.36458333333333337,0.0203619256522743,0.006958073578080505,0.0015368852459016393,0.004098360655737705,0.0005122950819672131,-0.013403852074193796,0
2023-08-30,train,1,0.0,0.22460444444444447,0.22460444444444447,0.08888888888888889,0.013853904282115869,0.011335012594458438,0.006297229219143577,0.007556675062972292,0.003778337531486146,-0.0025188916876574315,0
2023-08-31,train,2,0.23835,0.1665410394265233,0.14877096774193546,0.2585125448028674,0.028206390066626286,0.0076506662628709875,0.0034978800726832224,0.00979709267110842,0.00616671714112659,-0.0205557238037553,0
2023-09-01,train,2,-0.7615,0.04564491978609625,0.018435294117647046,0.3582887700534759,0.028186628186628187,0.01835016835016835,0.003703703703703704,0.0012987012987012987,0.001851851851851852,-0.009836459836459838,0
2023-09-04,train,3,-0.16463333333333333,0.07922907407407408,-0.012475,0.2548148148148148,0.010741094115076311,0.0073553576929646924,0.005158786067501689,0.001551418439716312,0.002703149416997235,-0.003385736422111619,0
2023-09-05,train,4,0.0,0.039527163109958775,-0.044866666666666694,0.30501905271300966,0.018778488927602414,0.011328444777086897,0.00589687413988722,0.00209322813483172,0.001741452090824467,-0.00745004415051552,0
2023-09-06,train,1,0.6666,-0.05228333333333334,-0.05228333333333334,0.375,0.004555808656036446,0.00683371298405467,0.004555808656036446,0.0,0.0,0.0022779043280182236,0
2023-09-07,train,4,-0.007500000000000007,0.1175641013584117,-0.1552896551724138,0.2959770114942529,0.0143601486877299,0.010522118426015317,0.003232788399040951,0.0022918574937750248,0.004316638529723476,-0.003838030261714583,0
2023-09-08,train,8,-0.1350125,-0.024846894854119138,-0.43623181818181817,0.3628651773107418,0.018997760977984713,0.008664178681435531,0.004433248599629776,0.0015497938831496266,0.0034882609066247605,-0.010333582296549182,0
2023-09-11,train,5,-0.1258,0.005117932706161539,-0.04222608695652174,0.37861683193490975,0.02377022479485032,0.007344840944514751,0.00525689576115842,0.0019131435188812773,0.002965282585646393,-0.016425383850335568,0
2023-09-12,train,3,0.2978,0.02556913767657602,-0.08828709677419352,0.3348513598987983,0.02294124639685784,0.004309020868764423,0.004073385079222528,0.0014594691714751096,0.0014594691714751096,-0.01863222552809342,0
2023-09-13,train,3,-0.27076666666666666,0.06202190476190478,-0.10258666666666665,0.3047619047619048,0.011149311233165161,0.009001652454757146,0.002825478017293874,0.0022408963585434176,0.0008525149190110828,-0.0021476587784080136,0
2023-09-14,train,3,-0.4499666666666666,-0.09786505365703478,-0.29565227272727274,0.4830342613361481,0.03106820845906531,0.005730324083098763,0.007419680985166877,0.00638887372741048,0.0036122438901407933,-0.02533788437596655,0
2023-09-15,train,7,-0.015042857142857144,-0.05652294958305902,-0.43895625,0.404035001097213,0.02272122946091609,0.005029533948095752,0.0022347561527805257,0.002728415944648908,0.0029833528450532386,-0.017691695512820335,0
2023-09-18,train,2,-0.27625,0.060849200968523,0.05880857142857143,0.24721549636803875,0.01718407639527787,0.008381839557673645,0.007320043858148776,0.0013791191281662578,0.005835150253768722,-0.008802236837604224,0
2023-09-19,train,1,0.0,-0.027408333333333326,-0.027408333333333326,0.3333333333333333,0.01644736842105263,0.001644736842105263,0.0,0.001644736842105263,0.0,-0.014802631578947368,0
2023-09-20,train,1,0.3182,0.23560999999999996,0.23560999999999996,0.1,0.012295081967213115,0.0,0.0,0.0,0.004098360655737705,-0.012295081967213115,0
2023-09-21,train,3,0.014066666666666653,0.17237549496501112,0.1085935483870968,0.2315241508789896,0.014760659874283244,0.010542972580904463,0.0008492569002123141,0.005130358691264341,0.0007974481658692185,-0.004217687293378778,0
2023-09-22,train,2,-0.6423,-0.10414222510181415,-0.12153513513513511,0.5103665309144761,0.029642227427037555,0.008652639981753906,0.011243716939919473,0.01118998745581024,0.0013147275805503653,-0.020989587445283647,0
2023-09-25,train,1,-0.5994,-0.11026521739130433,-0.11026521739130433,0.391304347826087,0.022357723577235773,0.006097560975609756,0.0020325203252032522,0.0,0.0,-0.016260162601626015,0
2023-09-26,train,5,-0.08331999999999999,0.008986217804342809,-0.10419615384615384,0.33771271271271275,0.018427687136953447,0.004594578948763714,0.006893587574944761,0.001714601390347175,0.0006676943159882792,-0.013833108188189733,0
2023-09-27,train,2,0.2176,-0.057200955882352945,-0.0932294117647059,0.36617647058823527,0.01898022178459935,0.006810130134343541,0.007400670464965951,0.0009119927040583675,0.002560344352410016,-0.012170091650255808,0
2023-09-29,train,4,-0.0683,0.0908613115678964,-0.032302564102564095,0.18332188644688646,0.019791125166331525,0.009502191548295137,0.004230399247285143,0.022633168236982977,0.00380054537611464,-0.01028893361803639,0
2023-10-02,train,1,-0.3182,-0.17955000000000002,-0.17955000000000002,0.42857142857142855,0.01488833746898263,0.0,0.004962779156327543,0.0,0.004962779156327543,-0.01488833746898263,0
2023-10-03,train,1,0.2023,0.19553749999999998,0.19553749999999998,0.25,0.011363636363636364,0.028409090909090908,0.011363636363636364,0.002840909090909091,0.0,0.017045454545454544,0
2023-10-04,train,2,-0.11910000000000001,-0.1077166806020067,-0.31928913043478263,0.4581939799331104,0.03389186817791921,0.008708691011714172,0.005221940663039137,0.001479822683193536,0.000739911341596768,-0.02518317716620504,0
2023-10-05,train,1,0.4939,-0.46195,-0.46195,0.7,0.01818181818181818,0.0,0.014545454545454545,0.0,0.0,-0.01818181818181818,0
2023-10-06,train,6,-0.3839166666666667,-0.2065476463293651,-0.42745000000000005,0.5443700396825397,0.02307610322891861,0.004382278356616506,0.00240404981775117,0.0021235164979519178,0.0021016247184354312,-0.018693824872302107,0
2023-10-09,train,4,-0.20225000000000004,-0.09928201062252964,-0.1957695652173913,0.4357773386034256,0.030466040904849723,0.006314962693991096,0.0043814822194282906,0.0011084944161169207,0.0,-0.02415107821085863,0
2023-10-10,train,7,-0.45217142857142856,-0.20120508295815603,-0.3382837209302325,0.5586162513072812,0.036954755871480595,0.004261502952693995,0.00847065702645231,0.0022211193634528417,0.004195385162204715,-0.032693252918786594,0
2023-10-11,train,5,-0.31328,-0.12388116028708132,-0.41471249999999993,0.4723086124401914,0.026444327298579977,0.0055064093855285105,0.005201949902749095,0.00457675556351053,0.002186215058911141,-0.020937917913051468,0
2023-10-12,train,9,-0.38618888888888886,-0.16857744083273285,-0.32482500000000003,0.5079761061404783,0.029535332418340998,0.007301387972974758,0.005882954689349932,0.003226096635302231,0.002939145291319442,-0.02223394444536624,0
2023-10-13,train,11,-0.25969090909090914,-0.09442880892255893,-0.278015625,0.46135535550308276,0.025558931741695712,0.006250795020596781,0.004936024833924747,0.004431512482969287,0.002914928689375837,-0.01930813672109893,0
2023-10-16,train,3,-0.23986666666666667,-0.023031597222222228,-0.232440625,0.3055555555555555,0.01814977355478732,0.004940806830388051,0.004566464947569135,0.002887964247187548,0.0008090614886731391,-0.01320896672439927,0
2023-10-17,train,6,0.09846666666666666,-0.06315016790835552,-0.2115923076923077,0.40079586023388886,0.02297533483437388,0.007062824456013794,0.0029124975671419306,0.0025118704358719434,0.0025649460855913563,-0.015912510378360084,0
2023-10-18,train,2,-0.3286,0.029477083333333334,-0.09459583333333332,0.3157894736842105,0.020624677336086732,0.006672075128450967,0.0016680187821127418,0.002786587014774934,0.0039051552474371268,-0.013952602207635764,0
2023-10-19,train,2,-0.39885,-0.33413437500000004,-0.35440000000000005,0.6614583333333333,0.03529520152061756,0.0030257186081694403,0.005474417161255286,0.0,0.0007564296520423601,-0.03226948291244812,0
2023-10-20,train,4,-0.3806,-0.04082006509750412,-0.1478121951219512,0.3308693339181144,0.026431941818906846,0.006012004031168756,0.005734894079388442,0.0067340460535063006,0.0022637314862741895,-0.020419937787738086,0
2023-10-23,train,2,0.21925,0.022772270114942525,-0.07226666666666667,0.2442528735632184,0.019468891520085935,0.00693150885587686,0.00675085140925015,0.00048216007714561236,0.0016875602700096432,-0.012537382664209075,0
2023-10-24,train,4,0.33795,-0.07443731511544012,-0.20101428571428576,0.4821879509379509,0.022743376021864763,0.011086200630404934,0.010994121540499977,0.0013355756968872227,0.003114082794316213,-0.011657175391459829,0
2023-10-25,train,8,-0.26754999999999995,-0.06350342268438595,-0.31492105263157893,0.3875939755281184,0.024762314618445202,0.006464731175113566,0.004982075601414268,0.00326193692631575,0.0018019575372274822,-0.018297583443331638,0
2023-10-26,train,5,0.2446,-0.021455230415611228,-0.3926588235294118,0.4088103949713856,0.01941938565376398,0.010975277424080086,0.008473726801417081,0.0011685230273996107,0.0,-0.008444108229683897,0
2023-10-27,train,1,-0.2732,-0.03341176470588234,-0.03341176470588234,0.35294117647058826,0.026755852842809364,0.013377926421404682,0.0,0.0033444816053511705,0.0,-0.013377926421404682,0
2023-10-30,train,4,-0.36477499999999996,-0.08151730894597657,-0.22255434782608693,0.4149705464563641,0.019172750095556794,0.006002825412569128,0.00647701248378734,0.0024545510713549707,0.0008251601202775364,-0.013169924682987664,0
2023-10-31,train,1,-0.6908,-0.20372105263157897,-0.20372105263157897,0.5789473684210527,0.05846774193548387,0.0020161290322580645,0.006048387096774193,0.046370967741935484,0.004032258064516129,-0.056451612903225805,0
2023-11-01,train,4,-0.19432500000000003,-0.1778299743892829,-0.4533833333333334,0.4842817741753912,0.024320779555337,0.0033420326435741996,0.004688531745908131,0.0020211248984483687,0.0002244165170556553,-0.0209787469117628,0
2023-11-02,train,7,-0.29945714285714287,-0.07368505833109808,-0.300621875,0.39592489096207634,0.022738107512874483,0.006557376819572176,0.005092467919004502,0.0018171484918950355,0.0006521005419620666,-0.016180730693302305,0
2023-11-03,train,2,-0.58565,-0.06930954545454546,-0.17411,0.48636363636363633,0.03133844339622642,0.008637971698113207,0.017231721698113208,0.0,0.00078125,-0.022700471698113206,0
2023-11-06,train,1,-0.296,-0.1637325581395349,-0.1637325581395349,0.5581395348837209,0.03685897435897436,0.007211538461538462,0.007211538461538462,0.003205128205128205,0.0008012820512820513,-0.029647435897435896,0
2023-11-07,train,4,-0.2133,-0.05750823218133225,-0.26981935483870967,0.36739404357639893,0.013875776128356436,0.006114147612392606,0.0018282617852304682,0.002493240920373311,0.0011276657716459847,-0.00776162851596383,0
2023-11-08,train,3,0.23796666666666666,-0.14688683982683984,-0.2536090909090909,0.4493506493506494,0.018328622602688745,0.007008735355181819,0.0013798044619962428,0.0013240980706734132,0.00076103500761035,-0.011319887247506927,0
2023-11-09,train,1,0.6486,0.06876639344262296,0.06876639344262296,0.1557377049180328,0.010594196222938737,0.005988023952095809,0.005988023952095809,0.0023030861354214646,0.0018424689083371719,-0.004606172270842928,0
2023-11-10,train,4,-0.28425,-0.032818512851897186,-0.1815372093023256,0.3788887188902489,0.023162031271620316,0.0067413773441170706,0.0023556443556443556,0.0017593517593517594,0.000505050505050505,-0.016420653927503245,0
2023-11-13,train,1,0.2732,-0.07864,-0.07864,0.35,0.03361344537815126,0.008403361344537815,0.0063025210084033615,0.0063025210084033615,0.0,-0.025210084033613446,0
2023-11-14,train,1,-0.5267,-0.06623571428571429,-0.06623571428571429,0.42857142857142855,0.01478953356086462,0.0034129692832764505,0.0034129692832764505,0.0011376564277588168,0.0011376564277588168,-0.011376564277588168,0
2023-11-15,train,2,-0.24695,0.2141797077922078,0.17932727272727272,0.09902597402597402,0.024021967757680465,0.012144419747103914,0.004629873481728065,0.0008726003490401396,0.0017452006980802793,-0.01187754801057655,0
2023-11-16,train,0,0.0,0.0,0.0,0.0,0.0,0.0,0.0,0.0,0.0,0.0,1
2023-11-17,train,2,-0.35525,-0.01097070135746607,-0.16968846153846154,0.3719457013574661,0.021909956035394293,0.0033112582781456954,0.004307418331571039,0.003572819856419389,0.0024959652735266295,-0.018598697757248595,0
2023-11-20,train,1,-0.4939,0.012680952380952395,0.012680952380952395,0.2857142857142857,0.018218623481781375,0.006072874493927126,0.004048582995951417,0.006072874493927126,0.004048582995951417,-0.01214574898785425,0
2023-11-21,train,3,-0.32766666666666666,0.12096995434107448,-0.053963829787234054,0.17991239048811014,0.027044940595355584,0.00695020632392069,0.0029480078843147216,0.01453066622271079,0.0032150506211763605,-0.02009473427143489,0
2023-11-22,train,0,0.0,0.0,0.0,0.0,0.0,0.0,0.0,0.0,0.0,0.0,1
2023-11-23,train,1,0.4215,0.07175625000000001,0.07175625000000001,0.125,0.003194888178913738,0.009584664536741214,0.003194888178913738,0.0,0.0,0.006389776357827476,0
2023-11-24,train,4,-0.129025,-0.15389635912698413,-0.4372357142857143,0.49004960317460317,0.030665504653608035,0.0050914556541369555,0.002092402234950404,0.0076612179152761774,0.0012470355492098832,-0.02557404899947108,0
2023-11-27,train,1,0.0,-0.07628499999999999,-0.07628499999999999,0.45,0.019193857965451054,0.0019193857965451055,0.0019193857965451055,0.0,0.0019193857965451055,-0.017274472168905947,0
2023-11-28,train,2,0.28185000000000004,0.10739194206446348,0.0649280701754386,0.25091799265605874,0.0157534485640857,0.00899731242548548,0.002071251035625518,0.002491471589416504,0.0024855012427506215,-0.006756136138600219,0
2023-11-29,train,2,0.2553,0.029263461538461544,-0.02402307692307695,0.3423076923076923,0.014924812030075188,0.00956766917293233,0.0,0.0,0.0,-0.005357142857142857,0
2023-11-30,train,3,0.3355666666666666,0.06043285714285714,-0.23578000000000002,0.33206349206349206,0.014098210044363313,0.006572105239403766,0.007224420960212637,0.0006523157208088715,0.001943634596695821,-0.0075261048049595465,0
2023-12-01,train,4,-0.336625,-0.06972530303030303,-0.3544818181818182,0.38934453227931487,0.021263186345912802,0.006468968554396834,0.007433215730172004,0.0013480914929275695,0.0007961783439490446,-0.014794217791515966,0
2023-12-04,train,0,0.0,0.0,0.0,0.0,0.0,0.0,0.0,0.0,0.0,0.0,1
2023-12-05,train,1,0.0,0.2300230769230769,0.2300230769230769,0.07692307692307693,0.0035714285714285713,0.010714285714285714,0.0,0.0017857142857142857,0.0,0.0071428571428571435,0
2023-12-06,train,3,-0.146,-0.1967989583333333,-0.29098437499999996,0.5729166666666666,0.019312698384148157,0.01128570664852012,0.003978618604304908,0.0033284694399103067,0.0017260201560542858,-0.008026991735628033,0
2023-12-07,train,1,0.6124,0.14397619047619048,0.14397619047619048,0.23809523809523808,0.015463917525773196,0.005154639175257732,0.006872852233676976,0.003436426116838488,0.001718213058419244,-0.010309278350515465,0
2023-12-08,train,2,0.0,0.022974820512820515,-0.034575999999999996,0.3153846153846154,0.018350962151140564,0.004422072129476233,0.002727156875238945,0.0074062274329892526,0.0037955057134361325,-0.013928890021664331,0
2023-12-11,train,4,-0.1222,-0.07752208109051037,-0.19857368421052632,0.40752591706539076,0.02100224731926011,0.004239903987990851,0.0033973823494911123,0.0009591687226091211,0.00416068367060774,-0.016762343331269258,0
2023-12-12,train,3,-0.4043666666666666,0.021392397504456307,-0.164505,0.3327985739750446,0.01972428536302712,0.013339706548445998,0.006218222025656203,0.0002703433360367667,0.0021627466882941336,-0.006384578814581122,0
2023-12-13,train,1,0.0,0.046683783783783774,0.046683783783783774,0.2702702702702703,0.015060240963855422,0.010542168674698794,0.004518072289156626,0.0,0.0,-0.004518072289156627,0
2023-12-14,train,0,0.0,0.0,0.0,0.0,0.0,0.0,0.0,0.0,0.0,0.0,1
2023-12-15,train,9,-0.3521444444444444,-0.22300009178461355,-0.46764800000000006,0.554514538862365,0.02565273931440962,0.004011276700739729,0.003736149222713691,0.0021886025034553746,0.002634953178279277,-0.021641462613669893,0
2023-12-18,train,4,-0.56955,-0.06253864852736804,-0.17032142857142857,0.4059397535007291,0.02521998945089961,0.008813817151351341,0.0050516909550786596,0.002392777699347691,0.0021465767994417097,-0.01640617229954827,0
2023-12-19,train,4,-0.27955,0.0076513621794871796,-0.3115,0.3497225813402284,0.016666406868264375,0.009873026209507904,0.005372010358712349,0.0010649627263045794,0.0028541767048721927,-0.006793380658756472,0
2023-12-20,train,3,-0.5027,-0.14111140479239073,-0.16251408450704227,0.48754141007662133,0.026934394004369838,0.004860318483435128,0.002730393030825969,0.009744013569580247,0.005950467980450777,-0.02207407552093471,0
2023-12-21,train,2,-0.46240000000000003,-0.17658993055555558,-0.29806111111111117,0.5127314814814815,0.02532302473717827,0.005567519434710306,0.0017010766052696692,0.0004574565416285453,0.00039308176100628933,-0.019755505302467967,0
2023-12-22,train,4,-0.006874999999999992,-0.01733906055245065,-0.4717823529411765,0.3881176872662941,0.018072958669409243,0.005489759624607665,0.0034037553482894442,0.0018529844205301253,0.002535290439890099,-0.012583199044801577,0
2023-12-27,train,1,-0.3818,-0.3514979166666667,-0.3514979166666667,0.7083333333333334,0.05604719764011799,0.00663716814159292,0.014749262536873156,0.004424778761061947,0.0,-0.049410029498525077,0
2023-12-28,train,2,-0.75515,-0.21701769230769227,-0.41301538461538456,0.49047619047619045,0.016338891856704615,0.0005030181086519115,0.0033100031028779993,0.001006036217303823,0.0,-0.015835873748052703,0
2023-12-29,train,6,-0.2601333333333333,-0.08883505255022606,-0.44980789473684213,0.45960320822633965,0.020607077030893452,0.00623598396409768,0.004665494607823854,0.001532371608634963,0.0003333333333333333,-0.014371093066795773,0
2024-01-02,train,1,-0.4767,-0.33044999999999997,-0.33044999999999997,0.6875,0.02894736842105263,0.005263157894736842,0.002631578947368421,0.0,0.0,-0.02368421052631579,0
2024-01-03,train,2,-0.64425,-0.1994369318181818,-0.36396249999999997,0.5037878787878788,0.015726785610422844,0.0047475716861513405,0.0028663554935148025,0.0009596928982725527,0.0,-0.010979213924271505,0
2024-01-04,train,2,-0.064,-0.17150279605263155,-0.39066874999999995,0.5592105263157895,0.014477351916376308,0.0,0.0040650406504065045,0.0014285714285714286,0.0024448315911730547,-0.014477351916376308,0
2024-01-05,train,6,-0.22948333333333334,-0.14912674421323358,-0.5241307692307692,0.5392891781189654,0.022203012882385336,0.006572739284450013,0.004823887956434163,0.002539045429110298,0.0015792798623996945,-0.015630273597935323,0
2024-01-08,train,3,-0.052700000000000045,0.11303833230261802,-0.11203333333333336,0.2844258915687487,0.019867156445295162,0.017844073221597367,0.0013871147266669656,0.0022419807867569063,0.0012619236883942766,-0.002023083223697797,0
2024-01-09,train,2,-0.54895,-0.06784941935483871,-0.07155483870967742,0.3735483870967742,0.01817750560634811,0.0028462998102466793,0.0034284974987062273,0.0009487666034155598,0.0009487666034155598,-0.015331205796101432,0
2024-01-10,train,2,-0.7015,-0.3668571428571429,-0.45661428571428575,0.680952380952381,0.03711036265969526,0.0033553098175411146,0.015264274378472586,0.0010224948875255625,0.0018000998641974132,-0.03375505284215414,0
2024-01-11,train,4,-0.169925,-0.0544668784786642,-0.19103214285714287,0.3082560296846011,0.025078878964618335,0.0033849155596373586,0.006750640012905423,0.0037330319677808107,0.0038929280515773235,-0.02169396340498098,0
2024-01-12,train,7,-0.02772857142857142,-0.17329768996561584,-0.40375178571428577,0.5536631175579962,0.024892152035373167,0.005214417447503414,0.0038098393993722954,0.005012453033082064,0.001882448950856545,-0.01967773458786975,0
2024-01-15,train,5,-0.3356,-0.20007740819964348,-0.46147272727272726,0.5216755793226382,0.028040357690119054,0.004512338508059983,0.0046028720428697234,0.008090356366218434,0.00291938742642968,-0.02352801918205907,0
2024-01-16,train,5,-0.07588000000000002,-0.08814673626373626,-0.28526153846153846,0.45172161172161174,0.026912164135413957,0.00564595560033951,0.0049456129212807655,0.003597412365574661,0.002348370792760496,-0.021266208535074445,0
2024-01-17,train,5,-0.39374,-0.13725476056089603,-0.3518823529411765,0.5455772113943029,0.02568342911310258,0.006658171982456211,0.005969462028712849,0.0010811055706102385,0.002881629241680824,-0.019025257130646366,0
2024-01-18,train,5,-0.22538,-0.040295368504179356,-0.24071311475409835,0.35627679323527506,0.02239919648235384,0.00876510040536935,0.006571460706156265,0.00243599878301646,0.0016676753874894355,-0.01363409607698449,0
2024-01-19,train,7,-0.13014285714285714,-0.10724344699162196,-0.41795,0.43704056190030943,0.021133830605384225,0.005218169969334908,0.002658861021146202,0.0025828789594803353,0.0026584346191818676,-0.015915660636049312,0
2024-01-22,train,2,-0.035449999999999995,0.06993438914027147,0.01059230769230769,0.28054298642533937,0.016889484414680384,0.006593736157006033,0.016764295599681938,0.0023483220571686417,0.0016797312430011197,-0.010295748257674351,0
2024-01-23,train,4,-0.042499999999999996,-0.027377061403508762,-0.21676666666666666,0.36359649122807014,0.020633717595153398,0.005232923713135904,0.0038240279558734384,0.002957141064257028,0.0026153524342208724,-0.015400793882017495,0
2024-01-24,train,5,-0.2692,-0.20254860982028725,-0.54308,0.5670230844424393,0.02339250489825253,0.005620248003006373,0.0046728502122158795,0.0008862629246676514,0.0007069436086340732,-0.01777225689524616,0
2024-01-25,train,6,0.1722,0.050665508853511586,-0.11468,0.29917912305053207,0.02471777839116643,0.009340237325942134,0.003014468014166936,0.003445059065312338,0.0014683865497344807,-0.015377541065224294,0
2024-01-26,train,3,-0.5497666666666666,-0.2890650970017637,-0.4545166666666667,0.5876543209876544,0.02997522876248594,0.0010384215991692627,0.0034589589182786543,0.0011554015020219526,0.0010219760082321929,-0.028936807163316675,0
2024-01-29,train,4,-0.020750000000000005,-0.08996669403393542,-0.44264137931034486,0.3989805692391899,0.028585001971380263,0.007179294898090488,0.0038416933015400397,0.0038198500273141207,0.0016236194720850936,-0.021405707073289773,0
2024-01-30,train,3,-0.5983333333333333,0.032110323928944626,-0.05763454545454544,0.30783024909832474,0.019336976105887086,0.0048027805330923086,0.004003218941278458,0.0012193571696194401,0.0,-0.014534195572794777,0
2024-01-31,train,4,-0.15717499999999998,0.09532438652832675,0.04657272727272727,0.283785055524186,0.01899315447724408,0.009426233768051582,0.005711799732051674,0.001439950980392157,0.002352818960766537,-0.0095669207091925,0
2024-02-01,train,5,-0.34208,0.03606542130783348,-0.11497200000000002,0.34406838597507966,0.026080896547483502,0.006873102397738859,0.005119372353059174,0.004486730529911052,0.0010414080551646697,-0.019207794149744644,0
2024-02-02,train,15,-0.2907533333333333,-0.10390231607770722,-0.4561444444444445,0.4530526330989898,0.018178487443945842,0.0049775426239448495,0.0043326421170828315,0.0025616589390279965,0.0019380927610707665,-0.013200944820000995,0
2024-02-05,train,2,-0.5521,-0.14700454545454544,-0.23158636363636365,0.5,0.03042572051460195,0.009493064373158284,0.006137051500123779,0.003875086845068398,0.0,-0.020932656141443667,0
2024-02-06,train,4,-0.2514,-0.06044458255524432,-0.18946470588235292,0.39063958916900093,0.017384702198825763,0.0029123508799051815,0.000657030223390276,0.00508255805563354,0.0012697753214294916,-0.01447235131892058,0
2024-02-07,train,13,-0.25953846153846155,0.015369630855280416,-0.1402,0.31536153386288623,0.022336125185884056,0.0065468432793046715,0.00433783697006172,0.006048525805393993,0.002870078531177286,-0.015789281906579387,0
2024-02-12,train,4,0.12607500000000002,-0.09202652890362728,-0.25563,0.43885272523813423,0.024682147940847162,0.0064004138772092,0.006739532723388246,0.0030697547434174344,0.003290112598329486,-0.01828173406363796,0
2024-02-13,train,5,-0.41224,-0.06558820227920228,-0.4093769230769231,0.41564879564879564,0.01819212255230064,0.008638261290276391,0.004016594650171803,0.009008451619359167,0.0015642999617102454,-0.00955386126202425,0
2024-02-15,train,3,-0.21856666666666666,-0.05564551353874884,-0.08222058823529413,0.3483193277310925,0.030170500691507535,0.005439077514032449,0.008064807291320324,0.00588523911826461,0.0014615854233879912,-0.024731423177475082,0
2024-02-16,train,4,0.011049999999999977,-0.11298625198000198,-0.2690916666666667,0.48289773289773286,0.019377881210519476,0.009065152638899496,0.0032746259934419665,0.0007352941176470588,0.004272300886527973,-0.01031272857161998,0
2024-02-19,train,2,-0.33755,-0.019153362068965535,-0.17285172413793107,0.2913793103448276,0.030843256996080953,0.004374154271654022,0.006054132016000302,0.0006657789613848203,0.0037083753102692017,-0.02646910272442693,0
2024-02-20,train,4,-0.560275,-0.21038922275641028,-0.35420769230769233,0.5554341491841491,0.028214425638701784,0.00535241476038128,0.00495850719735607,0.0010764987288217828,0.003833851669998253,-0.0228620108783205,0
2024-02-21,train,2,0.125,0.09515946153846153,-0.009058000000000005,0.25538461538461543,0.020681023910425998,0.008472990074337706,0.008907394939672198,0.005257555990736421,0.0008688097306689834,-0.012208033836088289,0
2024-02-22,train,1,0.6861,0.15573125000000002,0.15573125000000002,0.1875,0.01981981981981982,0.012612612612612612,0.005405405405405406,0.0,0.0018018018018018018,-0.0072072072072072065,0
2024-02-23,train,4,-0.100475,0.02983883175647882,-0.061991176470588216,0.32424928013163307,0.013288380767923973,0.006941692864479458,0.00855329130363805,0.0045692114572634945,0.002568317831134184,-0.006346687903444514,0
2024-02-26,train,2,-0.125,0.06778799999999999,-0.013792000000000004,0.26,0.015748388128097195,0.007630415090318112,0.0026109660574412533,0.004651782383971866,0.0010204081632653062,-0.00811797303777908,0
2024-02-27,train,2,-0.17539999999999997,-0.07084583333333334,-0.15545357142857144,0.4642857142857143,0.01566066901626167,0.00546713658566747,0.002410189822543746,0.0015754652816422432,0.0008347245409015025,-0.0101935324305942,0
2024-02-28,train,5,-0.17205999999999996,0.026703703442396465,-0.31303043478260867,0.3422445639925136,0.013487937188684926,0.005925128276953439,0.003657318478678448,0.0018528072004829594,0.0012030075187969926,-0.007562808911731486,0
2024-02-29,train,3,-0.8052666666666667,-0.20863861111111112,-0.3731525,0.5527777777777778,0.03728621191079666,0.008961329513086041,0.007156830039886376,0.004180619885849758,0.00076103500761035,-0.02832488239771062,0
2024-03-01,train,10,-0.365,-0.134975111619442,-0.3134189189189188,0.46290308194635515,0.02326678727186495,0.006458400259506965,0.0038349207473422605,0.0024938793301533075,0.0014916651020253251,-0.016808387012357987,0
2024-03-04,train,2,0.1806,-0.027275058072009292,-0.22740487804878046,0.4117305458768873,0.019220814103972847,0.010165921910482748,0.003851366200278368,0.001141552511415525,0.002709813688862843,-0.009054892193490099,0
2024-03-05,train,5,-0.40884,-0.01862756989247314,-0.22950000000000004,0.35993855606758834,0.022351077332928758,0.007342797886194903,0.005821417062740855,0.0036262425369770262,0.0012596463300688654,-0.015008279446733858,0
2024-03-06,train,5,-0.2101,-0.027019455736799612,-0.3047785714285714,0.37851705535024005,0.02961602227778514,0.004845414415849828,0.0060264736471298845,0.010651646269189794,0.0025489918957276965,-0.024770607861935315,0
2024-03-07,train,7,-0.2824285714285714,-0.0031613880862431864,-0.3712326086956522,0.376651620987084,0.020846696855239738,0.010539802634188782,0.004078545227787542,0.005546660853705586,0.002314864906636023,-0.010306894221050956,0
2024-03-08,train,8,-0.018087499999999996,-0.0224305065178212,-0.2664115384615385,0.3638810000846695,0.021954761820089052,0.006722268902229548,0.003140694073210953,0.0033107372153478275,0.0011565518908405836,-0.015232492917859504,0
2024-03-13,train,5,-0.40918,-0.05600104618958278,-0.34443809523809527,0.4094769052086125,0.016391105406264365,0.003550043740465614,0.0064505931009964015,0.002614861752981721,0.0005923000987166831,-0.01284106166579875,0
2024-03-14,train,4,-0.20487500000000003,-0.0669899925467263,-0.4453296296296297,0.43792393250597583,0.029823405051654824,0.008416482180154658,0.0031304584693327485,0.004553043711963603,0.0020886598429860946,-0.021406922871500166,0
2024-03-15,train,7,0.12237142857142858,-0.0073863026087016325,-0.1390054054054054,0.36103416974198577,0.020052946349790518,0.0060726489210618856,0.004495945102159997,0.002660304196532273,0.0023597314158599813,-0.01398029742872863,0
2024-03-18,train,4,-0.38095,-0.014255751548586895,-0.23124722222222216,0.3789210704607046,0.02294165329071891,0.007341032289228308,0.00746659181797941,0.0031854744579675586,0.001330629207650464,-0.015600621001490601,0
2024-03-19,train,2,0.3506,0.06368467261904764,0.015847916666666666,0.3392857142857143,0.028352670148335785,0.006749642972553189,0.00722811187207472,0.018467440139266763,0.0047033805547737435,-0.021603027175782594,0
2024-03-20,train,2,0.20455,0.07701601073345261,0.005562790697674421,0.31305903398926654,0.014811438217287743,0.013579868698202721,0.0056029646252879,0.0017421602787456446,0.0005296610169491525,-0.0012315695190850207,0
2024-03-21,train,1,-0.4019,-0.12708076923076922,-0.12708076923076922,0.46153846153846156,0.0444104134762634,0.0015313935681470138,0.0,0.01225114854517611,0.0015313935681470138,-0.042879019908116385,0
2024-03-22,train,6,-0.34830000000000005,-0.0516316696766426,-0.49487843137254905,0.39284915720674235,0.024269641853736434,0.0038259641077714192,0.002474955216278689,0.0044122155025534135,0.004144652894160551,-0.020443677745965016,0
2024-03-25,train,5,-0.12618000000000001,-0.17224605198060086,-0.3903816326530612,0.5000113921166552,0.03478225101822907,0.0031792162950580218,0.0041508371494384105,0.005345228058356892,0.0018142449304659994,-0.03160303472317105,0
2024-03-26,train,1,-0.5574,-0.11426111111111109,-0.11426111111111109,0.4722222222222222,0.0314192849404117,0.004333694474539545,0.004333694474539545,0.0010834236186348862,0.0,-0.027085590465872153,0
2024-03-27,train,2,-0.37155,0.24965833333333334,0.18996250000000003,0.125,0.01484756974403221,0.015264595916019558,0.004788610871440897,0.003472821397756687,0.003918607995398332,0.00041702617198734583,0
2024-03-28,train,3,-0.056866666666666676,-0.07759963203463205,-0.3106357142857143,0.45086580086580086,0.018206481741667002,0.00776753337118236,0.006648310843746595,0.004140334830090359,0.0008210180623973727,-0.010438948370484641,0
2024-04-01,train,5,-0.41206,-0.18367850326797383,-0.326525,0.5555114379084968,0.029018121435073502,0.00966178939908464,0.0047746851893418875,0.00330641981465376,0.0006876339018735739,-0.019356332035988858,0
2024-04-02,train,2,0.1003,0.03869771805273833,-0.009031034482758618,0.23580121703853957,0.0341521382635441,0.00413464372350314,0.00413464372350314,0.00359714948574365,0.0031928480204342275,-0.03001749454004096,0
2024-04-03,train,3,-0.2801,-0.22240075396825396,-0.5253541666666667,0.567063492063492,0.02033001664928777,0.007494560861101569,0.002359882005899705,0.003750396471931814,0.0008130081300813008,-0.0128354557881862,0
2024-04-04,train,2,0.1508,0.10256323529411765,0.0758764705882353,0.2774509803921569,0.0185097566920441,0.008961983003877278,0.008212334785520728,0.0010660980810234541,0.0010660980810234541,-0.009547773688166825,0
2024-04-05,train,31,-0.2670967741935484,-0.10578700979893133,-0.601890909090909,0.4563591061281875,0.02637098182315046,0.007832598070970967,0.006652506843373263,0.002685965914377338,0.002476839257399117,-0.018538383752179494,0
2024-04-16,train,6,0.041233333333333316,-0.08558137806637807,-0.35772857142857145,0.4147546897546897,0.022923365710139018,0.006519607355731302,0.005727953340068371,0.0023061891132395086,0.002432012266433537,-0.016403758354407716,0
2024-04-17,train,3,-0.5232,-0.21292727165725045,-0.23995625000000004,0.545786252354049,0.043072842031328634,0.000607727804974099,0.0022988505747126436,0.006476797075380025,0.00236488089730452,-0.04246511422635454,0
2024-04-18,train,3,-0.11333333333333334,-0.19201168116369352,-0.24864736842105262,0.5365865644503415,0.024134038899553335,0.0037398356896318195,0.004547803979630122,0.0028735632183908046,0.0019573935773546246,-0.02039420320992152,0
2024-04-19,train,5,-0.37998,-0.10730073054626532,-0.4269153846153846,0.4410983835005574,0.022308921760513228,0.004869234519036128,0.0036597818384780365,0.0027539264084631317,0.0036975705691719026,-0.0174396872414771,0
2024-04-22,train,2,-0.22569999999999998,-0.04437437015503877,-0.21512083333333334,0.37790697674418605,0.03272081074468496,0.005199144957956141,0.002882064720501693,0.00768604246880513,0.012659032669302187,-0.02752166578672882,0
2024-04-23,train,3,-0.0751,-0.05553217748917747,-0.14173181818181815,0.44571428571428573,0.025124164420352105,0.0047818307580616585,0.004870306189954284,0.00525305012880256,0.0014861534000289982,-0.02034233366229045,0
2024-04-24,train,3,-0.6857000000000001,-0.10128003917378918,-0.20647692307692309,0.3668091168091168,0.026150358352182837,0.00354420660336723,0.005425071338213295,0.014783672624366306,0.004691813531158823,-0.022606151748815608,0
2024-04-25,train,1,-0.1531,0.13447931034482757,0.13447931034482757,0.3448275862068966,0.0149812734082397,0.012484394506866416,0.004993757802746567,0.003745318352059925,0.003745318352059925,-0.0024968789013732843,0
2024-04-26,train,3,-0.46823333333333333,-0.0053129824561403555,-0.27286,0.41052631578947363,0.022245684717080595,0.006845052611643001,0.0044168316479529296,0.0,0.0,-0.015400632105437595,0
2024-04-29,train,3,-0.2516,0.042227490594180635,-0.08675869565217392,0.3191745141254258,0.018255200275556365,0.008138588494023165,0.003812972842342155,0.0009000900090009,0.0014534325404858826,-0.010116611781533202,0
2024-04-30,train,4,-0.57275,-0.21482566558441557,-0.4605318181818181,0.5758928571428571,0.03748666415775552,0.0049948922074321165,0.005046446761376257,0.0036087283624229435,0.004733110519762459,-0.032491771950323406,0
2024-05-02,train,1,-0.4019,0.11390526315789475,0.11390526315789475,0.14035087719298245,0.007346938775510204,0.00816326530612245,0.0016326530612244899,0.0,0.0008163265306122449,0.000816326530612246,0
2024-05-03,train,1,-0.2732,0.25327058823529414,0.25327058823529414,0.029411764705882353,0.001321003963011889,0.003963011889035667,0.003963011889035667,0.0,0.001321003963011889,0.0026420079260237777,0
2024-05-06,train,3,-0.09866666666666667,-0.08668409722222221,-0.25758333333333333,0.3743055555555556,0.01720734434053608,0.0028922640755094614,0.00530344446834123,0.0024691635363615397,0.0024691635363615397,-0.01431508026502662,0
2024-05-07,train,4,-0.39594999999999997,-0.03965988064001646,-0.3358394736842105,0.3661894839738643,0.03286910748643127,0.00737032686065704,0.00523580448911835,0.0038249611847106894,0.0020347518668278877,-0.02549878062577423,0
2024-05-08,train,4,-0.2985,-0.01397468032786886,-0.24095199999999997,0.4097985753723459,0.015722436919703372,0.007733300933840573,0.004319899513813159,0.0025897785877538326,0.0015502647068065469,-0.007989135985862799,0
2024-05-13,train,6,-0.40025,0.019030512100179003,-0.17039696969696969,0.3105523414996602,0.025958686597529618,0.006369740812137442,0.004342038005102896,0.008474888479657433,0.002042041489791424,-0.01958894578539218,0
2024-05-14,train,6,-0.08170000000000001,0.04083036445279867,-0.1516047619047619,0.2692930242272347,0.0144662017772626,0.00560557591680003,0.003105565321351115,0.0035126617812086523,0.002138316945047344,-0.008860625860462568,0
2024-05-15,train,5,0.016999999999999998,-0.0011570198452390851,-0.14433548387096773,0.2803242477285988,0.016735216705855243,0.007170605795207004,0.0026111924285491727,0.0007732876260795042,0.0024101094669146477,-0.009564610910648239,0
2024-05-16,train,2,-0.4588,0.1175952380952381,0.0260904761904762,0.14285714285714285,0.011882998171846435,0.005484460694698354,0.006398537477148081,0.0029585798816568047,0.0,-0.006398537477148081,0
2024-05-17,train,3,-0.5929,-0.10467601010101012,-0.3636863636363637,0.4031705948372615,0.01982592665302892,0.0060621331011149054,0.004198541520576321,0.0016047472302680016,0.0008200082000820009,-0.013763793551914016,0
2024-05-20,train,2,-0.67445,-0.20636149155722328,-0.3002961538461539,0.5323639774859287,0.03387303089242846,0.005295344232420403,0.0035746201966041107,0.02311587727137325,0.00196078431372549,-0.02857768666000806,0
2024-05-21,train,3,-0.24896666666666667,-0.0851397802197802,-0.1834933333333333,0.36312576312576317,0.015283717588946788,0.0017953321364452424,0.00552160966934554,0.0023306749390360573,0.0011337868480725624,-0.013488385452501543,0
2024-05-22,train,7,0.014557142857142855,0.17795101070132788,-0.16542083333333332,0.19625241459287374,0.01496117956640437,0.011181006289720656,0.005662860116246068,0.0017679745550762374,0.002718232976081604,-0.0037801732766837145,0
2024-05-27,train,0,0.0,0.0,0.0,0.0,0.0,0.0,0.0,0.0,0.0,0.0,1
2024-05-28,train,0,0.0,0.0,0.0,0.0,0.0,0.0,0.0,0.0,0.0,0.0,1
2024-05-29,train,1,0.0,0.085928,0.085928,0.2,0.01415929203539823,0.005309734513274336,0.0017699115044247787,0.0,0.0,-0.008849557522123894,0
2024-05-30,train,4,-0.176475,0.017361584723755784,-0.14490277777777777,0.3051082689240584,0.016912081559774778,0.005185430461364413,0.003231430927782324,0.003490409281716418,0.003176918334498742,-0.011726651098410363,0
2024-05-31,train,3,0.0018333333333333535,0.09616997939019217,-0.007642307692307688,0.27183730375219733,0.029507931254533024,0.009220861590719725,0.0024811264342041333,0.012269416629243303,0.0045256486432957025,-0.020287069663813297,0
2024-06-03,train,0,0.0,0.0,0.0,0.0,0.0,0.0,0.0,0.0,0.0,0.0,1
2024-06-04,train,1,0.5859,0.07540000000000002,0.07540000000000002,0.24242424242424243,0.025677603423680456,0.014265335235378032,0.0042796005706134095,0.0028530670470756064,0.009985734664764621,-0.011412268188302424,0
2024-06-05,train,2,-0.5784,-0.19397912885662433,-0.43317894736842105,0.558076225045372,0.04914079416505218,0.005679875616625694,0.006056363251550722,0.008378376178304545,0.0029915503964313044,-0.043460918548426486,0
2024-06-06,train,3,-0.256,0.03552586405529953,-0.0637857142857143,0.3484062980030722,0.010784885154330784,0.004590729153364832,0.004184225088324182,0.0053449247363760765,0.0021041869223316152,-0.00619415600096595,0
2024-06-07,train,2,-0.06004999999999999,0.016252329192546586,-0.12962142857142855,0.36645962732919257,0.012060350739688449,0.008822376800235133,0.00423728813559322,0.002542372881355932,0.001694915254237288,-0.003237973939453315,0
2024-06-10,train,0,0.0,0.0,0.0,0.0,0.0,0.0,0.0,0.0,0.0,0.0,1
2024-06-11,train,0,0.0,0.0,0.0,0.0,0.0,0.0,0.0,0.0,0.0,0.0,1
2024-06-12,train,4,0.103575,0.05537371718559217,-0.1053846153846154,0.28613400488400487,0.0209351579356918,0.007969340957965466,0.0023848011553481876,0.002808841211965476,0.004103617818044252,-0.012965816977726335,0
2024-06-13,train,3,0.4443,0.19961440441809797,0.15834444444444445,0.1438415159345392,0.017953070984730538,0.009494528626462488,0.0021446078431372547,0.0022144544346235904,0.0025906735751295338,-0.008458542358268052,0
2024-06-14,train,5,0.03554,0.06598379260160131,-0.07847599999999999,0.3162003310698963,0.02009611457856547,0.011215963096535612,0.0029412314159415576,0.0004986858325773964,0.002592631989504663,-0.008880151482029858,0
2024-06-19,train,2,-0.36755,-0.02120942760942761,-0.2002037037037037,0.37710437710437705,0.016009688185766955,0.005933561184151824,0.0021440218902307345,0.0024440297783691724,0.0022940258342999537,-0.010076127001615129,0
2024-06-20,train,3,-0.4473,-0.060270454545454565,-0.27260000000000006,0.4199494949494949,0.01642528921421479,0.0053049930342284925,0.0015748031496062992,0.0038494931535317614,0.004280601288475304,-0.011120296179986298,0
2024-06-21,train,3,0.03790000000000001,-0.05344699657640833,-0.2789235294117647,0.3810301898537192,0.027833466331823098,0.005721804590357666,0.00288632160023319,0.0008183670822108332,0.0008624407072013799,-0.022111661741465432,0
2024-06-24,train,2,-0.4609,-0.06832476313522824,-0.15745185185185184,0.40568475452196384,0.033502890009833815,0.006733687539352949,0.0023169601482854493,0.008014205972451166,0.0018535681186283596,-0.026769202470480865,0
2024-06-25,train,2,-0.24695,0.005048981481481488,-0.239365,0.38055555555555554,0.016607190060798308,0.008472112080359502,0.0038940655564366905,0.004006410256410256,0.005037338091461802,-0.008135077980438804,0
2024-06-26,train,3,-0.6551666666666667,-0.14855717145717148,-0.2098540540540541,0.49975689975689974,0.031565645638161687,0.01125998844948615,0.0056330172614923206,0.0015309483415339661,0.0017186242151375972,-0.020305657188675535,0
2024-06-27,train,2,-0.07535,0.009046969696969696,0.00269393939393939,0.3890374331550802,0.030074762959025052,0.013888683270189701,0.0027879652496921327,0.005193031096276657,0.003329677059009576,-0.016186079688835352,0
2024-06-28,train,2,-0.36345,-0.14297469696969695,-0.25027272727272726,0.45606060606060606,0.028396358543417367,0.011519607843137256,0.006705182072829132,0.002380952380952381,0.0005952380952380953,-0.016876750700280115,0
2024-07-01,train,0,0.0,0.0,0.0,0.0,0.0,0.0,0.0,0.0,0.0,0.0,1
2024-07-02,train,2,-0.26335,0.06699539473684211,0.012074999999999999,0.23026315789473684,0.006905040053404539,0.005788968624833111,0.0011682242990654205,0.0,0.0034003671562082777,-0.0011160714285714285,0
2024-07-03,train,3,-0.13396666666666665,0.0782829741514524,0.029592753623188393,0.22977445260053955,0.022183049848524938,0.008116780471240105,0.00255458578394321,0.0036728886533255955,0.0023041475169760174,-0.014066269377284833,0
2024-07-04,train,0,0.0,0.0,0.0,0.0,0.0,0.0,0.0,0.0,0.0,0.0,1
2024-07-05,train,3,-0.37343333333333334,-0.13679728404875466,-0.3366756756756757,0.5136239180356827,0.02530018083474946,0.006089355981821538,0.005048553587564222,0.00227331787235867,0.0025045281812556427,-0.01921082485292792,0
2024-07-08,train,1,-0.8225,-0.043721212121212126,-0.043721212121212126,0.3333333333333333,0.019444444444444445,0.004166666666666667,0.001388888888888889,0.002777777777777778,0.001388888888888889,-0.015277777777777779,0
2024-07-09,train,0,0.0,0.0,0.0,0.0,0.0,0.0,0.0,0.0,0.0,0.0,1
2024-07-10,train,3,-0.12086666666666668,0.1472811297437394,0.04715862068965517,0.2297134160644914,0.021132430004605813,0.01272403851781434,0.005877288872640145,0.0029449794327617972,0.0026466238014920596,-0.008408391486791475,0
2024-07-11,train,2,0.0,-0.03349313725490197,-0.12200000000000001,0.3221288515406162,0.03017558154396728,0.007996229550102249,0.007393117331288343,0.0005112474437627812,0.0,-0.022179351993865032,0
2024-07-12,train,0,0.0,0.0,0.0,0.0,0.0,0.0,0.0,0.0,0.0,0.0,1
2024-07-15,train,1,-0.3818,0.055402272727272724,0.055402272727272724,0.20454545454545456,0.023391812865497075,0.0029239766081871343,0.003898635477582846,0.0,0.005847953216374269,-0.02046783625730994,0
2024-07-16,train,2,0.021799999999999986,0.0073398255813953445,-0.030325000000000008,0.386046511627907,0.01317066629203438,0.00720315712844353,0.011593379225788325,0.0003943217665615142,0.0,-0.00596750916359085,0
2024-07-17,train,3,-0.21129999999999996,-0.09231603942652328,-0.2782064516129032,0.45713859020310627,0.024887888788427792,0.003033367037411527,0.0038935284590654548,0.001265022137887413,0.004868187328461167,-0.021854521751016265,0
2024-07-18,train,2,-0.08895000000000003,-0.01785622448979591,-0.032489999999999984,0.38367346938775515,0.014861419556068603,0.00759889456724907,0.0043794936873368315,0.0,0.0027320472293467166,-0.0072625249888195334,0
2024-07-19,train,0,0.0,0.0,0.0,0.0,0.0,0.0,0.0,0.0,0.0,0.0,1
2024-07-22,train,0,0.0,0.0,0.0,0.0,0.0,0.0,0.0,0.0,0.0,0.0,1
2024-07-23,train,2,0.3359,0.054097035573122544,-0.1230695652173913,0.2855731225296443,0.012772952105199662,0.012181807214380504,0.006258294124743636,0.0,0.001851851851851852,-0.0005911448908191581,0
2024-07-24,train,2,0.0,0.13304583333333334,0.04589166666666666,0.1638888888888889,0.01730532212885154,0.006100840336134453,0.0,0.0035014005602240898,0.0,-0.011204481792717087,0
2024-07-25,train,1,-0.8283,-0.20993030303030302,-0.20993030303030302,0.5454545454545454,0.03296703296703297,0.0015698587127158557,0.0031397174254317113,0.0015698587127158557,0.0031397174254317113,-0.03139717425431711,0
2024-07-26,train,1,-0.5719,0.040699999999999986,0.040699999999999986,0.25925925925925924,0.02626970227670753,0.008756567425569177,0.0,0.0,0.0,-0.017513134851138354,0
2024-07-29,train,0,0.0,0.0,0.0,0.0,0.0,0.0,0.0,0.0,0.0,0.0,1
2024-07-30,train,2,0.20095,-0.11118029100529102,-0.3474962962962963,0.4583333333333333,0.011803061803061805,0.002027027027027027,0.0008741258741258741,0.006081081081081081,0.002702702702702703,-0.009776034776034778,0
2024-07-31,train,2,-0.601,-0.4305990950226244,-0.4570058823529411,0.660633484162896,0.02424984067809795,0.006544913816574863,0.00322234156820623,0.0035409853723046177,0.0,-0.01770492686152309,0
2024-08-01,train,3,-0.4761333333333333,-0.2560287898287898,-0.4177190476190476,0.5817635817635818,0.023799311885148635,0.007065908451490102,0.0028071879553181155,0.009703739679456046,0.0,-0.01673340343365853,0
2024-08-02,train,1,-0.886,-0.23685806451612904,-0.23685806451612904,0.6774193548387096,0.02361111111111111,0.005555555555555556,0.004166666666666667,0.006944444444444444,0.004166666666666667,-0.018055555555555554,0
2024-08-05,train,4,-0.27897500000000003,-0.10827862554112551,-0.3040238095238095,0.42992424242424243,0.02685253862516301,0.007914568023743396,0.006556673234463989,0.001483879287131116,0.00405446400843267,-0.018937970601419614,0
2024-08-06,train,2,-0.28405,-0.10155735849056607,-0.45896000000000003,0.43270440251572323,0.03171799516908212,0.0045138888888888885,0.006129227053140097,0.012847222222222222,0.001388888888888889,-0.027204106280193235,0
2024-08-07,train,2,-0.27115,-0.26657331691297204,-0.2774275862068965,0.5734811165845648,0.02884031512313218,0.006344631198777608,0.004924791141626813,0.007586867223622329,0.001819201079515012,-0.022495683924354574,0
2024-08-08,train,3,0.2859,-0.014610360360360342,-0.28219999999999995,0.3622083622083622,0.02842481586765359,0.008037371198908709,0.005549650503302709,0.0036606288651771287,0.0008602150537634409,-0.02038744466874488,0
2024-08-09,train,3,-0.11273333333333334,-0.10070294871794876,-0.35030384615384613,0.43473748473748475,0.021204710839767226,0.005504857190989097,0.0025206760584141424,0.00039032006245121,0.0011382925038994404,-0.015699853648778125,0
2024-08-12,train,2,-0.1656,-0.18793522727272727,-0.2521272727272727,0.5340909090909091,0.021673799945766577,0.00589159465828751,0.00926580806400662,0.0015710919088766694,0.00039277297721916735,-0.01578220528747907,0
2024-08-13,train,2,-0.54025,-0.12803166666666665,-0.23308,0.39166666666666666,0.01507936507936508,0.005873015873015873,0.004285714285714286,0.0,0.0,-0.009206349206349206,0
2024-08-14,train,2,0.12695,-0.04750548533872599,-0.05463488372093024,0.46157735085945395,0.024753842303742633,0.008077251663344293,0.007615571146262113,0.007704023955609634,0.005712757052493507,-0.01667659064039834,0
2024-08-15,train,2,-0.38915,-0.2172352657004831,-0.24204444444444442,0.6594202898550725,0.043199287066948866,0.012108722290297427,0.00629943188147488,0.01112843934499276,0.0,-0.031090564776651442,0
2024-08-16,train,3,0.08559999999999997,0.09607439703153986,-0.2452727272727273,0.3025664811379097,0.01639904816706368,0.016468905320256633,0.0030648151979673975,0.0020216443895903526,0.005244188419199262,6.985715319295209e-05,0
2024-08-19,train,0,0.0,0.0,0.0,0.0,0.0,0.0,0.0,0.0,0.0,0.0,1
2024-08-20,train,2,-0.5386500000000001,-0.2948732905982906,-0.3222076923076923,0.6239316239316239,0.022197722513670096,0.0011135857461024498,0.0049833887043189366,0.0033222591362126247,0.002774715314208762,-0.021084136767567648,0
2024-08-21,train,3,0.3057,0.09108285714285715,-0.028031428571428575,0.22582972582972582,0.015754301730362578,0.006909013057231764,0.004124130198394279,0.002861386718414221,0.0008896797153024912,-0.008845288673130813,0
2024-08-22,train,4,0.07719999999999999,0.03990499999999999,-0.051076666666666666,0.3194444444444444,0.02120707324692741,0.00897975861201911,0.005293791574279379,0.0038152139956263665,0.000429553264604811,-0.012227314634908299,0
2024-08-23,train,2,0.10115,-0.09397136752136755,-0.3417888888888889,0.3717948717948718,0.012004147777798506,0.00720264413061458,0.003759117959815682,0.0,0.0012530393199385605,-0.004801503647183927,0
2024-08-26,train,0,0.0,0.0,0.0,0.0,0.0,0.0,0.0,0.0,0.0,0.0,1
2024-08-27,train,2,0.40164999999999995,0.057829099462365564,-0.013270833333333351,0.30510752688172044,0.02480897127493986,0.004827602471581529,0.0071223055516249235,0.0036036036036036037,0.004258053865383709,-0.01998136880335833,0
2024-08-28,train,1,0.0,0.1694282051282051,0.1694282051282051,0.10256410256410256,0.0020639834881320948,0.0041279669762641896,0.0020639834881320948,0.0,0.0030959752321981426,0.0020639834881320948,0
2024-08-29,train,1,-0.8214,-0.3173294117647059,-0.3173294117647059,0.7058823529411765,0.038461538461538464,0.007211538461538462,0.009615384615384616,0.0,0.0,-0.03125,0
2024-08-30,train,5,0.004960000000000017,0.008183674065514287,-0.2625,0.32621984688718764,0.021550546503729884,0.005075821523103381,0.0028815528915543446,0.0033858055473124497,0.0021427576903241563,-0.016474724980626503,0
2024-09-02,train,4,-0.332275,-0.13823761846261842,-0.33969999999999995,0.4777237935132672,0.029152799879960254,0.005567924014940526,0.003766931877134202,0.005975231720496465,0.0021473373910607467,-0.023584875865019728,0
2024-09-03,train,1,-0.3182,-0.051483333333333325,-0.051483333333333325,0.20833333333333334,0.01624815361890694,0.008862629246676515,0.0014771048744460858,0.004431314623338257,0.0014771048744460858,-0.007385524372230426,0
2024-09-04,train,4,-0.127225,0.01720600045787546,-0.14226285714285714,0.34901556776556775,0.028140904039329447,0.006647061559776683,0.005946016624638087,0.0018503629509037313,0.0019258103299824051,-0.02149384247955276,0
2024-09-05,train,3,0.0,0.07043092105263159,0.0334,0.1843058733790999,0.011982432949627073,0.011194410885009262,0.007611366059426135,0.0006195786864931846,0.010838982433121947,-0.0007880220646178092,0
2024-09-06,train,4,-0.13877499999999998,-0.060582144502962475,-0.21135,0.3942883201667764,0.018807300397631815,0.006000768523728525,0.004858568432605849,0.00430036424381005,0.0017601034324704126,-0.01280653187390329,0
2024-09-09,train,3,-0.23916666666666667,0.1624874201787995,0.029727777777777784,0.17305236270753513,0.020314971063774695,0.013436230574958005,0.004027910209683024,0.0004262574595055414,0.0032905694218346676,-0.006878740488816686,0
2024-09-10,train,5,-0.061119999999999994,-0.008956967713401149,-0.16052619047619046,0.31933644271105577,0.012285476351262212,0.004266562503739657,0.004638020867476182,0.001095264360570483,0.002977297844150088,-0.008018913847522555,0
2024-09-11,train,1,-0.4939,-0.03922972972972973,-0.03922972972972973,0.32432432432432434,0.020202020202020204,0.00202020202020202,0.007070707070707071,0.00202020202020202,0.0,-0.018181818181818184,0
2024-09-12,train,2,0.148,-0.10499367647058823,-0.15868235294117647,0.4808823529411765,0.026773847901366284,0.010117221810890729,0.004472271914132379,0.0043596028530565505,0.0017889087656529517,-0.016656626090475555,0
2024-09-13,train,3,-0.23090000000000002,-0.0787074074074074,-0.20468333333333333,0.4166666666666667,0.02115274769266202,0.0027833525505674647,0.0015413607259175584,0.004968952842455691,0.005181611305619557,-0.018369395142094555,0
2024-09-17,train,2,-0.29414999999999997,-0.12744125,-0.2513725,0.5041666666666667,0.018880742862460838,0.007733669744692731,0.0055735365588840515,0.0005780346820809249,0.0,-0.011147073117768105,0
2024-09-18,train,3,-0.5492666666666667,-0.19492718253968253,-0.2819875,0.49523809523809526,0.03464728779266165,0.004737803862958179,0.005614160708084835,0.0011764705882352942,0.000784313725490196,-0.029909483929703478,0
2024-09-19,train,4,-0.393475,-0.12850776853776855,-0.28164594594594594,0.48745668745668747,0.03209313932649648,0.004179356626518154,0.0035798892589784972,0.005039730885708015,0.001254300120953174,-0.02791378269997833,0
2024-09-20,train,5,0.16662,0.06769012015810279,-0.24216599999999996,0.31177865612648226,0.01408275872441606,0.0029976331992009483,0.002123072274248086,0.0024547320292001144,0.0007092198581560283,-0.011085125525215112,0
2024-09-23,train,3,0.023366666666666685,-0.05005866948470208,-0.24550888888888886,0.4377415458937198,0.02881644359609715,0.008198018904182662,0.008385918724838402,0.010179835589079691,0.0012437810945273632,-0.020618424691914484,0
2024-09-24,train,3,-0.5761666666666666,-0.14484848608006504,-0.2781857142857143,0.47303393619183093,0.025314342210502338,0.007438002788985825,0.005418228996907398,0.0008468889333393556,0.0016658897523401748,-0.01787633942151651,0
2024-09-25,train,7,-0.2638,0.028571558141950584,-0.39936969696969704,0.29235252516771676,0.014180338529703577,0.0094373424218003,0.00469273701817474,0.0016298583773643287,0.002036085469641255,-0.0047429961079032785,0
2024-09-26,train,1,0.0,0.0834969696969697,0.0834969696969697,0.3333333333333333,0.012804097311139564,0.005121638924455826,0.0012804097311139564,0.0038412291933418692,0.0038412291933418692,-0.0076824583866837385,0
2024-09-27,train,6,-0.6262833333333333,-0.21759218134930594,-0.37683783783783775,0.5457431309017996,0.03284367902908968,0.0032771756068759304,0.003471687916536023,0.005777046254560766,0.0008366426276874038,-0.029566503422213758,0
2024-09-30,train,3,-0.5679666666666666,-0.273872354904982,-0.33699999999999997,0.628608115048793,0.02546921620606323,0.003334175529920476,0.008752088740719087,0.0,0.001938436583173835,-0.02213504067614275,0
2024-10-01,train,4,-0.6557,-0.17833895454545456,-0.3258466666666667,0.5790909090909091,0.03170977606841721,0.007328460894719529,0.007155951464605492,0.0009878811845746018,0.0015042701863354037,-0.024381315173697682,0
2024-10-02,train,4,-0.240325,-0.24720317460317456,-0.4617999999999999,0.5626293995859213,0.02612055940624141,0.0030573701696995498,0.008987350646835458,0.0002598752598752599,0.001834305290568348,-0.02306318923654186,0
2024-10-03,train,1,-0.2263,-0.29811176470588235,-0.29811176470588235,0.6176470588235294,0.023337222870478413,0.002333722287047841,0.011668611435239206,0.0011668611435239206,0.003500583430571762,-0.021003500583430573,0
2024-10-04,train,6,0.0393,-0.02895574922125659,-0.2877689655172414,0.36839970823079876,0.02089271884219358,0.007020475243270444,0.005612946563583806,0.0021471466484254205,0.001997387788598868,-0.013872243598923133,0
2024-10-07,train,4,-0.021625000000000005,-0.07560770460358056,-0.2800217391304348,0.41639433551198257,0.026971054839691793,0.004945721374159526,0.00325386206954218,0.002088355961595398,0.00299828734588235,-0.022025333465532267,0
2024-10-08,train,2,-0.27475,-0.07326441102756891,-0.12707619047619045,0.3458646616541353,0.03337347363182311,0.007756260997849309,0.0052100922486269345,0.001968503937007874,0.001968503937007874,-0.025617212633973804,0
2024-10-09,train,1,0.4767,0.06971249999999998,0.06971249999999998,0.25,0.02666666666666667,0.013333333333333334,0.0033333333333333335,0.0033333333333333335,0.0,-0.013333333333333334,0
2024-10-10,train,2,-0.66445,-0.12549410774410774,-0.13305185185185187,0.5092592592592593,0.0331003441071648,0.006120191716848961,0.006779218385154233,0.008175617549465405,0.0030600958584244805,-0.026980152390315842,0
2024-10-11,train,3,-0.4474666666666667,-0.04689862573099415,-0.0604342105263158,0.41257309941520465,0.024844551560860424,0.011659683374055672,0.003311959176563879,0.002063922543091765,0.0024670077612702584,-0.01318486818680475,0
2024-10-14,train,4,-0.20014999999999997,-0.022595640909872722,-0.08114444444444445,0.3323765909872721,0.024067098267813176,0.009151385962975905,0.00846300953427049,0.0010151110954071927,0.0019955032522699376,-0.014915712304837271,0
2024-10-15,train,0,0.0,0.0,0.0,0.0,0.0,0.0,0.0,0.0,0.0,0.0,1
2024-10-16,train,3,0.0,-0.057540091913776126,-0.15175384615384616,0.367253893569683,0.015725437928408224,0.005832910214098333,0.0030052748864630055,0.0021639493009129973,0.005572198245465572,-0.009892527714309892,0
2024-10-17,train,5,-0.0901,-0.09535676282051282,-0.388425,0.4436355311355311,0.025679546067341595,0.009335724466579565,0.010319319778158878,0.0029651405276682765,0.00262844019096794,-0.016343821600762032,0
2024-10-18,train,5,-0.1944,-0.08434755283481687,-0.5369926829268292,0.4157567188320105,0.014368612156557178,0.005287445290062035,0.004194466397849274,0.00373366119095691,0.0020490079173944545,-0.009081166866495141,0
2024-10-21,train,2,-0.1909,0.20015945454545456,0.163028,0.2109090909090909,0.017174215173315893,0.009051395247438414,0.0030868487028558973,0.004790031611074776,0.007175850228907783,-0.008122819925877479,0
2024-10-22,train,2,-0.1754,0.017321190476190483,-0.11270999999999999,0.3857142857142857,0.02482306765151281,0.014558416004780007,0.010973411214471882,0.0,0.004402962779820956,-0.010264651646732806,0
2024-10-23,train,3,-0.03423333333333333,0.014993635819107514,-0.08784528301886792,0.37281621243885393,0.021674902950922986,0.007424961916332309,0.004275590537266113,0.0023462931299134374,0.0018238270902060183,-0.014249941034590678,0
2024-10-24,train,2,0.0,0.181984375,0.11023333333333335,0.21875,0.02087539356358305,0.014453697695099382,0.005341649241714134,0.006907641742975941,0.002076723868579806,-0.006421695868483669,0
2024-10-25,train,5,-0.182,0.07422538684503902,-0.2228,0.2984077192173144,0.026987893953142095,0.010339789074429177,0.005693660514693725,0.004621700710242327,0.0019635746240912293,-0.016648104878712915,0
2024-10-28,train,3,-0.19963333333333333,0.016553456437804266,-0.031311428571428566,0.3318225057355492,0.027488142309815954,0.011517694886364144,0.004690236381842082,0.0027122321670735015,0.0029832202315860294,-0.015970447423451807,0
2024-10-29,train,2,-0.1591,0.1416191818181818,0.03425199999999999,0.16272727272727275,0.012964249394846528,0.005865333657991607,0.005532320208545197,0.0,0.0025996533795493936,-0.007098915736854921,0
2024-10-30,train,4,-0.364925,-0.10107858636977059,-0.20578947368421052,0.43462381916329285,0.030907599853013727,0.005419141143374108,0.009293720687944077,0.005228837415974185,0.0015449806091505595,-0.025488458709639616,0
2024-10-31,train,1,0.2732,0.14386000000000002,0.14386000000000002,0.3,0.018832391713747645,0.026365348399246705,0.013182674199623353,0.0,0.0018832391713747645,0.007532956685499061,0
2024-11-01,train,3,-0.21989999999999998,-0.0888855829228243,-0.14048,0.47290640394088673,0.01941876323435451,0.007838654351016794,0.004338328467561028,0.003856071169830723,0.0019280355849153614,-0.011580108883337714,0
2024-11-04,train,1,0.0,0.08235652173913043,0.08235652173913043,0.2826086956521739,0.022888713496448304,0.014206787687450671,0.0055248618784530384,0.0015785319652722968,0.007892659826361484,-0.008681925808997633,0
2024-11-05,train,1,-0.1531,0.1281,0.1281,0.17391304347826086,0.023809523809523808,0.002380952380952381,0.002380952380952381,0.0,0.0,-0.02142857142857143,0
2024-11-06,train,15,0.02449333333333333,0.09568535654765804,-0.11194444444444443,0.28605212856061757,0.018676917484055564,0.01201442100248871,0.005000769892276388,0.0017930111140547578,0.003599930955452537,-0.0066624964815668545,0
2024-11-07,train,3,0.0,0.07382859389038635,0.03506792452830189,0.2480682839173405,0.016171835912553077,0.00847215874451048,0.007352353868729342,0.0011910986512995657,0.004969643459802435,-0.007699677168042599,0
2024-11-08,train,1,0.1144,-0.008522222222222237,-0.008522222222222237,0.4444444444444444,0.03264417845484222,0.007616974972796518,0.009793253536452665,0.001088139281828074,0.001088139281828074,-0.025027203482045703,0
2024-11-11,train,2,-0.33525,0.10144396114864866,0.07989729729729732,0.24028716216216217,0.017468256043700604,0.009470522431427243,0.00799773361227336,0.0,0.008090350418410042,-0.007997733612273362,0
2024-11-12,train,1,-0.296,-0.12681923076923077,-0.12681923076923077,0.5,0.014970059880239521,0.005988023952095809,0.0074850299401197605,0.0,0.0,-0.008982035928143712,0
2024-11-13,train,3,-0.23206666666666667,0.026091763659277938,-0.02702926829268293,0.2753519328506355,0.013589875923731487,0.007922348929070514,0.00568639538670367,0.0014365109629677275,0.002221188681996283,-0.005667526994660971,0
2024-11-14,train,2,0.41285000000000005,0.08487303448275861,0.052162068965517235,0.25908045977011496,0.01611325871220863,0.012201900146165089,0.0072274790368489885,0.0,0.0008077544426494346,-0.003911358566043541,0
2024-11-15,train,7,0.1055142857142857,-0.012239466723752432,-0.2347142857142857,0.3744874173445602,0.022947585795430013,0.006960246951710337,0.003626701324870032,0.004296313726800892,0.0033984470535587765,-0.015987338843719674,0
2024-11-18,train,1,0.1027,-0.3162391304347826,-0.3162391304347826,0.6521739130434783,0.0322061191626409,0.00322061191626409,0.001610305958132045,0.001610305958132045,0.0,-0.02898550724637681,0
2024-11-19,train,4,-0.328075,-0.16362849150115344,-0.36871764705882354,0.5341601644997935,0.020375415064492225,0.00659371738700912,0.005326868647123008,0.0034660871737964153,0.0015728085242049101,-0.013781697677483103,0
2024-11-20,train,1,0.1531,0.08655961538461537,0.08655961538461537,0.3269230769230769,0.02954341987466428,0.010743061772605193,0.007162041181736795,0.006266786034019696,0.0,-0.018800358102059087,0
2024-11-21,train,2,-0.69555,-0.20339796195652174,-0.24399375,0.5903532608695652,0.042308262348279196,0.004420964772691815,0.005105951043714313,0.02688802692751724,0.0036847873568598083,-0.037887297575587384,0
2024-11-22,train,3,-0.36156666666666665,-0.04837544258639911,-0.10877799999999999,0.36851727982162763,0.02791603386236455,0.008871387557327635,0.009650732341116035,0.0018870050620622702,0.0011233121445457137,-0.019044646305036918,0
2024-11-25,train,1,0.0,0.07185000000000001,0.07185000000000001,0.2,0.015197568389057751,0.004559270516717325,0.001519756838905775,0.00303951367781155,0.00303951367781155,-0.010638297872340427,0
2024-11-26,train,3,-0.054333333333333324,0.005041029717500307,-0.050458823529411764,0.3258054434525023,0.01812181615010696,0.00683349733095021,0.0051864842475847755,0.0014597511735079682,0.005760746652753596,-0.01128831881915675,0
2024-11-28,train,3,-0.45763333333333334,-0.09496212006947298,-0.2609282051282051,0.39569907216966044,0.028332136161347884,0.004398791485441822,0.005361637533390504,0.0003611412062116287,0.002505050563712242,-0.023933344675906063,0
2024-11-29,train,4,-0.146475,-0.08054244288955388,-0.3030434782608696,0.47141054978583585,0.040106649376818335,0.007833147468093951,0.0027820898522904255,0.006733457159743923,0.0024687262151445533,-0.032273501908724384,0
2024-12-02,train,1,-0.765,0.1359293103448276,0.1359293103448276,0.22413793103448276,0.010655737704918032,0.009016393442622951,0.004918032786885246,0.00819672131147541,0.005737704918032787,-0.0016393442622950807,0
2024-12-03,train,2,0.58685,0.08955717948717948,-0.0011600000000000091,0.21025641025641026,0.018833634719710668,0.009984930681133212,0.0009523809523809524,0.0,0.0009523809523809524,-0.008848704038577454,0
2024-12-04,train,3,-0.0172,-0.008734126984126983,-0.26330714285714285,0.3134920634920635,0.01272070464835815,0.00850981162261505,0.007122512053497299,0.0005509641873278236,0.0037804619622801446,-0.004210893025743097,0
2024-12-05,train,5,-0.1653,-0.11285843990824251,-0.3656857142857142,0.4555179528863739,0.02188691061736935,0.009414019775941546,0.00336640268716312,0.004265581384129935,0.0033433478604304847,-0.012472890841427801,0
2024-12-06,train,10,-0.2306,-0.04940417737272307,-0.2566741935483871,0.4566623046855701,0.023694878718199266,0.007531012699264488,0.005924675174976025,0.00496095055533368,0.002717666963154868,-0.016163866018934776,0
2024-12-09,train,1,0.3182,-0.057317073170731696,-0.057317073170731696,0.5365853658536586,0.027580772261623327,0.01103230890464933,0.003940110323089046,0.0015760441292356187,0.0007880220646178094,-0.016548463356974,0
2024-12-10,train,1,-0.2263,-0.12717142857142857,-0.12717142857142857,0.5714285714285714,0.030066815144766147,0.005567928730512249,0.0033407572383073497,0.0,0.0033407572383073497,-0.0244988864142539,0
2024-12-11,train,0,0.0,0.0,0.0,0.0,0.0,0.0,0.0,0.0,0.0,0.0,1
2024-12-12,train,2,0.36335,0.07513933588761176,-0.03915925925925925,0.27011494252873564,0.015513766774220537,0.015505582009523428,0.004046002015270952,0.0020270933899840305,0.006073095405254983,-8.184764697108209e-06,0
2024-12-13,train,2,-0.31875,-0.02432592592592594,-0.10790000000000002,0.3232323232323232,0.018272336800255584,0.0048690733969921785,0.004605800291079479,0.0,0.0017482517482517483,-0.013403263403263404,0
2024-12-16,train,3,-0.45330000000000004,-0.0024295824094604326,-0.17697272727272725,0.3956023651145602,0.02624922981258508,0.008450978246330816,0.0023525743583804096,0.0033446016609173248,0.004899703611640378,-0.017798251566254267,0
2024-12-17,train,3,-0.08276666666666666,-0.07897809983896942,-0.46975000000000006,0.4355206655931294,0.024754883603697514,0.008935475453476874,0.0053144319513655685,0.005923268624451483,0.003235871586333741,-0.015819408150220638,0
2024-12-18,train,0,0.0,0.0,0.0,0.0,0.0,0.0,0.0,0.0,0.0,0.0,1
2024-12-19,train,1,0.8625,0.10976206896551727,0.10976206896551727,0.3103448275862069,0.018651362984218076,0.015781922525107604,0.010043041606886656,0.0028694404591104736,0.0028694404591104736,-0.0028694404591104727,0
2024-12-20,train,3,0.38853333333333334,0.21037601897018968,0.18269166666666667,0.14817073170731707,0.015721735531171854,0.013438630508340802,0.00478373622700496,0.00033134526176275674,0.0012334667792332761,-0.00228310502283105,0
2024-12-23,train,1,-0.4588,0.047421739130434785,0.047421739130434785,0.1956521739130435,0.011325028312570781,0.011325028312570781,0.006795016987542469,0.0011325028312570782,0.0011325028312570782,0.0,0
2024-12-24,train,2,0.25485,-0.0341323275862069,-0.1739896551724138,0.34913793103448276,0.022532335586729707,0.006369426751592357,0.0077859403696612095,0.002359227853542261,0.0,-0.016162908835137352,0
2024-12-27,train,5,-0.21546000000000004,0.0028043447649330087,-0.1479235294117647,0.4239397380573851,0.02393401654719455,0.004096805395106045,0.004254274142058088,0.005415007874264824,0.00247406179401543,-0.019837211152088505,0
2024-12-30,train,0,0.0,0.0,0.0,0.0,0.0,0.0,0.0,0.0,0.0,0.0,1
2024-12-31,train,5,0.1111,-0.018515664721751673,-0.19727777777777777,0.374578078925905,0.021009771608869778,0.008498182739153474,0.006273537737073354,0.0009179754938894483,0.0021820756226268814,-0.0125115888697163,0
2025-01-02,train,3,-0.3731333333333334,-0.05683413207816288,-0.13085853658536584,0.4252721913184044,0.027091756468976932,0.0033495088366757263,0.005995802231890117,0.002613673663754461,0.0019104582222931252,-0.023742247632301205,0
2025-01-03,train,5,-0.21912000000000004,-0.04218085984158376,-0.11241363636363637,0.39700485186231627,0.01917955104658397,0.007022156456900204,0.00496419916139645,0.005491746527240699,0.002306530832873279,-0.012157394589683764,0
2025-01-06,train,0,0.0,0.0,0.0,0.0,0.0,0.0,0.0,0.0,0.0,0.0,1
2025-01-07,train,3,-0.08653333333333335,0.14384024455077085,-0.02203684210526315,0.2508678112393283,0.01304112554112554,0.017771464646464646,0.007088744588744589,0.0,0.002471139971139971,0.004730339105339106,0
2025-01-08,train,1,0.5106,0.17139756097560974,0.17139756097560974,0.24390243902439024,0.010958904109589041,0.01004566210045662,0.0027397260273972603,0.0027397260273972603,0.0,-0.0009132420091324204,0
2025-01-09,train,2,0.17,0.22147622222222224,0.20194444444444445,0.22962962962962963,0.01468918291151219,0.008204865711188726,0.0036303573579257067,0.0021614390667744877,0.0015527950310559005,-0.006484317200323463,0
2025-01-10,train,2,-0.03375,0.08322656249999999,0.05695000000000001,0.28125,0.0063160648874934595,0.009555206698063841,0.009110413396127682,0.0,0.0007692307692307692,0.0032391418105703817,0
2025-01-13,train,0,0.0,0.0,0.0,0.0,0.0,0.0,0.0,0.0,0.0,0.0,1
2025-01-14,train,1,0.5773,-0.17962000000000003,-0.17962000000000003,0.4,0.0225,0.0025,0.0,0.0125,0.0,-0.02,0
2025-01-15,train,2,0.16830000000000003,-0.04106576923076924,-0.33847000000000005,0.4512820512820513,0.027538411738113708,0.009070639646829672,0.021718747383871813,0.0,0.0,-0.018467772091284036,0
2025-01-16,train,5,-0.33612000000000003,-0.00373877987606481,-0.11810833333333333,0.32095800428377563,0.017423002922706852,0.005797288239328355,0.005673525169000579,0.0011659402828082149,0.0025164787199547793,-0.011625714683378497,0
2025-01-17,train,7,-0.11542857142857144,0.05464649254322592,-0.14598399999999997,0.27652146405273464,0.017866245960425055,0.007664062049400206,0.0051991257139364835,0.0016268644543293014,0.00252769505447707,-0.010202183911024848,0
2025-01-20,train,0,0.0,0.0,0.0,0.0,0.0,0.0,0.0,0.0,0.0,0.0,1
2025-01-21,train,4,0.11355,0.036560697165153686,-0.028730434782608692,0.40973881191272493,0.020664137988365777,0.006392298053417552,0.006300227061470892,0.0012912233978083138,0.0030355655378916995,-0.014271839934948224,0
2025-01-22,train,8,0.16025,0.045385256722218006,-0.2909260869565217,0.308919029340225,0.01552017827471629,0.011816603881163009,0.0052446434970277855,0.0011628549133051733,0.0025172161120416542,-0.0037035743935532814,0
2025-01-23,train,7,0.06941428571428569,0.04613397480136611,-0.2654916666666666,0.32679288735189355,0.018217031898718213,0.008448421035395334,0.0031827821007157533,0.0007541457000153163,0.003559664615231225,-0.009768610863322879,0
2025-01-24,train,15,0.12186666666666666,-0.016268044411498112,-0.30971764705882354,0.36287010047418966,0.022178067981846464,0.006465972428185488,0.004765954701585829,0.002948191438781803,0.0025679810070832914,-0.015712095553660977,0
2025-01-30,train,3,-0.0492,0.2191433986928105,0.10572000000000001,0.15294117647058825,0.015389220607762717,0.012073711225762835,0.006760931924946946,0.003711952487008166,0.0029440173703411004,-0.003315509381999883,0
2025-01-31,train,11,1.8181818181806086e-05,-0.061339673488128035,-0.3086136363636363,0.38278105732651185,0.02131001272422534,0.005059509389107072,0.006480532457606773,0.0020466040091079505,0.003239903068173308,-0.016250503335118266,0
2025-02-03,train,13,-0.002823076923076924,-0.004841406602139077,-0.13491739130434785,0.3636004243924674,0.023975834839527716,0.007362620699545344,0.005908326343782331,0.0013824303052585515,0.003174081664138425,-0.01661321413998237,0
2025-02-04,train,6,-0.07746666666666667,0.007123207325106841,-0.15421818181818184,0.3703080647407265,0.0199360703671502,0.0047439992738101,0.003977425018517225,0.00307794755498848,0.0012697701962090945,-0.0151920710933401,0
2025-02-05,train,7,-0.1266857142857143,0.020416054423336726,-0.1717655172413793,0.33081500625328497,0.023251545942615897,0.003659497392558989,0.005674664403567933,0.0017372642974307548,0.002177651285054141,-0.01959204855005691,0
2025-02-06,train,9,0.08044444444444444,-0.0010720309379448022,-0.4405066666666667,0.3750580921469717,0.022273340909525575,0.008448732102660847,0.006799811192256023,0.0015721701136875872,0.0038070146560330326,-0.013824608806864726,0
2025-02-07,train,2,-0.44845,0.20259596345514952,0.20052906976744186,0.14119601328903653,0.0070824296029219835,0.008164089274480531,0.006086213533891064,0.002905082485939363,0.002544529262086514,0.0010816596715585477,0
2025-02-10,train,5,-0.04028,0.08560312446633826,-0.1577833333333333,0.2931406677613574,0.013103179381450414,0.009575083247442221,0.005188672888918864,0.0011194951335715645,0.004751047396787783,-0.0035280961340081935,0
2025-02-11,train,3,-0.2772,0.0667268211527035,-0.03793529411764707,0.24812834224598931,0.012129457794525322,0.00854551118315211,0.0037383558764193356,0.0010471475230843083,0.0064818562408946526,-0.00358394661137321,0
2025-02-12,train,5,-0.26344,0.06781302194440429,-0.08385882352941178,0.2636553933612757,0.02281703755714116,0.006746698870767907,0.004077891439990808,0.0024038231707865176,0.0025963159523072106,-0.016070338686373253,0
2025-02-13,train,6,0.017499999999999988,0.009413328467822968,-0.18761999999999998,0.34456837583698813,0.019742055728605625,0.0074722181988973735,0.004325167204592114,0.0029028237426457115,0.003324756749933695,-0.012269837529708253,0
2025-02-14,train,9,0.21543333333333334,0.1298267582161177,-0.08241333333333335,0.28921084006041525,0.01891176153213853,0.006620973687334579,0.0036000995903307433,0.0011983246057836276,0.00211689180553234,-0.012290787844803952,0
2025-02-17,train,3,-0.1468,0.0038973984105563075,-0.19152105263157895,0.3651784375468586,0.014455888551348703,0.008578754151460316,0.01261922030403842,0.00043459365493263795,0.002386029296525877,-0.005877134399888388,0
2025-02-20,val,4,0.18535000000000001,0.1162335299183575,-0.010128571428571435,0.23509077129766787,0.01336780705991104,0.009369364417691952,0.002612920168067227,0.0010460434173669467,0.0010786892145322237,-0.003998442642219088,0
2025-02-21,val,7,-0.33814285714285713,0.04850882558035675,-0.2999444444444444,0.3020660755197229,0.015428505823128583,0.009642302327843142,0.004836074803555669,0.002459025213975014,0.002299346599861083,-0.005786203495285441,0
2025-02-24,val,2,0.0,-0.04056333333333333,-0.0531,0.4125,0.024559412036324457,0.0028089887640449437,0.0017123287671232876,0.0036651531476065875,0.007330306295213175,-0.021750423272279513,0
2025-02-25,val,5,-0.12744,0.05988837451137792,-0.06713076923076923,0.2635001545641292,0.01718948134748203,0.0076004792524536095,0.005707324565333984,0.0023947787135285238,0.001030620520351577,-0.009589002095028417,0
2025-02-26,val,2,-0.26585,0.11102410394265234,0.056687096774193556,0.22155017921146955,0.018857022575382836,0.008442351207704046,0.000967741935483871,0.0024469820554649264,0.0019539020154712415,-0.010414671367678789,0
2025-02-27,val,4,-0.29905,0.0625883630952381,0.010810000000000005,0.3366071428571429,0.01914035916663498,0.011168990019933512,0.010794301667934257,0.0034065549327573336,0.0005324813631522897,-0.007971369146701466,0
2025-02-28,val,11,-0.11545454545454543,0.07050956704192739,-0.05617000000000001,0.2997406343983842,0.01976803452687961,0.005514178642738837,0.004263552965062054,0.0005322608944978666,0.0007757764350714135,-0.01425385588414077,0
2025-03-03,val,11,-0.03769090909090911,0.03610646070504032,-0.12440277777777779,0.3151169731643621,0.01850103155145394,0.006362398740580428,0.0052725834158031,0.000950200999641428,0.004299494195848016,-0.012138632810873512,0
2025-03-04,val,14,-0.28674285714285713,0.07899204315439477,-0.056858333333333344,0.22135362004141862,0.016805850337236403,0.008179548012531844,0.0064447111408247925,0.002110367124036883,0.0021164409577473426,-0.008626302324704559,0
2025-03-05,val,9,-0.2006,0.08613880810476596,-0.08035238095238097,0.2726616189259867,0.018235680791828253,0.008459931337546304,0.004471778383246122,0.0026587202490312503,0.003972123565817391,-0.009775749454281946,0
2025-03-06,val,7,0.09131428571428571,0.05173953618193832,-0.18066086956521737,0.3352872589475218,0.02108713126695804,0.008457798219235244,0.00778450917291689,0.0035227863167427973,0.0023248101188137233,-0.012629333047722794,0
2025-03-07,val,7,-0.2593571428571429,-0.051090315570672715,-0.22160000000000002,0.42872260015117153,0.03181744557714222,0.007258180422103448,0.006232218566589456,0.0039247645235282345,0.003709109375592395,-0.024559265155038777,0
2025-03-10,val,11,-0.17762727272727272,-0.05644592137146678,-0.5778333333333334,0.3777962779203277,0.03010718522452824,0.00562511693470358,0.008288501693938011,0.004995914075579842,0.0015907173671409792,-0.024482068289824663,0
2025-03-11,val,11,-0.01358181818181818,0.06066532363599135,-0.295475,0.3058406655456345,0.015823268889389536,0.00853149772354553,0.005299078370582125,0.0004614855564414009,0.003471742768277959,-0.007291771165844005,0
2025-03-12,val,12,-0.25605833333333333,0.04781635808601171,-0.06458,0.31304011347450084,0.021682711514417988,0.00700061406858254,0.005804134054831288,0.000410952438623354,0.0027811632287521137,-0.014682097445835445,0
2025-03-13,val,8,-0.0819,0.01745239883863336,-0.18789999999999998,0.3132192597719645,0.024356579312388348,0.006636174073693332,0.004524940075658969,0.0006997462448627382,0.0021943026263095628,-0.017720405238695017,0
2025-03-14,val,7,-0.2835714285714286,-0.03422304993996724,-0.3196921052631579,0.3655436482504152,0.017713525216916652,0.005795375151773597,0.003121560578909811,0.0006397290673197832,0.0011289587605377081,-0.011918150065143055,0
2025-03-17,val,3,-0.35863333333333336,-0.028482243294340074,-0.30756129032258067,0.36340541179250857,0.019463987699980565,0.005546924581527003,0.007032338427751607,0.0036188178528347406,0.004532464681416906,-0.013917063118453562,0
2025-03-18,val,2,-0.1591,-0.06973800000000002,-0.17194800000000002,0.43,0.0332901368602759,0.008607144564746073,0.01691999254778404,0.0004476275738585497,0.0,-0.024682992295529824,0
2025-03-19,val,6,-0.09405000000000002,0.04081907021315181,-0.06565909090909092,0.32721345700472837,0.01854952705666793,0.006505233810342352,0.008773387868350201,0.0,0.003377351233409199,-0.012044293246325577,0
2025-03-20,val,8,-0.014925,0.05469056174670557,-0.1602806451612903,0.27769347213576234,0.02119065545265026,0.0074956429018063105,0.00674448906781557,0.00195417440587146,0.0028422135288186483,-0.01369501255084395,0
2025-03-21,val,3,-0.03273333333333336,0.007627333871401673,-0.039266666666666665,0.31369383911756793,0.024360301870043937,0.007148619303007873,0.0085171853774563,0.0005027652086475616,0.0036310095133624543,-0.017211682567036063,0
2025-03-24,val,4,-0.09125,0.11178649471923957,0.034605263157894736,0.23964765592912046,0.015600852940077547,0.009049593995786137,0.005292579725085012,0.0020709532347900203,0.0019283462125267354,-0.00655125894429141,0
2025-03-25,val,4,-0.3457,-0.02520626602564103,-0.266785,0.37598824786324786,0.022245904808663317,0.003010107334769177,0.006438362920686481,0.001915963312156397,0.004755665836846219,-0.019235797473894138,0
2025-03-26,val,3,-0.4016,0.05382816627816625,-0.050611538461538465,0.3123543123543124,0.019732028783471856,0.0062085773985333685,0.005649183226053456,0.0013635759175543002,0.004409585265195266,-0.01352345138493849,0
2025-03-27,val,84,-0.15250119047619048,0.008161002911501136,-0.36647500000000005,0.33228329627782605,0.021871639495032066,0.0065727608026612105,0.005400519818584902,0.0017198164822939078,0.0021877917499491385,-0.015298878692370859,0
2025-04-08,val,13,-0.25753076923076923,-0.03052065177202158,-0.2764923076923077,0.3625739015122172,0.022920389024707923,0.006758639680627555,0.004705783628325345,0.0011653398672145181,0.002408477929197068,-0.016161749344080364,0
2025-04-09,val,18,0.05632777777777778,0.03673073206564998,-0.15060833333333332,0.2994770322494852,0.014882567004093109,0.00777376036871275,0.006748955538788102,0.0017543211898469815,0.001179686889512682,-0.007108806635380361,0
2025-04-10,val,13,-0.38343076923076924,-0.0453917297025183,-0.20563749999999997,0.3814799914337893,0.021432952552316642,0.006947277910541328,0.008539031760753145,0.00029857381041061286,0.002833414346746973,-0.014485674641775312,0
2025-04-11,val,15,-0.19410000000000002,0.004546484144662619,-0.25646111111111114,0.308476663362192,0.022274201553937507,0.005414438428597419,0.0065962526939499656,0.0008299412143536165,0.003067906135251256,-0.01685976312534009,0
2025-04-14,val,7,-0.32381428571428567,0.028463377710743618,-0.1511705882352941,0.3152406432956458,0.021104726636302872,0.008588118828381246,0.007267033354654223,0.0009796609947729607,0.0016689329829818386,-0.012516607807921626,0
2025-04-15,val,5,0.17736000000000002,-0.005889383753501403,-0.14177058823529412,0.38871148459383753,0.02249498986121571,0.007612190340744009,0.0074150053897831,0.0017923976608187134,0.002344187825922489,-0.0148827995204717,0
2025-04-16,val,6,-0.24156666666666668,0.00981955026455026,-0.08265714285714287,0.32026455026455025,0.023221410443350705,0.005687411780198462,0.004518885823410096,0.0019144293093107786,0.004283929758334704,-0.017533998663152247,0
2025-04-17,val,18,-0.13227222222222224,0.06279475029340825,-0.2620133333333333,0.253441102359839,0.01684072817655073,0.008179451577634844,0.0058584407868571475,0.002030562373732679,0.0031736473811396055,-0.008661276598915886,0
2025-04-21,val,9,-0.17208888888888887,0.08894910349770814,-0.10654545454545455,0.27729682646626164,0.018182769762969116,0.007662797350202932,0.006222460622899423,0.0010442255616693015,0.001690902586893228,-0.010519972412766187,0
2025-04-22,val,16,-0.06024375,0.016930844409795115,-0.23938,0.3019165386335506,0.02043333152407059,0.00656280026396128,0.006828360204660059,0.001583257364461441,0.0014640975536469637,-0.013870531260109311,0
2025-04-23,val,5,0.06704,0.03223081913116125,-0.11168571428571429,0.30505430242272347,0.015782691989623447,0.0065582438666067,0.0050274297361965386,0.0014405762304921968,0.0006748786471110184,-0.009224448123016748,0
2025-04-24,val,9,-0.10249999999999998,0.042795992747156765,-0.1581063829787234,0.27805040451111196,0.015960410009100028,0.008660128993657291,0.008997783381409025,0.0018344621471257931,0.0030485307540910112,-0.007300281015442738,0
2025-04-25,val,14,-0.21168571428571428,0.05058287402835641,-0.10359999999999998,0.2789300441168679,0.0166986958640632,0.006142961900021766,0.00473165161819898,0.0011834136017807287,0.001663703611276903,-0.010555733964041431,0
2025-04-28,val,9,-0.21705555555555556,0.038898320165922824,-0.23197083333333335,0.26930449671995565,0.022084071795720903,0.008206494260163852,0.00786692035207092,0.0020582961622758037,0.0018014153969013393,-0.013877577535557049,0
2025-04-29,val,10,-0.09977,0.12560873703360814,-0.09950344827586205,0.2220920420575593,0.015928172056029234,0.010448750028006529,0.009056556306324235,0.0006748207717161451,0.0018092113584334771,-0.005479422028022707,0
2025-04-30,val,10,-0.010000000000000009,0.08164394968344663,-0.21050454545454544,0.27942899699535284,0.016894023347344547,0.007283062200347498,0.005283362232732504,0.002564073117535907,0.002204595235106057,-0.00961096114699705,0
2025-05-02,val,13,-0.0015076923076923167,0.020149358744595395,-0.10494285714285714,0.3188428858391116,0.019925853778340625,0.009692166121184577,0.006707217003044945,0.0010908385033472133,0.001406667298204441,-0.010233687657156045,0
2025-05-05,val,1,0.0,0.048452941176470574,0.048452941176470574,0.35294117647058826,0.02557544757033248,0.0025575447570332483,0.005115089514066497,0.0,0.0,-0.023017902813299233,0
2025-05-06,val,8,-0.0796625,0.05106007986695487,-0.2655230769230769,0.29057288744788745,0.015579671518795603,0.00868062705036996,0.004078998233037616,0.001985677286527402,0.0016797124827597333,-0.006899044468425642,0
2025-05-07,val,12,-0.03845833333333334,0.077584874139573,-0.18873333333333334,0.25010752317946056,0.013395523256361735,0.00824882348731182,0.007017924331554258,0.0015090780424625932,0.0032464511517434815,-0.005146699769049914,0
2025-05-08,val,7,-0.1551857142857143,0.009985889564393077,-0.3479923076923077,0.2994210979415927,0.01770618588801146,0.006733753854281236,0.006651475150219239,0.001467393981340881,0.001548981009292982,-0.01097243203373022,0
2025-05-09,val,32,0.008884374999999996,0.03935446512651014,-0.2821384615384615,0.29721552245130295,0.01712802421554277,0.0077120351633246835,0.007472600492873489,0.002352955542732206,0.0022767705105632046,-0.009415989052218085,0
2025-05-14,val,7,0.07814285714285715,0.14085986847993054,0.10410625,0.17135221175894388,0.011474763252183324,0.005773287993074379,0.005791748323695477,0.0022211371608254022,0.0025150905432595573,-0.005701475259108943,0
2025-05-15,val,7,0.013314285714285739,0.08253558529812537,-0.15495416666666664,0.28637525901601235,0.020162852019255627,0.00904742393050709,0.007715014767233185,0.002160915858923507,0.0012720530052411476,-0.011115428088748536,0
2025-05-16,val,11,0.07543636363636365,0.11524042051599365,-0.12469285714285713,0.23725485662244553,0.016947622658635666,0.008416858209425086,0.004783637282628997,0.0007958071046827085,0.0025973503848147114,-0.008530764449210578,0
2025-05-19,val,6,-0.16078333333333336,0.020538377073906492,-0.08899999999999998,0.3131442287419517,0.017944805181574586,0.007334874729870947,0.003501494497368154,0.00048508641306800235,0.0012383366255467037,-0.010609930451703642,0
2025-05-20,val,3,-0.5432666666666667,-0.1177543427741467,-0.15324117647058824,0.4125635439360929,0.01943944328659507,0.0075305318052104235,0.008607292774057723,0.011655011655011656,0.0018537617458480767,-0.01190891148138465,0
2025-05-21,val,4,-0.266025,0.0033668714512832126,-0.16072,0.3327239003709592,0.022688725776643475,0.007536636324833512,0.004453793981514721,0.004225216676065945,0.002808166729260049,-0.015152089451809962,0
2025-05-22,val,6,-0.049400000000000006,0.06104141502217773,-0.12670256410256409,0.2752690869356809,0.01690687463185003,0.0063131702235504445,0.004625907759049956,0.0015044466698484426,0.0003761285101174707,-0.010593704408299586,0
2025-05-23,val,4,-0.50115,-0.08089001553362574,-0.3465688888888889,0.4165478801169591,0.02120159897145417,0.003180195594631751,0.0021188102034964693,0.0009272697951943236,0.0,-0.01802140337682242,0
2025-05-26,val,1,-0.296,-0.010694339622641517,-0.010694339622641517,0.4528301886792453,0.03009458297506449,0.004299226139294927,0.0008598452278589854,0.0034393809114359416,0.0017196904557179708,-0.025795356835769563,0
2025-05-27,val,6,-0.07634999999999999,0.05230124965817714,-0.23134444444444444,0.24910301828627154,0.012104985930375503,0.00888064536846446,0.0039545869553656845,0.0011436661325811284,0.0036740355477258325,-0.0032243405619110416,0
2025-05-28,val,26,-0.16015384615384615,0.055728103800559335,-0.1629736842105263,0.29962974557322253,0.020645154694835275,0.007951903482028367,0.005614633749010938,0.005617694407229789,0.0034206910045076876,-0.012693251212806908,0
2025-06-02,val,3,0.030700000000000022,0.016058620689655172,-0.010924137931034469,0.3653256704980843,0.02312683628455976,0.009939492676793773,0.002992635015673641,0.003532281717176449,0.004752267787964642,-0.01318734360776598,0
2025-06-03,val,1,0.5423,0.08987627118644068,0.08987627118644068,0.13559322033898305,0.0109460516028147,0.006254886630179828,0.001563721657544957,0.0,0.001563721657544957,-0.004691164972634871,0
2025-06-04,val,2,-0.14534999999999998,0.015127243589743593,-0.006878846153846146,0.34294871794871795,0.02117647781058732,0.006071908728867592,0.006071908728867592,0.004490677929683903,0.0017829407735665218,-0.015104569081719728,0
2025-06-05,val,23,0.06491304347826088,0.03479037530923404,-0.1339,0.2937600429025573,0.01905117290183825,0.008764811474078505,0.005435534347286466,0.0016319631690100392,0.004204041140784309,-0.010286361427759747,0
2025-06-10,val,6,-0.13216666666666668,0.06383210717677384,-0.148868,0.30074888074888073,0.018804391156740787,0.007579232578847576,0.005672681604733711,0.0015285965881672054,0.0018988280285270175,-0.01122515857789321,0
2025-06-11,val,8,-0.09665000000000001,0.0697341651720017,-0.15869333333333333,0.2805138416475575,0.014210636102686403,0.00512691648937514,0.006579787476754313,0.0010363075757975346,0.0019888276731333055,-0.009083719613311263,0
2025-06-12,val,8,-0.3406875,-0.07618191950276308,-0.24042307692307693,0.39772232555311665,0.02128334228927269,0.006558559196836813,0.005717492590157405,0.0004128618395106876,0.0024199900324321484,-0.014724783092435877,0
2025-06-13,val,15,-0.39715333333333336,-0.09718134988007172,-0.2545224137931034,0.4342493332291669,0.02594204487331812,0.0041660676963073354,0.005417932124174375,0.0018768277223518229,0.001960360217197555,-0.021775977177010786,0
2025-06-16,val,7,-0.1611857142857143,-0.06289198481087463,-0.24908947368421056,0.4382312216127507,0.021122466118758502,0.0050782278394844674,0.004854168314991132,0.0023169537133470087,0.002186361603840712,-0.016044238279274033,0
2025-06-17,val,12,-0.07665833333333333,-0.018045305640241864,-0.27154666666666666,0.36211259523879175,0.021884975481460307,0.007207583491483146,0.006881198389064352,0.0025860808232416144,0.000882640346456861,-0.014677391989977162,0
2025-06-18,val,7,-0.3094,-0.08604286612013226,-0.20083571428571428,0.4508958846696573,0.028291409561111768,0.005652567455132184,0.006029591574125149,0.0039226502202189244,0.001262492040084175,-0.022638842105979586,0
2025-06-19,val,7,-0.09218571428571429,0.006438937173937169,-0.21344444444444444,0.40060501667644527,0.019966427734501392,0.007655512487970937,0.006858068893513524,0.0006914728951304685,0.0020301564335297472,-0.012310915246530458,0
2025-06-20,val,24,-0.24953333333333336,-0.10307691631336764,-0.34839166666666666,0.47351022486361516,0.025881051287539144,0.005194176610617156,0.007508050723876238,0.0008639565263059146,0.00220926142168056,-0.020686874676921988,0
2025-06-23,val,15,-0.16312000000000001,-0.08511936295304577,-0.47390999999999994,0.4580793246876894,0.024780226958292517,0.005639435635596031,0.005943520964014675,0.0021589809278408823,0.002257836826997173,-0.019140791322696485,0
2025-06-24,val,9,0.016133333333333326,-0.027766505210912697,-0.43561818181818185,0.3529110640789642,0.011638516187126783,0.007671821822331341,0.006102313108085354,0.00575086582889901,0.0036068631745741465,-0.003966694364795444,0
2025-06-25,val,6,-0.20074999999999998,-0.015862652031827223,-0.2450857142857143,0.367662282304226,0.02182652274012822,0.011091842922733837,0.007932851989903298,0.0023592499930320614,0.0035903515545465717,-0.01073467981739438,0
2025-06-26,val,18,-0.13423333333333332,0.04418244059928332,-0.2411882352941177,0.28841061990502503,0.020415389933233264,0.007580982663265288,0.006192529986459142,0.004631310318396021,0.002195598325619104,-0.012834407269967976,0
2025-06-30,val,3,0.1403,0.05271435897435898,-0.037540000000000004,0.2874358974358974,0.018141389859780147,0.00867160347999909,0.0068904199287131524,0.001756657504789163,0.0006265664160401002,-0.009469786379781056,0
2025-07-01,val,4,-0.26455,0.022193265796703304,-0.02931538461538461,0.2590659340659341,0.011973595220009289,0.011183809438912461,0.00639570800481605,0.0,0.0019436188825323318,-0.0007897857810968273,0
2025-07-02,val,3,-0.4861,0.1403386961007929,0.01621129032258064,0.24902248289345064,0.011180727535284339,0.010911481822842623,0.0066511192603577116,0.000949667616334283,0.0004329004329004329,-0.0002692457124417169,0
2025-07-03,val,5,-0.31604,-0.022537308616308628,-0.12230500000000002,0.31603372603372604,0.025421513464970385,0.006166736546529404,0.005518881280268771,0.003643012384862179,0.004660316644775648,-0.01925477691844098,0
2025-07-04,val,4,-0.2925,-0.033890676553176555,-0.08555945945945945,0.2978069228069228,0.017025071644513355,0.009118473659512218,0.004539791603745092,0.0015410764336035148,0.005946088794926004,-0.007906597985001136,0
2025-07-07,val,2,-0.24635,0.006294761904761914,-0.13875333333333334,0.3404761904761905,0.030904541955350272,0.013083140877598154,0.004618937644341801,0.0005773672055427252,0.0011547344110854503,-0.017821401077752118,0
2025-07-08,val,4,-0.28975,-0.04245731816520467,-0.36013684210526314,0.3079952485380117,0.017086513005018057,0.008175798923629086,0.0035796458126244905,0.000673029138375673,0.0011556546210011558,-0.008910714081388969,0
2025-07-09,val,4,-0.216775,0.050385837510442774,-0.15341904761904762,0.2648078529657477,0.018997849790337522,0.013689104673003,0.006594886442726735,0.003412991470771791,0.0019880952288023786,-0.005308745117334524,0
2025-07-10,val,3,-0.2443666666666667,0.050903514098514104,-0.0105340909090909,0.27561717561717564,0.014741040204444817,0.007357248700424948,0.0021002432379510915,0.001989631497828219,0.0016798985553113266,-0.007383791504019867,0
2025-07-11,val,10,-0.09743,0.050392608233720305,-0.08332916666666668,0.2777895093412335,0.01825886241902634,0.008050080797902027,0.005700962016115358,0.000801303400650768,0.0035506935756279196,-0.010208781621124314,0
2025-07-14,val,6,0.049933333333333337,0.03036243347338936,-0.3579375,0.36093312324929966,0.02081243145832344,0.008711774006915961,0.004872968294567386,0.0011758196819898487,0.0029752188496329803,-0.01210065745140748,0
2025-07-15,val,7,-0.05085714285714286,0.17352293658829374,0.07726486486486485,0.17342091226019798,0.010243630306633514,0.00847409058370853,0.006549244633446706,0.003476567998206427,0.002611610141191404,-0.0017695397229249843,0
2025-07-16,val,4,0.025675,0.10557475314889789,-0.19744,0.21208726945569054,0.01454807910527002,0.010109881381117715,0.004320505118654824,0.0003048780487804878,0.0019488442591890868,-0.004438197724152307,0
2025-07-17,val,4,0.190775,0.13683734824323054,0.01411454545454545,0.2265466308795997,0.015947929597447567,0.011088590681093587,0.007592138347218924,0.004860366414706519,0.0011999715430518294,-0.004859338916353982,0
2025-07-18,val,4,-0.18134999999999998,0.07716319284881787,0.03932083333333335,0.2631993006993007,0.015114448846202163,0.007000663292879315,0.002928548910505012,0.0008120323222507779,0.002476671530952033,-0.008113785553322848,0
2025-07-21,val,5,-0.29694000000000004,0.06720452316602317,-0.04839285714285714,0.24472329472329474,0.01228049378080214,0.007166923062736903,0.006898053303195506,0.0031075636981844922,0.0026474231555901244,-0.005113570718065236,0
2025-07-22,val,3,0.0,0.05841586324786324,-0.09809599999999997,0.2791452991452991,0.027963392460107706,0.008336551565427197,0.004852830306277411,0.0029677253871167636,0.00539791611980693,-0.019626840894680506,0
2025-07-23,val,4,0.06977499999999999,-0.05999034348864994,-0.35557407407407404,0.33593189964157705,0.0261972221430538,0.00859932488383698,0.004057963835957342,0.005259195457926436,0.0028076219775390243,-0.01759789725921682,0
2025-07-24,val,5,-0.04586000000000001,-0.015790184585395106,-0.21975999999999996,0.3746678662468136,0.028517590711155682,0.007687872016622384,0.008655823733584669,0.0009405310860232151,0.0016537570956966408,-0.0208297186945333,0
2025-07-25,val,3,0.04906666666666667,0.09640160112925994,-0.041213793103448276,0.2765275257108288,0.020372928141601323,0.006691104059525113,0.0052225672301310505,0.0012341767935842944,0.004606918489679284,-0.013681824082076209,0
2025-07-28,val,11,0.018636363636363628,0.027857789430013016,-0.2547236842105263,0.3051443855557648,0.021758093752731286,0.008872241703940674,0.004474993685456065,0.0025429921175776134,0.0032452328036267613,-0.012885852048790612,0
2025-07-29,val,5,-0.2285,0.05751131279308928,-0.06861730769230769,0.29096585767174005,0.01757494296465888,0.008626346033581185,0.011282993444279474,0.00021505376344086021,0.0020309814978076114,-0.008948596931077694,0
2025-07-30,val,3,0.0030666666666666668,0.21291388513513512,0.03458000000000001,0.1961936936936937,0.022117647797023975,0.01023825281958415,0.005553805191190853,0.006259022327414851,0.0031295111637074254,-0.011879394977439825,0
2025-07-31,val,4,0.102775,-0.04481847756410255,-0.20754375,0.4362179487179487,0.021726695529118965,0.007428438127263871,0.005795535851283845,0.01332398316970547,0.0036392520755369143,-0.014298257401855093,0
2025-08-01,val,10,0.01581,0.02912267806587816,-0.13844615384615386,0.26328551470399997,0.017245493907776997,0.007464686962485608,0.006113764242057472,0.0010220389696252085,0.0022710989575899358,-0.009780806945291388,0
2025-08-04,val,3,-0.20033333333333334,-0.08879538770053479,-0.13188750000000002,0.5365418894830659,0.026628516884047344,0.006467469415686769,0.012768004576718546,0.0,0.001763980968000482,-0.020161047468360577,0
2025-08-05,val,11,-0.1324181818181818,-0.07027243657113519,-0.2535346153846154,0.3902283919912296,0.018629468897219222,0.005685090314218783,0.00579740464871331,0.0010388582898204243,0.003853793247040745,-0.012944378583000439,0
2025-08-06,val,6,-0.017249999999999988,0.06452343927637626,-0.1426125,0.2900880560600913,0.010152576171964202,0.009951604355790965,0.004746806634371913,0.0005367686527106817,0.002269501173370912,-0.00020097181617323637,0
2025-08-07,val,2,0.23835,0.1423561363636364,0.082435,0.1856060606060606,0.01221273241690048,0.011581508408477298,0.008114371761162776,0.004005349779714953,0.0008797431870452392,-0.0006312240084231828,0
2025-08-08,val,2,0.0,0.17917751225490197,0.06520208333333334,0.17279411764705882,0.011867529741447282,0.01056673047424093,0.003494954875695954,0.0012634503323300681,0.006505882645873999,-0.0013007992672063526,0
2025-08-11,val,2,0.23835,0.15090916666666665,0.130285,0.24464285714285716,0.018520637399632205,0.01208011257943019,0.006492426485419761,0.001086396219671439,0.001086396219671439,-0.006440524820202015,0
2025-08-12,val,1,-0.3818,-0.06436923076923076,-0.06436923076923076,0.46153846153846156,0.03470031545741325,0.006309148264984227,0.0031545741324921135,0.0031545741324921135,0.0,-0.028391167192429023,0
2025-08-13,val,0,0.0,0.0,0.0,0.0,0.0,0.0,0.0,0.0,0.0,0.0,1
2025-08-14,val,4,-0.08735000000000001,-0.01706092017250485,-0.07846842105263159,0.3488162295370533,0.03180779040630738,0.005108031736672583,0.003922641781920341,0.0013674067002928316,0.0009352545827474555,-0.026699758669634796,0
2025-08-15,val,4,-0.123475,0.12392941814806882,0.08455333333333333,0.27586742343114157,0.011822519452218329,0.006892484403813709,0.0041265878393806675,0.0008116883116883117,0.0018677168752697453,-0.004930035048404619,0
2025-08-19,val,2,-0.17,0.02983645833333334,0.0026062500000000044,0.303125,0.012620821737439027,0.005528623155878744,0.002955082742316785,0.003355328126402729,0.007511147020977347,-0.0070921985815602835,0
2025-08-20,val,1,0.0,0.1124144578313253,0.1124144578313253,0.1686746987951807,0.012523481527864746,0.0068879148403256105,0.003757044458359424,0.0,0.0,-0.005635566687539136,0
2025-08-21,val,2,-0.39135,0.13441944444444445,0.10732222222222222,0.19675925925925924,0.02388070077864294,0.007913885799035965,0.007913885799035965,0.0010080645161290322,0.0024448461253244345,-0.01596681497960697,0
2025-08-22,val,3,0.10823333333333333,0.09272481481481483,-0.15388888888888888,0.37152777777777773,0.019213816280600673,0.008313109086760083,0.005238938776600889,0.001126171622495152,0.0025263872205453955,-0.010900707193840587,0
2025-08-25,val,0,0.0,0.0,0.0,0.0,0.0,0.0,0.0,0.0,0.0,0.0,1
2025-08-26,val,1,0.0,0.18691904761904762,0.18691904761904762,0.07936507936507936,0.013382899628252789,0.010408921933085501,0.005947955390334572,0.0007434944237918215,0.0007434944237918215,-0.0029739776951672875,0
2025-08-27,val,0,0.0,0.0,0.0,0.0,0.0,0.0,0.0,0.0,0.0,0.0,1
2025-08-28,val,1,-0.3818,0.002774666666666666,0.002774666666666666,0.26666666666666666,0.014948859166011016,0.004720692368214005,0.004720692368214005,0.0,0.0015735641227380016,-0.010228166797797011,0
2025-08-29,val,1,0.0,0.04055454545454546,0.04055454545454546,0.36363636363636365,0.024783147459727387,0.011152416356877323,0.0037174721189591076,0.0,0.004956629491945477,-0.013630731102850064,0
2025-09-01,val,2,0.0,0.14880100000000002,0.08303200000000001,0.26666666666666666,0.01746626144216506,0.006863037736531712,0.004366565360541265,0.005142190383154238,0.005173848547342523,-0.010603223705633345,0
2025-09-02,val,1,0.0,0.15401111111111113,0.15401111111111113,0.18518518518518517,0.013175230566534914,0.005270092226613966,0.006587615283267457,0.0013175230566534915,0.002635046113306983,-0.007905138339920948,0
2025-09-03,val,0,0.0,0.0,0.0,0.0,0.0,0.0,0.0,0.0,0.0,0.0,1
2025-09-04,val,2,0.28555,0.13745273809523811,0.009523333333333333,0.22023809523809523,0.019799742899610333,0.008561643835616438,0.009535813280842003,0.0030555778732977144,0.0,-0.011238099063993895,0
2025-09-08,val,2,-0.1909,0.20776666666666663,0.0885037037037037,0.2222222222222222,0.01707114181344714,0.0196792329238349,0.0014235998087131943,0.0007776049766718507,0.0006459948320413437,0.002608091110387757,0
2025-09-09,val,1,0.4588,0.06302222222222223,0.06302222222222223,0.3888888888888889,0.01782178217821782,0.007920792079207921,0.0019801980198019802,0.0,0.005940594059405941,-0.0099009900990099,0
2025-09-10,val,1,0.0,0.05497857142857143,0.05497857142857143,0.21428571428571427,0.008069939475453935,0.004034969737726967,0.0013449899125756557,0.0006724949562878278,0.0013449899125756557,-0.004034969737726967,0
2025-09-11,val,2,0.5594,0.2168265243902439,0.20297500000000002,0.11653116531165311,0.011895351645697473,0.010333640735129438,0.007592412664954,0.001644736842105263,0.0005482456140350877,-0.0015617109105680346,0
2025-09-12,val,3,-0.17556666666666665,0.023861342592592597,-0.1208,0.3300925925925926,0.02446584973096108,0.007608695652173913,0.007696084207218884,0.007317073170731707,0.005184399670083657,-0.016857154078787167,0
2025-09-15,val,0,0.0,0.0,0.0,0.0,0.0,0.0,0.0,0.0,0.0,0.0,1
2025-09-16,val,3,-0.1468,0.1126997655122655,-0.10190714285714286,0.23719336219336218,0.014101004438161778,0.008984944179701734,0.001965024300447498,0.0033566214784116473,0.0015869745493569945,-0.0051160602584600446,0
2025-09-17,val,1,0.0,0.39736388888888885,0.39736388888888885,0.05555555555555555,0.0056179775280898875,0.017977528089887642,0.0033707865168539327,0.0011235955056179776,0.0033707865168539327,0.012359550561797755,0
2025-09-18,val,1,-0.1027,0.237825,0.237825,0.1875,0.0223463687150838,0.01452513966480447,0.0111731843575419,0.00782122905027933,0.0022346368715083797,-0.00782122905027933,0
2025-09-19,val,0,0.0,0.0,0.0,0.0,0.0,0.0,0.0,0.0,0.0,0.0,1
2025-09-22,val,1,0.128,0.15625416666666667,0.15625416666666667,0.20833333333333334,0.006557377049180328,0.013114754098360656,0.003278688524590164,0.0,0.0,0.006557377049180328,0
2025-09-23,val,0,0.0,0.0,0.0,0.0,0.0,0.0,0.0,0.0,0.0,0.0,1
2025-09-24,val,1,-0.5859,-0.10921818181818183,-0.10921818181818183,0.36363636363636365,0.026058631921824105,0.003257328990228013,0.019543973941368076,0.0,0.0,-0.02280130293159609,0
2025-09-25,val,0,0.0,0.0,0.0,0.0,0.0,0.0,0.0,0.0,0.0,0.0,1
2025-09-26,val,0,0.0,0.0,0.0,0.0,0.0,0.0,0.0,0.0,0.0,0.0,1
2025-09-29,val,2,-0.21075,0.07843088235294117,0.07725,0.21764705882352942,0.013037656446411978,0.008531453243701153,0.00333114718259824,0.0009345794392523365,0.0,-0.004506203202710827,0
2025-09-30,val,1,0.2263,0.1307452380952381,0.1307452380952381,0.30952380952380953,0.024834437086092714,0.011589403973509934,0.005794701986754967,0.0,0.005794701986754967,-0.01324503311258278,0
2025-10-01,val,1,0.0,-0.04178275862068967,-0.04178275862068967,0.3793103448275862,0.02459016393442623,0.00468384074941452,0.00351288056206089,0.00117096018735363,0.0,-0.01990632318501171,0
2025-10-02,val,2,0.0,-0.015489646464646449,-0.12039444444444444,0.4015151515151515,0.027960339564924094,0.006628996600343305,0.004929168252950488,0.0,0.003763667087449322,-0.021331342964580786,0
2025-10-03,val,1,-0.3919,0.13874193548387098,0.13874193548387098,0.22580645161290322,0.01411764705882353,0.011764705882352941,0.00823529411764706,0.002352941176470588,0.004705882352941176,-0.002352941176470589,0
2025-10-06,val,1,0.0,0.09974318181818181,0.09974318181818181,0.1590909090909091,0.010008340283569641,0.006672226855713094,0.003336113427856547,0.0,0.0008340283569641367,-0.003336113427856547,0
2025-10-07,val,1,0.0516,0.01228333333333334,0.01228333333333334,0.3333333333333333,0.025,0.0035714285714285713,0.010714285714285714,0.0,0.0035714285714285713,-0.02142857142857143,0
2025-10-08,val,3,-0.1413333333333333,-0.04509001297738228,-0.17814193548387097,0.3847608453837597,0.02779658096794743,0.00248576158965419,0.0057925412417057535,0.0016727534595728892,0.003555163119249001,-0.025310819378293232,0
2025-10-09,val,1,-0.5267,0.09875087719298245,0.09875087719298245,0.2982456140350877,0.019908116385911178,0.006125574272588055,0.004594180704441042,0.026033690658499236,0.007656967840735069,-0.013782542113323124,0
2025-10-10,val,9,-0.3474555555555556,-0.09136724852489558,-0.35122666666666663,0.4313884372707902,0.022284052893817307,0.006868058004437853,0.0072594826069581385,0.0017552197493322676,0.004084542617135353,-0.015415994889379454,0
2025-10-13,val,3,-0.09106666666666667,0.00523916666666666,-0.07867500000000001,0.2823809523809524,0.015378062398377577,0.008310642978949975,0.004030382741912916,0.0009832841691248771,0.003671792310598398,-0.007067419419427602,0
2025-10-14,val,1,-0.5267,-0.012618750000000005,-0.012618750000000005,0.375,0.02236842105263158,0.0013157894736842105,0.010526315789473684,0.0013157894736842105,0.013157894736842105,-0.021052631578947368,0
2025-10-15,val,1,-0.4019,0.1329741379310345,0.1329741379310345,0.25862068965517243,0.016976556184316895,0.0137429264349232,0.0032336297493936943,0.0,0.005658852061438965,-0.0032336297493936947,0
2025-10-16,val,4,-0.1366,-0.007544627512127512,-0.08211333333333333,0.4172427234927235,0.024544515585120934,0.008140873821865563,0.008955309751793426,0.0009390555559915145,0.0007352034930121572,-0.016403641763255372,0
2025-10-17,val,1,0.128,-0.1539222222222222,-0.1539222222222222,0.5555555555555556,0.05865102639296188,0.005865102639296188,0.01466275659824047,0.002932551319648094,0.002932551319648094,-0.05278592375366569,0
2025-10-20,val,1,-0.5719,0.03260882352941177,0.03260882352941177,0.3382352941176471,0.02315112540192926,0.016720257234726688,0.008360128617363344,0.0006430868167202572,0.0006430868167202572,-0.0064308681672025705,0
2025-10-21,val,2,0.2202,0.2160741847826087,0.1905875,0.19021739130434784,0.014043029595015577,0.01534511292834891,0.011694411993769471,0.0,0.0013020833333333333,0.001302083333333334,0
2025-10-22,val,3,-0.06503333333333335,-0.0517465228386281,-0.22666666666666668,0.45266318950529477,0.02032957114752629,0.008872049867997285,0.011398020712414225,0.00033840947546531303,0.003966695028400208,-0.011457521279529002,0
2025-10-23,val,2,0.0,0.08181444805194801,-0.027906818181818192,0.2305194805194805,0.019917877328349497,0.010664157281946259,0.007705732430304168,0.0005159958720330237,0.0048331855940356985,-0.009253720046403239,0
2025-10-24,val,0,0.0,0.0,0.0,0.0,0.0,0.0,0.0,0.0,0.0,0.0,1
2025-10-27,val,0,0.0,0.0,0.0,0.0,0.0,0.0,0.0,0.0,0.0,0.0,1
2025-10-28,val,1,0.0,0.066575,0.066575,0.0625,0.007776049766718507,0.006220839813374806,0.0,0.0015552099533437014,0.003110419906687403,-0.0015552099533437018,0
2025-10-29,val,3,0.08210000000000002,0.07996717715162739,-0.018803773584905648,0.3088100362010577,0.02020997549958448,0.008926921086990891,0.00853490810205581,0.0,0.004236642394368295,-0.011283054412593585,0
2025-10-30,val,2,-0.5794,-0.11395536445536444,-0.12998648648648647,0.4434889434889435,0.02146239318077027,0.0031953194244363696,0.002790977134652552,0.001693817922934868,0.001001001001001001,-0.0182670737563339,0
2025-10-31,val,1,-0.3182,0.11074250000000001,0.11074250000000001,0.225,0.005307855626326964,0.013800424628450107,0.005307855626326964,0.0,0.0021231422505307855,0.008492569002123144,0
2025-11-03,val,1,0.0,0.23183529411764706,0.23183529411764706,0.29411764705882354,0.028145695364238412,0.016556291390728478,0.0033112582781456954,0.0,0.0016556291390728477,-0.011589403973509934,0
2025-11-04,val,1,0.0,0.2572421052631578,0.2572421052631578,0.10526315789473684,0.0056179775280898875,0.013108614232209739,0.0056179775280898875,0.0,0.0018726591760299626,0.007490636704119851,0
2025-11-05,val,0,0.0,0.0,0.0,0.0,0.0,0.0,0.0,0.0,0.0,0.0,1
2025-11-06,val,1,-0.5267,0.22285000000000002,0.22285000000000002,0.13157894736842105,0.013729977116704805,0.013729977116704805,0.0,0.0,0.009153318077803204,0.0,0
2025-11-07,val,4,-0.326075,-0.032883911064425765,-0.13138571428571427,0.3602707749766573,0.023148568322732863,0.005001389274798556,0.0020681670834491062,0.0030693711216078544,0.00889579951778416,-0.01814717904793431,0
2025-11-10,val,2,-0.1925,0.001322443181818192,-0.10439375,0.39488636363636365,0.01857305719171575,0.006241687250617519,0.002707581227436823,0.0013157894736842105,0.003082842485274558,-0.012331369941098232,0
2025-11-11,val,0,0.0,0.0,0.0,0.0,0.0,0.0,0.0,0.0,0.0,0.0,1
2025-11-12,val,1,0.0,-0.07273513513513515,-0.07273513513513515,0.32432432432432434,0.025433526011560695,0.0011560693641618498,0.004624277456647399,0.0,0.004624277456647399,-0.024277456647398846,0
2025-11-13,val,2,0.0386,0.15470583333333332,0.14573166666666668,0.15000000000000002,0.01263605730770163,0.013496642505636227,0.013105742891081427,0.0021514629948364886,0.005593803786574871,0.0008605851979345954,0
2025-11-14,val,0,0.0,0.0,0.0,0.0,0.0,0.0,0.0,0.0,0.0,0.0,1
2025-11-17,val,0,0.0,0.0,0.0,0.0,0.0,0.0,0.0,0.0,0.0,0.0,1
2025-11-18,val,3,0.1868,-0.10312934294871796,-0.35132,0.44567307692307695,0.01651701871366264,0.004092151503319016,0.00795368383004582,0.00033840947546531303,0.0027176884029675905,-0.012424867210343624,0
2025-11-19,val,0,0.0,0.0,0.0,0.0,0.0,0.0,0.0,0.0,0.0,0.0,1
2025-11-24,test,0,0.0,0.0,0.0,0.0,0.0,0.0,0.0,0.0,0.0,0.0,1
2025-11-25,test,0,0.0,0.0,0.0,0.0,0.0,0.0,0.0,0.0,0.0,0.0,1
2025-11-26,test,0,0.0,0.0,0.0,0.0,0.0,0.0,0.0,0.0,0.0,0.0,1
2025-11-27,test,1,-0.3612,-0.16650666666666666,-0.16650666666666666,0.5333333333333333,0.010101010101010102,0.005050505050505051,0.005050505050505051,0.005050505050505051,0.0,-0.005050505050505051,0
2025-11-28,test,2,-0.08399999999999999,0.027005341880341892,-0.003961538461538452,0.2841880341880342,0.021954182068756097,0.006626548238468142,0.009412063558802404,0.001392757660167131,0.0020964360587002098,-0.015327633830287955,0
2025-12-01,test,0,0.0,0.0,0.0,0.0,0.0,0.0,0.0,0.0,0.0,0.0,1
2025-12-02,test,2,-0.4847,0.1630786160714286,0.143934375,0.225,0.016347769059713704,0.00948691003383146,0.005719341008363298,0.003134698006931924,0.000508646998982706,-0.006860859025882243,0
2025-12-03,test,2,-0.11315,0.023108492063492074,-0.07604523809523808,0.30317460317460315,0.016036301097276707,0.005650726306214111,0.012279514185001991,0.001876172607879925,0.002358540849394508,-0.010385574791062597,0
2025-12-04,test,0,0.0,0.0,0.0,0.0,0.0,0.0,0.0,0.0,0.0,0.0,1
2025-12-05,test,4,-0.24230000000000002,0.06216115502854632,-0.004277777777777787,0.2909530083443127,0.023754322525021892,0.004344395851303791,0.005556366087546836,0.003377236383736111,0.002016857056600082,-0.0194099266737181,0
2025-12-08,test,1,0.0,0.17985588235294114,0.17985588235294114,0.20588235294117646,0.006362672322375398,0.003181336161187699,0.005302226935312832,0.012725344644750796,0.005302226935312832,-0.003181336161187699,0
2025-12-09,test,2,-0.19555,0.1824580170575693,0.14310746268656718,0.1746268656716418,0.012170981360261048,0.01348656349920228,0.005387895659481712,0.0010980966325036604,0.0010980966325036604,0.001315582138941231,0
2025-12-10,test,1,0.128,0.21041428571428572,0.21041428571428572,0.2619047619047619,0.005998286203941731,0.015424164524421594,0.002570694087403599,0.005998286203941731,0.003427592116538132,0.009425878320479864,0
2025-12-11,test,3,0.18123333333333336,0.12763884003943973,0.01672173913043479,0.21142131636884262,0.017560536058739345,0.009634448696409682,0.004238250575570904,0.001157947545267874,0.0004734848484848485,-0.007926087362329661,0
2025-12-12,test,1,0.8271,0.10391428571428572,0.10391428571428572,0.21428571428571427,0.009259259259259259,0.018518518518518517,0.009259259259259259,0.0,0.0,0.009259259259259259,0
2025-12-15,test,0,0.0,0.0,0.0,0.0,0.0,0.0,0.0,0.0,0.0,0.0,1
2025-12-16,test,2,0.024399999999999977,-0.016370707070707063,-0.17777777777777778,0.4595959595959596,0.02412626130665771,0.007298470879524219,0.01092157814191333,0.00228310502283105,0.0013698630136986301,-0.01682779042713349,0
2025-12-17,test,2,-0.27115,-0.20132840579710143,-0.24901333333333328,0.5608695652173913,0.020190779014308425,0.004531001589825119,0.006756756756756757,0.001589825119236884,0.0021462639109697933,-0.015659777424483306,0
2025-12-18,test,1,-0.128,0.11636212121212121,0.11636212121212121,0.18181818181818182,0.014905149051490514,0.009485094850948509,0.008807588075880758,0.0,0.0006775067750677507,-0.005420054200542005,0
2025-12-19,test,3,0.2014,0.14080361905610503,0.018094444444444448,0.17787876087795895,0.01054748539816396,0.008326329915503436,0.008225397697217777,0.0022689357997365787,0.0,-0.002221155482660524,0
2025-12-22,test,3,-0.23809999999999998,0.022989563033347465,-0.05695645161290321,0.35618027396154855,0.014591298953106466,0.006766275880807619,0.005449288280195847,0.003370064279155189,0.0002295684113865932,-0.007825023072298848,0
2025-12-23,test,1,0.2023,0.24935517241379312,0.24935517241379312,0.13793103448275862,0.00510204081632653,0.007653061224489796,0.008928571428571428,0.0012755102040816326,0.006377551020408163,0.0025510204081632655,0
2025-12-24,test,2,0.19105000000000003,-0.04771388888888889,-0.07242777777777777,0.48611111111111116,0.015240147783251232,0.005849753694581281,0.004464285714285714,0.0012315270935960591,0.0,-0.009390394088669951,0
2025-12-29,test,3,-0.04760000000000001,0.07417425213675213,0.017312500000000005,0.34348290598290604,0.016666379832909774,0.007185058128454355,0.009800790768797333,0.0015675146109928719,0.0005574136008918618,-0.00948132170445542,0
2025-12-30,test,1,-0.6249,0.05513749999999999,0.05513749999999999,0.3125,0.022935779816513763,0.0045871559633027525,0.0,0.0022935779816513763,0.0022935779816513763,-0.01834862385321101,0
2025-12-31,test,3,-0.14049999999999999,0.02254564764004992,-0.12799032258064516,0.31455459254320733,0.021347478467787808,0.012530805289408843,0.010521104551274038,0.0021325003465144034,0.002317166825595082,-0.008816673178378963,0
2026-01-02,test,9,-0.2824,-0.022261690741124704,-0.13971333333333336,0.38933255772878417,0.019508477769455003,0.007197632892684517,0.0062612260952225164,0.0022879467310411993,0.001515114471759023,-0.012310844876770484,0
2026-01-05,test,4,0.032,0.08920189732142858,-0.04504999999999999,0.3081013655462185,0.018441243009663433,0.008919628750613832,0.005549774518242035,0.003199610406916105,0.0006503810706285477,-0.009521614259049602,0
2026-01-06,test,4,-0.001574999999999993,0.10025145002658159,0.043111111111111114,0.2736886407939039,0.01426385788880998,0.0047651838680661755,0.004838350962753614,0.0022935779816513763,0.0011792112973725924,-0.009498674020743805,0
2026-01-07,test,5,-0.22864,-0.049563121497823305,-0.1810677419354839,0.39137703558828435,0.023462899050535564,0.007299433041426319,0.005590345586392503,0.002671330088390958,0.0019991717704641817,-0.01616346600910925,0
2026-01-08,test,3,0.24766666666666667,0.07460396825396824,-0.01306666666666668,0.27777777777777773,0.017560267325326784,0.005864744281878574,0.006206832616789344,0.0012722646310432569,0.0010491847731837515,-0.011695523043448208,0
2026-01-09,test,9,0.1821888888888889,0.021054288622587566,-0.4015904761904762,0.31428364550095095,0.02371926518512421,0.008069621111005208,0.008784951813122293,0.003734675907007553,0.0009968659195617427,-0.015649644074119003,0
2026-01-12,test,3,0.23263333333333333,-0.02926426282051282,-0.16360624999999998,0.34839743589743594,0.017895780732265717,0.004932189989661254,0.0004938271604938272,0.003434150820135247,0.0,-0.012963590742604461,0
2026-01-13,test,7,-0.2299571428571429,-0.07481554591607222,-0.30003888888888885,0.44520917678812416,0.02954764219010072,0.007994215034472773,0.011706447882115292,0.003621117864877877,0.0008904837852206273,-0.021553427155627945,0
2026-01-14,test,5,-0.26636000000000004,0.0025050638578011887,-0.08779714285714285,0.30266622778143515,0.025284241384634993,0.007350009432901336,0.005280306624268257,0.001259081223632801,0.002123685129711361,-0.017934231951733656,0
2026-01-15,test,15,-0.014713333333333333,0.012278823834607685,-0.0938181818181818,0.3340811034086818,0.02431019348674623,0.008963026293840593,0.008158754323315342,0.004650053325856969,0.002027665995677016,-0.01534716719290564,0
2026-01-19,test,5,0.09350000000000001,0.009198189273849074,-0.06875,0.27142580287929124,0.0187013018486362,0.006836007593414883,0.004490341895718707,0.0014411693209700198,0.00092822899966708,-0.011865294255221313,0
2026-01-20,test,11,-0.21450000000000002,-0.030750677572020605,-0.23760499999999998,0.33196394218976366,0.0243352769050997,0.00798615373694785,0.0062878089625481495,0.0019041360884596305,0.0008120565597953454,-0.01634912316815185,0
2026-01-21,test,10,0.05663,0.06695905587478733,-0.1198357142857143,0.2509439565833428,0.01632156158375724,0.006832156436537331,0.00414532858887798,0.0019333850075164312,0.0035758498052961495,-0.009489405147219906,0
2026-01-22,test,5,0.09694,0.05759074460006225,-0.103736,0.2800074696545285,0.018757693775610988,0.0070145520741676905,0.007051776350574146,0.0014819267483135745,0.0015339988592092146,-0.011743141701443296,0
2026-01-23,test,11,-0.06654545454545455,0.07505306424987689,-0.1641107142857143,0.2564935098194522,0.019875972019611922,0.007263201360805668,0.008480966412389868,0.0012123288882347114,0.0020324713374190897,-0.012612770658806255,0
2026-01-26,test,8,0.061025,0.0409922434385559,-0.24332666666666664,0.2890704565408253,0.015373818118158805,0.008068453913684749,0.004328157202906478,0.0013312579082257105,0.0023369551134330723,-0.0073053642044740566,0
2026-01-27,test,7,0.12524285714285716,0.1300710982725851,0.06974915254237288,0.21689474085811858,0.015251488174122738,0.011180703405262792,0.007154494262637699,0.0006100578970607969,0.0016429665681326154,-0.004070784768859946,0
2026-01-28,test,4,-0.0296,0.07715006944444444,-0.03832222222222221,0.32132936507936505,0.02074179811567264,0.011575437203183218,0.0077196243156738235,0.001876177934855125,0.0039121597051822495,-0.009166360912489423,0
2026-01-29,test,5,-0.11213999999999999,0.030176194968553477,-0.16454,0.3288409703504043,0.020969645529239928,0.007146111419075074,0.0063799586094772,0.0009647659380302577,0.0011333108287275245,-0.013823534110164853,0
2026-01-30,test,7,-0.3067142857142858,-0.015081715695287113,-0.1964133333333333,0.3956456456456456,0.023741175137559467,0.009233537154786567,0.009189232183372503,0.0009099833146478444,0.0008023856619918336,-0.014507637982772903,0
2026-02-02,test,2,-0.26744999999999997,0.023186420525657066,-0.01402127659574469,0.30663329161451813,0.02286236191249384,0.005789285472662782,0.006301526090444296,0.005277044854881266,0.007054181526477041,-0.017073076439831057,0
2026-02-03,test,6,-0.1800833333333333,0.023526407076719574,-0.158045,0.3665674603174603,0.02003596976362218,0.008719102866681743,0.004580941236243311,0.0005228824673269118,0.0023225006407010056,-0.011316866896940439,0
2026-02-04,test,4,-0.2672,-0.09876359081196581,-0.4067125,0.48865384615384616,0.023739593941558293,0.005969475967762677,0.00409278734688106,0.0019674238997503812,0.0016659100230698755,-0.017770117973795616,0
2026-02-05,test,3,-0.0073999999999999995,-0.09199078525641026,-0.17456923076923078,0.41426282051282054,0.03158709274302032,0.007970730993729285,0.009882045978438765,0.007652574213665844,0.0017997226812543924,-0.023616361749291038,0
2026-02-06,test,2,0.32135,-0.00728533333333331,-0.09400666666666663,0.41333333333333333,0.022038070178909398,0.008211829254621113,0.005337441720906615,0.0010946907498631637,0.0005473453749315818,-0.013826240924288285,0
2026-02-09,test,1,0.0,0.17918095238095239,0.17918095238095239,0.14285714285714285,0.020484171322160148,0.00558659217877095,0.0,0.0037243947858473,0.00558659217877095,-0.014897579143389197,0
2026-02-10,test,0,0.0,0.0,0.0,0.0,0.0,0.0,0.0,0.0,0.0,0.0,1
2026-02-11,test,1,0.0,0.14461818181818184,0.14461818181818184,0.2727272727272727,0.017064846416382253,0.0034129692832764505,0.0034129692832764505,0.0034129692832764505,0.0,-0.013651877133105802,0
2026-02-12,test,3,0.02093333333333332,-0.023005101835047382,-0.09822758620689655,0.4615177791221348,0.01992970504075339,0.010583461475186127,0.004955471300504294,0.011127524679788012,0.0021210210647137754,-0.009346243565567262,0
2026-02-13,test,8,0.0665625,0.05210956269461532,-0.04030000000000001,0.32051174337358546,0.019728947717100143,0.008798209438714084,0.007896772226312706,0.0025978427929980773,0.0013108466437192032,-0.010930738278386061,0
2026-02-18,test,2,0.26495,0.4478391826923077,0.43148461538461547,0.06971153846153846,0.009654697190107956,0.011006048541459307,0.0013513513513513514,0.002767781946252201,0.0,0.0013513513513513514,0
2026-02-19,test,4,0.25015,0.08897641182347066,0.045864285714285725,0.27242610330845624,0.01732672018177779,0.007405655703426553,0.008940980150729458,0.014696220074248582,0.0023749817761504395,-0.009921064478351239,0
2026-02-20,test,5,-0.11076,-0.02533935308252131,-0.20351379310344833,0.3484811095031602,0.0193283594022328,0.006977196966281363,0.007224772065128951,0.0058499275988041465,0.001359283772331783,-0.012351162435951437,0
2026-02-23,test,9,-0.05786666666666667,-0.018826684292201544,-0.19840833333333338,0.36371417980613385,0.021146649036101167,0.004610573738818382,0.011600661180535468,0.006927605581759644,0.002123267796601629,-0.016536075297282786,0
2026-02-24,test,3,0.15336666666666668,-0.0044040476190476225,-0.07106,0.33809523809523806,0.014657067620794184,0.004910526265464735,0.006537201746917615,0.005427914367415688,0.0038012388859628085,-0.009746541355329449,0
2026-02-25,test,4,-0.103175,0.030809449358690854,-0.21596842105263156,0.30492591773551525,0.00810935518382327,0.008859934391849286,0.0056964312283461225,0.0027986198198964155,0.0024656194868960825,0.0007505792080260169,0
2026-02-26,test,4,0.21515,0.06390523459383754,-0.08790714285714285,0.29367997198879553,0.014421788329510112,0.008730566934959995,0.01245699435491091,0.0011176858637078956,0.0020268362659667007,-0.005691221394550116,0
2026-02-27,test,11,-0.1929090909090909,-0.050650873854116645,-0.22314390243902438,0.4030750343111762,0.023719737335752923,0.010118211655641855,0.009663753150276087,0.003057154685263011,0.0013352856887339645,-0.01360152568011107,0
2026-03-02,test,15,-0.27886,-0.0672880986227705,-0.21206111111111112,0.42419621858677387,0.02829557166206779,0.00880764653102187,0.0074347525301577165,0.0004420200053038683,0.0013577628741168442,-0.01948792513104592,0
2026-03-03,test,4,-0.40580000000000005,-0.12486652385752688,-0.23340000000000002,0.5141969086021505,0.03480731339551359,0.006218654590749387,0.0059931343654441565,0.00031645569620253165,0.0013509676522915856,-0.028588658804764203,0
2026-03-04,test,11,-0.029336363636363647,-0.050990309461082746,-0.32301500000000005,0.3719944117042676,0.02345793937323459,0.007733078085806058,0.009261238767718874,0.0015106296012622692,0.0011036054659985437,-0.01572486128742853,0
2026-03-05,test,11,-0.3830636363636364,-0.05785422342795857,-0.2799692307692307,0.4110612196321796,0.02309297339529064,0.007381930479850709,0.00766073384188111,0.0026784693623421673,0.0020190997671866466,-0.015711042915439934,0
2026-03-06,test,17,-0.15704705882352943,-0.06949765612349709,-0.3039081081081081,0.41806335989379917,0.01948653701770861,0.005781550898325609,0.009532481353642234,0.0012297517108014067,0.0013603498128855161,-0.013704986119383004,0
2026-03-09,test,8,-0.4037375,-0.12367075183562065,-0.37143076923076923,0.4932235805174336,0.030226483237816994,0.005588023943902263,0.01030818714606922,0.002898446888755745,0.0025014577348302243,-0.024638459293914727,0
2026-03-10,test,5,-0.21288,0.01874552628932814,-0.16330192307692307,0.31865814611944643,0.018528255240635748,0.009084616855243983,0.003764458795854567,0.001456869312956481,0.002065128684901777,-0.009443638385391766,0
2026-03-11,test,5,-0.57622,-0.06503376933815148,-0.203075,0.3726377304895611,0.02066620981554752,0.0056116455195959185,0.007407828418903581,0.000667408231368187,0.0019874592122528143,-0.015054564295951603,0
2026-03-12,test,4,-0.25192499999999995,-0.10181266769865839,-0.2330458333333333,0.449609778121775,0.025045543861289397,0.005937025488494849,0.006731847627656611,0.0006868131868131869,0.0015015015015015015,-0.019108518372794547,0
2026-03-13,test,12,-0.280175,-0.0007026042521385741,-0.3302416666666667,0.38615154816135205,0.019305276073359676,0.009500788897856738,0.008835807662884228,0.0008595006382716637,0.0013953538159044894,-0.009804487175502937,0
2026-03-16,test,2,-0.5398000000000001,-0.1406058823529412,-0.15835882352941177,0.47058823529411764,0.009700882362961197,0.0044742729306487695,0.00828137952963354,0.0,0.0011185682326621924,-0.005226609432312427,0
2026-03-17,test,30,-0.19948,-0.006737766888354581,-0.21454117647058824,0.35370330800633754,0.02188181240912034,0.00733175918408056,0.00943580316072878,0.0015063120739701823,0.0016399919021274226,-0.014550053225039777,0
2026-03-25,test,3,0.04773333333333333,-0.17677188666015575,-0.23171176470588237,0.5764781008188716,0.03755341228544062,0.008492772613011306,0.010947137990805383,0.0002871088142405972,0.0022047816292420606,-0.02906063967242931,0
2026-03-26,test,7,-0.4326857142857143,-0.03869590262770569,-0.29248,0.434034094520028,0.028004771608352647,0.007765405228432492,0.008660060265814047,0.0015466209845600948,0.002864468440569001,-0.020239366379920156,0
2026-03-27,test,7,-0.2622857142857143,0.04105160894854617,-0.2839923076923077,0.2958665910958986,0.021147531297499855,0.0077984967881502805,0.009059811804396384,0.0010643128050010432,0.0010129456345053603,-0.013349034509349572,0
2026-03-30,test,2,-0.17759999999999998,-0.19950325670498087,-0.2308444444444445,0.5708812260536398,0.027056277056277056,0.01028138528138528,0.011471861471861472,0.0,0.0,-0.016774891774891776,0
2026-03-31,test,7,-0.3475142857142857,-0.014053293236266837,-0.22477391304347824,0.332046771277681,0.028409489031664317,0.005100475914747824,0.006653668784390783,0.001861854729459127,0.000544495070912708,-0.023309013116916494,0
2026-04-01,test,3,0.0,0.07926449176954732,-0.05807916666666666,0.19693415637860082,0.015246973105828942,0.008556556817734125,0.0075432774391203826,0.0027440204424708896,0.00114636536056465,-0.006690416288094817,0
2026-04-02,test,16,-0.32556875,-0.05615706900493136,-0.23582321428571432,0.4070354907689317,0.02036865766522979,0.005924774823669906,0.006155118583800886,0.002792400124279431,0.0038031877831822764,-0.014443882841559884,0
2026-04-06,test,9,-0.20827777777777778,-0.05287040380405328,-0.1672409090909091,0.37255384329037755,0.02353708276376048,0.006019839365429915,0.006697665941158574,0.002605630323329852,0.0009073922158417647,-0.017517243398330565,0
2026-04-07,test,16,0.07796249999999999,-0.03335497461008688,-0.37095333333333336,0.3954988263112119,0.026468880871573956,0.007088679310886244,0.004643660921326121,0.004982354686742735,0.0016162836462102247,-0.01938020156068771,0
2026-04-08,test,14,-0.036121428571428575,-0.07065365199115131,-0.31140701754385963,0.427345717913089,0.03072962396331272,0.003953282716145563,0.007848172940515988,0.00451798092289809,0.001387501267664571,-0.026776341247167157,0
2026-04-09,test,9,-0.03481111111111112,0.011042131225703078,-0.24930740740740742,0.3422519274874347,0.020642171524717184,0.007909748023237434,0.008232608501653142,0.002509805982648128,0.0028488089852659066,-0.01273242350147975,0
2026-04-10,test,10,-0.21703999999999998,-0.015104404351126472,-0.45745,0.39714719110970115,0.022495546684091792,0.007657426395409425,0.005193445943511849,0.0017858708380281876,0.002196947835102545,-0.014838120288682366,0
2026-04-13,test,6,-0.3967,0.026128067087233763,-0.18436666666666668,0.35505528422195093,0.022246741248241872,0.009167050963456968,0.006553697802583969,0.0034518164622694965,0.002254987651060949,-0.013079690284784904,0
2026-04-14,test,8,0.143725,-0.07855152326839826,-0.19619999999999999,0.4262081668331668,0.02746713964905576,0.008114382365197126,0.012450859278531052,0.0007650028023913739,0.0006880760812280331,-0.019352757283858633,0
2026-04-15,test,5,-0.22357999999999997,-0.02904403295785355,-0.16654705882352938,0.432177993918465,0.02358473377634885,0.005703201453556383,0.007870802011656824,0.001366071076055152,0.0017495711835334477,-0.01788153232279247,0
2026-04-16,test,10,0.023,0.10573578386001517,-0.03271400000000001,0.2640995547779229,0.014446140422843081,0.01034931784742264,0.008952980648516698,0.0007060971090821838,0.00041430211579465313,-0.004096822575420441,0
2026-04-17,test,8,-0.22638750000000002,-0.07377539400889234,-0.29405000000000003,0.4507390595148385,0.02663871041438393,0.005212014601896489,0.007872739717621095,0.0013017668079639698,0.0016945999975778434,-0.02142669581248744,0
2026-04-20,test,9,-0.15544444444444444,0.022940827807735608,-0.2796230769230769,0.29263865541976486,0.01988828257745426,0.006534337092016638,0.006506433624976153,0.001896852097012236,0.0009722167237713639,-0.013353945485437625,0
2026-04-21,test,10,-0.25919,0.015356975759872327,-0.1851047619047619,0.3357682674924054,0.01805044054866576,0.005934160264543421,0.006464665418977789,0.0016626314353469275,0.0011905651681396868,-0.012116280284122335,0
2026-04-22,test,14,0.02765714285714285,0.028266233275131662,-0.07886785714285716,0.3266436980145735,0.02308942222140933,0.010187549160531927,0.006567944716724353,0.002011344981971475,0.0013288114116170782,-0.012901873060877403,0
2026-04-23,test,5,-0.45298,-0.03450756385836386,-0.159274358974359,0.3643907203907204,0.020073137574784822,0.006619384266816494,0.0056342483618110496,0.0005319148936170213,0.0031457618316857333,-0.013453753307968327,0
2026-04-24,test,13,-0.12523846153846152,0.01491954365991592,-0.1309722222222222,0.32253771174424906,0.02086227108591717,0.006640604147426172,0.007266755533872835,0.0013611645554875535,0.0010384965396982267,-0.014221666938491001,0
2026-04-27,test,6,-0.06981666666666668,0.010871186361947227,-0.07745,0.2959131448261883,0.02325965519538969,0.006589656092941198,0.004519305801195858,0.0037059371676278845,0.0007286978353387833,-0.016669999102448492,0
2026-04-28,test,8,-0.09065000000000001,0.09982176700780115,-0.07873870967741935,0.2837423342220339,0.021394000608919973,0.01132790889033351,0.008869314282476507,0.004149185179040584,0.003016472489297104,-0.01006609171858646,0
2026-04-29,test,7,-0.21568571428571426,-0.003023265168415543,-0.27004761904761904,0.3785360837992417,0.017871718229233856,0.010433481692747439,0.008510272361899534,0.002164977168152285,0.001107541390537782,-0.007438236536486416,0
2026-04-30,test,20,-0.17563,0.019553350257193892,-0.22044000000000002,0.3671590306232577,0.01996139429698081,0.007000040217530794,0.007273002380455917,0.001339483311015475,0.001492016089681214,-0.012961354079450014,0
2026-05-04,test,4,0.174675,0.00290343859649123,-0.1651315789473684,0.312438455008489,0.01947875383973839,0.0041506176387317035,0.00786276557935285,0.0008719887120415028,0.0013988591019255911,-0.015328136201006686,0
2026-05-05,test,8,0.08146250000000001,-0.0033131294949263757,-0.15512962962962965,0.3559570348632849,0.021879232195025414,0.008468626005831884,0.006735742200923558,0.0010923785701900095,0.0018868550198095039,-0.013410606189193533,0
2026-05-06,test,8,0.0461125,0.12267898630638154,-0.15902058823529414,0.2595562087014293,0.014786163105757137,0.007970740189616712,0.00795225443371396,0.0005827505827505828,0.0009492700282173966,-0.0068154229161404255,0
2026-05-07,test,3,-0.3295,-0.07682552188552191,-0.3128700000000001,0.40959595959595957,0.022508341383647008,0.00631033408539521,0.007515667955765755,0.0,0.0022864149514516263,-0.0161980072982518,0
2026-05-08,test,4,0.3113,0.020091138167388174,-0.12381428571428568,0.30130772005772005,0.01806964796464677,0.007618056694384421,0.007399236828668996,0.0016096148574561405,0.0009765625,-0.01045159127026235,0
2026-05-11,test,7,-0.030657142857142845,0.08855860146754559,-0.023856818181818184,0.28286651236961796,0.019264151762426178,0.007811458315805814,0.005418116571920777,0.0035086489730302727,0.0011874645018480159,-0.011452693446620364,0
2026-05-12,test,5,0.0025800000000000046,-0.01935690756302521,-0.160155,0.33866479925303455,0.0174055117832959,0.007744460214265276,0.0049450725818384,0.0011005917900398495,0.0017709755258920503,-0.009661051569030623,0
2026-05-13,test,38,-0.028773684210526312,0.06516588157791663,-0.14693043478260873,0.2621332800272908,0.016481744548628777,0.008279057872500623,0.005208986915666644,0.001016684245748559,0.001209323342908154,-0.008202686676128154,0
2026-05-18,test,8,-0.3869,0.019224961621259175,-0.1513787878787879,0.3470764516280821,0.024152027669950095,0.0109147546051465,0.006886196932876348,0.0055939514348955464,0.0019789103723646955,-0.013237273064803594,0
2026-05-19,test,14,-0.20013571428571428,-0.047080676213260696,-0.4837369565217392,0.3650463569480987,0.01926107588094684,0.006720606534653058,0.006926611508124367,0.0021000514322068995,0.0016425345495866411,-0.01254046934629378,0
2026-05-20,test,3,0.17020000000000002,0.11859702075702076,0.009662857142857147,0.24916564916564918,0.024005314562455332,0.01290481136905199,0.004941497686335887,0.003620815168910839,0.001175273258909863,-0.011100503193403347,0
2026-05-21,test,5,0.0902,-0.039110304347826086,-0.22683999999999999,0.3882608695652174,0.02361455097475812,0.01015778818802605,0.003531116989949295,0.0012091795593858368,0.00201215230868177,-0.013456762786732069,0
2026-05-22,test,10,-0.17986,0.04544563307802098,-0.14229285714285717,0.26009975422592485,0.016085755820214993,0.007177432263304286,0.005270250926469938,0.001156708884245653,0.0013334141235138383,-0.008908323556910706,0
2026-05-25,test,5,0.28228,0.15377247959001783,0.05118333333333333,0.21475579322638144,0.012774028259612052,0.011450414237891667,0.004982460188473552,0.0018856984727291894,0.0010571043919227192,-0.0013236140217203845,0
2026-05-26,test,18,-0.03608333333333333,9.134026679103981e-05,-0.18969999999999998,0.3565435991429683,0.021440012838459935,0.0065769945393662895,0.0072895070845557484,0.001762442029066345,0.0005384992016893652,-0.014863018299093641,0
2026-05-29,test,17,-0.13783529411764708,-0.014508777894866908,-0.3845066666666667,0.3442069618646412,0.0184430550516346,0.006683876307142998,0.005418477198907802,0.0008525746959792204,0.001541541463066445,-0.011759178744491602,0
2026-06-02,test,7,-0.002314285714285713,-0.0878439812171955,-0.3640361111111111,0.404343672200815,0.02058866059401288,0.005167343886065224,0.004592841033085567,0.0009157509157509158,0.0007832585189715618,-0.015421316707947655,0
2026-06-03,test,6,0.06325,0.042639771237016434,-0.16512000000000002,0.288945433003728,0.015113894160832727,0.009825938616099648,0.0060797237717539615,0.0016793133269297437,0.0015198716133295572,-0.005287955544733079,0
2026-06-04,test,5,0.07974,0.07956788945718529,-0.14041,0.25871968322059063,0.02156454291235389,0.006648200183818581,0.005276688488343348,0.004624158463547145,0.0015817319750152273,-0.014916342728535306,0
2026-06-05,test,8,-0.06575,-0.06846840865247994,-0.24964615384615382,0.4247104708661614,0.022425425441355156,0.005999877697425263,0.005499440647286498,0.0010893678897075962,0.0024532713898960516,-0.016425547743929892,0
2026-06-08,test,4,-0.161975,-0.03097453615225355,-0.3205857142857143,0.40529941073419334,0.015492332454386623,0.006030339452103085,0.004608907374764738,0.002047824840694111,0.0030189959294436904,-0.009461993002283538,0
2026-06-09,test,5,-0.08519999999999998,-0.06484054915514594,-0.2530625,0.4266551459293395,0.022855448004135605,0.008889134590177355,0.004831373171299466,0.0005578800557880056,0.0017272417294224066,-0.01396631341395825,0
2026-06-10,test,9,-0.07507777777777778,-0.024717920792711415,-0.2859,0.4421014141345574,0.019508857801943093,0.006955515020852172,0.005016260939204981,0.001780938436338359,0.0006811284918180108,-0.01255334278109092,0
2026-06-11,test,7,-0.12622857142857144,0.057389336305339426,-0.16521428571428573,0.28678912728976913,0.0162614600711844,0.009299807456639773,0.004883032207404217,0.002359195172975947,0.002180236435802571,-0.006961652614544627,0
2026-06-12,test,9,0.1326111111111111,0.045258730932268926,-0.21512000000000003,0.352729044834308,0.017258833766395396,0.0063188091491308655,0.007548006105183721,0.003508129705969842,0.002446581315130302,-0.01094002461726453,0
2026-06-15,test,6,0.020000000000000018,0.0931747377742403,-0.0048714285714285665,0.23358429267355607,0.008945265863394935,0.006446420331440127,0.009897975541969882,0.0010571201582437538,0.0033284999714874018,-0.0024988455319548096,0
2026-06-17,test,3,-0.3856,0.06614099326599326,-0.040633333333333334,0.2983164983164983,0.022424611215716577,0.007450918485663576,0.005307504395450018,0.002605095965897539,0.0034172275374715357,-0.014973692730052996,0
2026-06-18,test,4,0.1774,0.0304584740990991,-0.019800000000000005,0.32987612612612616,0.017583322863052947,0.008492914807218668,0.008280140538737392,0.002945191906615828,0.0017041076983056321,-0.009090408055834276,0
2026-06-19,test,1,0.2023,0.0698388888888889,0.0698388888888889,0.3055555555555556,0.01997780244173141,0.009988901220865706,0.0022197558268590455,0.004439511653718091,0.004439511653718091,-0.009988901220865706,0
2026-06-22,test,4,0.2525,0.10097221439628484,-0.0036157894736841864,0.3381965944272446,0.014229853294688656,0.012386828072904036,0.004494884346376696,0.000946256094749483,0.0007587253414264037,-0.00184302522178462,0
2026-06-23,test,2,-0.1591,-0.05496568627450982,-0.13466470588235296,0.4351851851851852,0.02119577824170726,0.006953143122245419,0.00904082579447924,0.0005555555555555556,0.0011111111111111111,-0.01424263511946184,0
2026-06-24,test,3,0.059499999999999977,-0.01643293650793653,-0.17593333333333339,0.38439153439153434,0.022661827056260356,0.00845105141431621,0.0039038245689449295,0.001066937074961147,0.004345499869572086,-0.014210775641944147,0
2026-06-25,test,5,0.08601999999999999,-0.0987294010695187,-0.3676083333333333,0.47030748663101607,0.01715339713195595,0.004058745117262197,0.004801075100019111,0.0018258590564938846,0.0019555230861100993,-0.013094652014693753,0
2026-06-26,test,7,-0.18044285714285713,-0.045820071041059944,-0.305969696969697,0.38552460485784984,0.02294067515235537,0.008828861275977722,0.004674959093410857,0.0014260571287590571,0.001963314077490295,-0.01411181387637765,0
2026-06-29,test,3,-0.21596666666666667,-0.0498688223738627,-0.19495384615384617,0.40332919768403636,0.019580018873137355,0.005788979666526733,0.005146718908659038,0.002569043031470777,0.0006666666666666666,-0.01379103920661062,0
2026-06-30,test,5,0.060899999999999996,0.1332078327228327,0.015121428571428563,0.15558885558885557,0.011726165948630324,0.008835494251739276,0.0049856330620636794,0.0016279622731235634,0.0017430569902310892,-0.0028906716968910475,0
2026-07-01,test,4,-0.03322500000000002,0.19358333902939168,0.04074285714285715,0.1957051720209615,0.014892660964691194,0.01790746301297452,0.006113298674592315,0.0016778523489932886,0.002090403623191307,0.003014802048283325,0
2026-07-02,test,4,-0.19765000000000002,-0.09440618096204,-0.23884705882352944,0.45388293248333816,0.02112162507192325,0.005913546095492792,0.00595901423583523,0.004975261352372098,0.005053289207230959,-0.015208078976430457,0
2026-07-03,test,4,-0.17735,0.01849886643287807,-0.13424999999999998,0.3155530946228621,0.017925209970730833,0.007263770997337092,0.004124650680582803,0.001583442707711888,0.0005754583780773973,-0.01066143897339374,0
2026-07-06,test,4,-0.10945,-0.018474806346826585,-0.05308333333333334,0.39668499083791436,0.013702747171453748,0.011970563156782809,0.004692261785061908,0.0006297229219143577,0.0023972792733193567,-0.0017321840146709384,0
2026-07-07,test,7,-0.21612857142857142,-0.009195434935782692,-0.4218444444444445,0.3421051866540588,0.02134354635108606,0.009926096014274934,0.0033156243176556835,0.0015267313822080557,0.00460877153059176,-0.011417450336811128,0
2026-07-08,test,7,-0.13164285714285714,-0.004571408475552388,-0.13628,0.3571091950293631,0.016764174882431693,0.0064382961048848565,0.004260951682148215,0.002801629763047896,0.0008710397805721063,-0.010325878777546834,0
2026-07-09,test,5,0.07636,0.01869113275392372,-0.141875,0.3683071752389369,0.023838791172130353,0.012282761803137369,0.0038438733973546932,0.0004149377593360996,0.0013972322051279986,-0.011556029368992983,0
2026-07-10,test,6,-0.5042833333333333,0.012436995962127542,-0.06438947368421051,0.35047340573656366,0.01753887392332489,0.0048197051233881405,0.005816638059089896,0.004512554807790159,0.0030512038223483493,-0.012719168799936746,0
2026-07-13,test,7,-0.23059999999999997,0.0460231728947188,-0.1520111111111111,0.29825717349847397,0.01871598604943665,0.00771662425309933,0.009091593524279745,0.0004873609888812286,0.0018589639151449717,-0.010999361796337323,0
2026-07-14,test,4,-0.0625,0.05200785069316649,-0.12474615384615384,0.28365231259968104,0.011255746037374618,0.008537787988264316,0.002038096596924159,0.0,0.0025374024119342374,-0.002717958049110302,0
2026-07-15,test,4,-0.360175,-0.013562678413540481,-0.15427435897435898,0.36270051787293167,0.014822565843807423,0.005857029551599272,0.007298377061332212,0.0015633850517692046,0.002049982489347559,-0.00896553629220815,0
2026-07-16,test,6,-0.30621666666666664,-0.05203608119658121,-0.21229230769230772,0.4350697255960414,0.02246475388453988,0.005894682904093909,0.005332914496239352,0.0013411984290819445,0.0011301712572704588,-0.01657007098044597,0
2026-07-17,test,7,-0.0012857142857143028,-0.12248225874965371,-0.46275357142857143,0.4375519438544649,0.025712401411831762,0.006600029007813794,0.00680690229315233,0.0012244561434662643,0.002559880375981857,-0.019112372404017967,0
2026-07-20,test,7,-0.30040000000000006,-0.0667622374768089,-0.37467142857142854,0.40202844774273344,0.022324461926561002,0.005868788949823288,0.010730954412234341,0.0030275874686471957,0.001830812044639836,-0.016455672976737713,0
2026-07-21,test,6,-0.26965,0.020511881984831764,-0.07673793103448276,0.33047185198609486,0.014629741474471351,0.007777613080425021,0.004054180809643754,0.003631210083569923,0.0036243913722240543,-0.006852128394046328,0
2026-07-22,test,5,0.05686,-0.028993273704789813,-0.4139954545454545,0.4222658846529814,0.01764742724390081,0.011412294520102133,0.003242902971298689,0.0014598299930569526,0.000585476633699309,-0.006235132723798677,0
2026-07-23,test,4,-0.36579999999999996,-0.08537353651250708,-0.2523115384615384,0.42886525239466416,0.025220921819001336,0.007021427730800232,0.005522149351492614,0.002104652644436731,0.0015697628152646147,-0.018199494088201106,0
2026-07-24,test,9,-0.21926666666666664,-0.09496092700731086,-0.33646,0.47765065608078316,0.025430417100244636,0.003952233785053642,0.006393936212384679,0.006641685190445888,0.002331684958735964,-0.021478183315190993,0
2026-07-27,test,2,-0.36345,0.05209175377468062,-0.01049268292682927,0.29094076655052264,0.012322953881866487,0.005510872127817776,0.0006075334143377885,0.001215066828675577,0.0,-0.006812081754048711,0
2026-07-28,test,3,0.08616666666666667,0.10663160714285713,0.04499999999999999,0.2539502164502165,0.005341685418313771,0.00558032800178394,0.0021234973342253035,0.0,0.0005473453749315818,0.0002386425834701696,0
2026-07-29,test,5,-0.46075999999999995,-0.15502738230100105,-0.2874970588235294,0.5191129177760889,0.0299446829256954,0.0043448121040446114,0.005085268605887005,0.0010782376191583354,0.001206587889113321,-0.02559987082165079,0
2026-07-30,test,2,-0.10115,-0.02067944444444445,-0.14447222222222222,0.3666666666666667,0.015151515151515152,0.003645477329687856,0.001594896331738437,0.0,0.001594896331738437,-0.011506037821827296,0
2026-07-31,test,7,-0.00981428571428572,-0.002664715998287431,-0.21757142857142858,0.3676418819275962,0.021656762634009636,0.008792384600085853,0.006524648645640965,0.0021394014959572162,0.001805406729689636,-0.012864378033923785,0
2026-08-03,test,2,-0.5232,-0.06270123355263159,-0.23233684210526317,0.4457236842105263,0.023015321265274474,0.015372068771892296,0.004351720634241557,0.0,0.0006711409395973154,-0.007643252493382177,0
2026-08-04,test,5,0.03854,-0.010326165215637796,-0.24722105263157892,0.36761689330773206,0.018715502038456875,0.006141180915011657,0.0038764490074328765,0.0007693908442774597,0.0017657956186244426,-0.012574321123445217,0
2026-08-05,test,5,-0.2768,0.01735804442925496,-0.32996,0.32527227158806105,0.01942432049472572,0.004291038605911826,0.004208969330470772,0.0009872053721820028,0.004748108954055967,-0.015133281888813896,0
2026-08-06,test,8,0.122975,0.12834844343430693,-0.15172368421052632,0.19960207007904376,0.012863671205858167,0.008977323465075786,0.004630556946101631,0.0,0.0026674348317312943,-0.0038863477407823817,0
2026-08-07,test,7,-0.05615714285714284,-0.027828479407933062,-0.17948750000000002,0.3504768789996891,0.016529952025069464,0.0060720699684208195,0.003722737207266459,0.001503188873701046,0.002762557602938117,-0.010457882056648646,0
2026-08-10,test,4,0.1537,-0.06494765151515151,-0.3284933333333333,0.40378787878787875,0.018743198862919076,0.006277064265816282,0.0065783235760483606,0.0006226650062266501,0.0011339124499894313,-0.012466134597102793,0
2026-08-11,test,2,0.0,0.038544999999999996,0.0055866666666666695,0.26666666666666666,0.014862079898541535,0.008084971464806594,0.0046567850348763476,0.002397748890298034,0.0,-0.006777108433734941,0
2026-08-12,test,6,-0.1892,0.054114169871794876,-0.052569230769230764,0.255267094017094,0.016046721148047335,0.007934285472434568,0.0068230117175936056,0.0003762227238525207,0.0004655493482309125,-0.008112435675612765,0
2026-08-13,test,1,-0.5994,-0.01034705882352941,-0.01034705882352941,0.3235294117647059,0.017105263157894738,0.011842105263157895,0.005263157894736842,0.0,0.0013157894736842105,-0.005263157894736843,0
2026-08-14,test,13,-0.11369230769230768,0.015309314197901757,-0.1697264705882353,0.33921156116938167,0.021106324157089497,0.007989634330909798,0.008917616143669576,0.0012090510816803862,0.0011013032035630216,-0.013116689826179695,0
2026-08-18,test,4,-0.2049,-0.13561649180696306,-0.34745625,0.4805696305982347,0.028006630463701308,0.004542079082021911,0.005970931632076125,0.0025380710659898475,0.000501002004008016,-0.023464551381679397,0
2026-08-19,test,3,-0.29283333333333333,-0.00471159432159433,-0.3587405405405406,0.42514332514332515,0.03559526705835662,0.013403903698217765,0.007215395881996263,0.0012000304266442613,0.0022594969107510624,-0.02219136336013885,0
2026-08-20,test,4,-0.258525,0.0010660708534621643,-0.2231217391304348,0.3292270531400966,0.021947231577891364,0.012420105516706303,0.007933048774427716,0.0015438207055173704,0.0024230813939567384,-0.009527126061185059,0
2026-08-21,test,5,0.06406000000000002,0.05226418538360644,-0.027471428571428542,0.3066410497989446,0.012191745321093087,0.007017862389669267,0.007082637285893405,0.00012070006035003018,0.0014546630065084248,-0.0051738829314238195,0
2026-08-24,test,4,0.0,0.03974965034965035,-0.12370909090909091,0.2689393939393939,0.01938107735455301,0.006663998794735049,0.004820856759098621,0.0019022991984485441,0.0007791523906813601,-0.012717078559817963,0
2026-08-26,test,3,-0.03333333333333333,-0.0727258039330503,-0.11770434782608696,0.45842482799004536,0.019804188085253402,0.009641406985935455,0.010082028874938984,0.0002949852507374631,0.005557458435240773,-0.010162781099317947,0
2026-08-27,test,6,0.09568333333333334,0.011297494030436964,-0.319945,0.351553683257771,0.019864841051048764,0.008449163883048914,0.00792935243963334,0.0035402952850866897,0.0029375343535731954,-0.01141567716799985,0
2026-08-28,test,6,-0.11971666666666668,0.020639850870455705,-0.059975,0.31344726062468,0.022732056549923996,0.004610441932792577,0.0038836477456602563,0.004932624562297836,0.0011838162516623408,-0.01812161461713142,0
