date,kurs_jisdor,pct_change,log_return,ret_lag1,ret_lag2,ret_lag3,ret_std5,kurs_besok,delta_besok,naik_besok,split
2021-10-09,14225.0,-0.0067034424970323,-0.0067260114841722,0.0009780635123686,0.002659576035759,0.0007711992530019,0.0036593125389699,14253.0,28.0,1,train
2021-10-11,14253.0,0.0019683655536029,0.0019664308605005,-0.0067260114841722,0.0009780635123686,0.002659576035759,0.0037982291288563,14378.0,125.0,1,train
2021-10-12,14378.0,0.0087700834911947,0.008731849688786,0.0019664308605005,-0.0067260114841722,0.0009780635123686,0.0055181312712215,14221.0,-157.0,0,train
2021-10-13,14221.0,-0.0109194602865488,-0.0109795151711207,0.008731849688786,0.0019664308605005,-0.0067260114841722,0.0077393060554469,14155.0,-66.0,0,train
2021-10-14,14155.0,-0.004641023837986,-0.0046518268266968,-0.0109795151711207,0.008731849688786,0.0019664308605005,0.0077516728789714,14084.0,-71.0,0,train
2021-10-15,14084.0,-0.0050158954433062,-0.0050285172710573,-0.0046518268266968,-0.0109795151711207,0.008731849688786,0.0075455395990468,14096.0,12.0,1,train
2021-10-18,14096.0,0.0008520306731041,0.0008516679010188,-0.0050285172710573,-0.0046518268266968,-0.0109795151711207,0.0074146594724007,14080.0,-16.0,0,train
2021-10-19,14080.0,-0.0011350737797957,-0.001135718463928,0.0008516679010188,-0.0050285172710573,-0.0046518268266968,0.0045210882262548,14133.0,53.0,1,train
2021-10-21,14133.0,0.0037642045454544,0.0037571376561178,-0.001135718463928,0.0008516679010188,-0.0050285172710573,0.0037199041948938,14162.0,29.0,1,train
2021-10-22,14162.0,0.0020519351871506,0.0020498328435678,0.0037571376561178,-0.001135718463928,0.0008516679010188,0.0033752848710393,14183.0,21.0,1,train
2021-10-25,14183.0,0.001482841406581,0.0014817430828877,0.0020498328435678,0.0037571376561178,-0.001135718463928,0.0017829466099967,14165.0,-18.0,0,train
2021-10-26,14165.0,-0.0012691250088133,-0.0012699310299897,0.0014817430828877,0.0020498328435678,0.0037571376561178,0.0021591189689736,14184.0,19.0,1,train
2021-10-27,14184.0,0.0013413342746204,0.0013404354894266,-0.0012699310299897,0.0014817430828877,0.0020498328435678,0.0018090974753692,14199.0,15.0,1,train
2021-10-28,14199.0,0.001057529610829,0.0010569708203131,0.0013404354894266,-0.0012699310299897,0.0014817430828877,0.0012828391422041,14171.0,-28.0,0,train
2021-10-29,14171.0,-0.0019719698570321,-0.0019739167494865,0.0010569708203131,0.0013404354894266,-0.0012699310299897,0.0016231041022446,14210.0,39.0,1,train
2021-11-10,14210.0,0.0027520993578433,0.002748319266276,-0.0019739167494865,0.0010569708203131,0.0013404354894266,0.0019527453578188,14288.0,78.0,1,train
2021-11-11,14288.0,0.0054890921885994,0.0054740820251346,0.002748319266276,-0.0019739167494865,0.0010569708203131,0.0027101129604557,14206.0,-82.0,0,train
2021-11-15,14206.0,-0.0057390817469205,-0.0057556135585254,0.0054740820251346,0.002748319266276,-0.0019739167494865,0.0043352927515901,14211.0,5.0,1,train
2021-11-16,14211.0,0.0003519639588906,0.0003519020341062,-0.0057556135585254,0.0054740820251346,0.002748319266276,0.0043163460915356,14259.0,48.0,1,train
2021-11-17,14259.0,0.0033776651889381,0.0033719736902568,0.0003519020341062,-0.0057556135585254,0.0054740820251346,0.0043149478282935,14231.0,-28.0,0,train
2021-11-18,14231.0,-0.0019636720667648,-0.0019656025984584,0.0033719736902568,0.0003519020341062,-0.0057556135585254,0.0044162807737742,14237.0,6.0,1,train
2021-11-19,14237.0,0.0004216147846252,0.0004215259300845,-0.0019656025984584,0.0033719736902568,0.0003519020341062,0.0033950374393357,14255.0,18.0,1,train
2021-11-22,14255.0,0.0012643113015382,0.0012635127330273,0.0004215259300845,-0.0019656025984584,0.0033719736902568,0.0019209701003294,14272.0,17.0,1,train
2021-11-23,14272.0,0.0011925640126271,0.0011918534730188,0.0012635127330273,0.0004215259300845,-0.0019656025984584,0.0019208848614836,14272.0,0.0,0,train
2021-11-24,14272.0,0.0,0.0,0.0011918534730188,0.0012635127330273,0.0004215259300845,0.0013126468573245,14280.0,8.0,1,train
2021-11-25,14280.0,0.0005605381165918,0.0005603810737841,0.0,0.0011918534730188,0.0012635127330273,0.0005351917323116,14280.0,0.0,0,train
2021-11-26,14280.0,0.0,0.0,0.0005603810737841,0.0,0.0011918534730188,0.0006148291926145,14340.0,60.0,1,train
2021-11-29,14340.0,0.0042016806722688,0.0041928782600351,0.0,0.0005603810737841,0.0,0.0017497068679689,14320.0,-20.0,0,train
2021-11-30,14320.0,-0.0013947001394699,-0.0013956736389744,0.0041928782600351,0.0,0.0005603810737841,0.0020968716948238,14217.0,-103.0,0,train
2021-12-10,14217.0,-0.0071927374301675,-0.0072187298789376,-0.0013956736389744,0.0041928782600351,0.0,0.0041524250186142,14243.0,26.0,1,train
2021-12-11,14243.0,0.0018287965112189,0.0018271262988882,-0.0072187298789376,-0.0013956736389744,0.0041928782600351,0.0042904080049419,14346.0,103.0,1,train
2021-12-13,14346.0,0.0072316225514288,0.0072055997517921,0.0018271262988882,-0.0072187298789376,-0.0013956736389744,0.005537251525348,14348.0,2.0,1,train
2021-12-14,14348.0,0.0001394116826989,0.0001394019657947,0.0072055997517921,0.0018271262988882,-0.0072187298789376,0.0052267161261044,14337.0,-11.0,0,train
2021-12-15,14337.0,-0.00076665737385,-0.0007669514059056,0.0001394019657947,0.0072055997517921,0.0018271262988882,0.0051888157501946,14343.0,6.0,1,train
2021-12-16,14343.0,0.0004184975936387,0.0004184100479456,-0.0007669514059056,0.0001394019657947,0.0072055997517921,0.0031808267921391,14343.0,0.0,0,train
2021-12-17,14343.0,0.0,0.0,0.0004184100479456,-0.0007669514059056,0.0001394019657947,0.0032754118292808,14384.0,41.0,1,train
2021-12-20,14384.0,0.0028585372655651,0.0028544594171879,0.0,0.0004184100479456,-0.0007669514059056,0.0013721433318649,14349.0,-35.0,0,train
2021-12-21,14349.0,-0.0024332591768632,-0.0024362243629951,0.0028544594171879,0.0,0.0004184100479456,0.001926488885006,14264.0,-85.0,0,train
2021-12-22,14264.0,-0.0059237577531535,-0.0059413728054291,-0.0024362243629951,0.0028544594171879,0.0,0.0033296567581205,14251.0,-13.0,0,train
2021-12-23,14251.0,-0.0009113853056645,-0.0009118008697655,-0.0059413728054291,-0.0024362243629951,0.0028544594171879,0.0032377744030124,14219.0,-32.0,0,train
2021-12-24,14219.0,-0.0022454564591958,-0.0022479812768381,-0.0009118008697655,-0.0059413728054291,-0.0024362243629951,0.0031697483962049,14225.0,6.0,1,train
2021-12-27,14225.0,0.0004219706027146,0.0004218815981573,-0.0022479812768381,-0.0009118008697655,-0.0059413728054291,0.0023762905331196,14237.0,12.0,1,train
2021-12-28,14237.0,0.0008435852372583,0.000843229619214,0.0004218815981573,-0.0022479812768381,-0.0009118008697655,0.0027291489264737,14265.0,28.0,1,train
2021-12-29,14265.0,0.0019667064690593,0.0019647750338549,0.000843229619214,0.0004218815981573,-0.0022479812768381,0.0016304277764797,14269.0,4.0,1,train
2021-12-30,14269.0,0.0002804065895547,0.0002803672829756,0.0019647750338549,0.000843229619214,0.0004218815981573,0.0015461824432516,14278.0,9.0,1,train
2021-12-31,14278.0,0.0006307379634171,0.0006305391318299,0.0002803672829756,0.0019647750338549,0.000843229619214,0.0006701331652669,14350.0,72.0,1,train
2022-01-03,14350.0,0.0050427230704579,0.0050300511253613,0.0006305391318299,0.0002803672829756,0.0019647750338549,0.0019390789673532,14364.0,14.0,1,train
2022-01-04,14364.0,0.0009756097560975,0.0009751341582067,0.0050300511253613,0.0006305391318299,0.0002803672829756,0.00192450438496,14956.0,592.0,1,train
2022-01-07,14956.0,0.0412141464773043,0.0403874807510309,0.0009751341582067,0.0050300511253613,0.0006305391318299,0.0173950531364527,14874.0,-82.0,0,train
2022-01-08,14874.0,-0.0054827493982347,-0.0054978348337595,0.0403874807510309,0.0009751341582067,0.0050300511253613,0.0183245285994493,14884.0,10.0,1,train
2022-01-09,14884.0,0.0006723141051498,0.0006720882032684,-0.0054978348337595,0.0403874807510309,0.0009751341582067,0.0183201871921925,15647.0,763.0,1,train
2022-01-11,15647.0,0.0512631013168503,0.0499923948355434,0.0006720882032684,-0.0054978348337595,0.0403874807510309,0.0258096602303581,15617.0,-30.0,0,train
2022-01-12,15617.0,-0.0019173004409791,-0.0019191408142109,0.0499923948355434,0.0006720882032684,-0.0054978348337595,0.0262953745285486,14311.0,-1306.0,0,train
2022-01-13,14311.0,-0.0836268169302683,-0.0873315921769695,-0.0019191408142109,0.0499923948355434,0.0006720882032684,0.0494260210292825,14310.0,-1.0,0,train
2022-01-14,14310.0,-6.987631891552937e-05,-6.987876037989338e-05,-0.0873315921769695,-0.0019191408142109,0.0499923948355434,0.049576524089545,14323.0,13.0,1,train
2022-01-17,14323.0,0.0009084556254368,0.0009080432293693,-6.987876037989338e-05,-0.0873315921769695,-0.0019191408142109,0.049586634064401,14325.0,2.0,1,train
2022-01-18,14325.0,0.0001396355512113,0.0001396258030741,0.0009080432293693,-6.987876037989338e-05,-0.0873315921769695,0.038964459868203,14370.0,45.0,1,train
2022-01-19,14370.0,0.0031413612565445,0.0031364374901308,0.0001396258030741,0.0009080432293693,-6.987876037989338e-05,0.0395362719701104,14354.0,-16.0,0,train
2022-01-20,14354.0,-0.0011134307585246,-0.0011140510830536,0.0031364374901308,0.0001396258030741,0.0009080432293693,0.0015911520069103,14347.0,-7.0,0,train
2022-01-21,14347.0,-0.0004876689424551,-0.0004877878916271,-0.0011140510830536,0.0031364374901308,0.0001396258030741,0.001645197838094,14327.0,-20.0,0,train
2022-01-24,14327.0,-0.001394019655677,-0.001394992205018,-0.0004877878916271,-0.0011140510830536,0.0031364374901308,0.0018211391678474,14358.0,31.0,1,train
2022-01-25,14358.0,0.0021637467718294,0.0021614092430564,-0.001394992205018,-0.0004877878916271,-0.0011140510830536,0.0020539623672868,14346.0,-12.0,0,train
2022-01-26,14346.0,-0.0008357709987463,-0.0008361204500495,0.0021614092430564,-0.001394992205018,-0.0004877878916271,0.001435011030253,14385.0,39.0,1,train
2022-01-27,14385.0,0.0027185278126307,0.0027148392992693,-0.0008361204500495,0.0021614092430564,-0.001394992205018,0.0018704444624371,14381.0,-4.0,0,train
2022-01-28,14381.0,-0.000278067431352,-0.0002781060992678,0.0027148392992693,-0.0008361204500495,0.0021614092430564,0.0018468838617305,14392.0,11.0,1,train
2022-01-31,14392.0,0.0007648981294763,0.0007646057439885,-0.0002781060992678,0.0027148392992693,-0.0008361204500495,0.0015252076052245,14347.0,-45.0,0,train
2022-02-02,14347.0,-0.0031267370761534,-0.0031316355319788,0.0007646057439885,-0.0002781060992678,0.0027148392992693,0.0021459890996899,14373.0,26.0,1,train
2022-02-03,14373.0,0.0018122255523802,0.0018105854528425,-0.0031316355319788,0.0007646057439885,-0.0002781060992678,0.0022589035454832,14526.0,153.0,1,train
2022-02-06,14526.0,0.010644959298685,0.0105887006148801,0.0018105854528425,-0.0031316355319788,0.0007646057439885,0.0051681528928704,14888.0,362.0,1,train
2022-02-08,14888.0,0.0249208316122815,0.0246153721559743,0.0105887006148801,0.0018105854528425,-0.0031316355319788,0.0110862017681424,14900.0,12.0,1,train
2022-02-09,14900.0,0.0008060182697473,0.000805693611463,0.0246153721559743,0.0105887006148801,0.0018105854528425,0.011080503399202,15652.0,752.0,1,train
2022-02-11,15652.0,0.050469798657718,0.0492374913967523,0.000805693611463,0.0246153721559743,0.0105887006148801,0.02018961016447,15429.0,-223.0,0,train
2022-02-12,15429.0,-0.0142473805264502,-0.0143498488872761,0.0492374913967523,0.000805693611463,0.0246153721559743,0.0242056113014271,14338.0,-1091.0,0,train
2022-02-14,14338.0,-0.0707109987685526,-0.0733355000302093,-0.0143498488872761,0.0492374913967523,0.000805693611463,0.0463167640134479,14292.0,-46.0,0,train
2022-02-15,14292.0,-0.0032082577765378,-0.0032134152695171,-0.0733355000302093,-0.0143498488872761,0.0492374913967523,0.0438334455544418,14278.0,-14.0,0,train
2022-02-16,14278.0,-0.0009795689896445,-0.0009800490808942,-0.0032134152695171,-0.0733355000302093,-0.0143498488872761,0.0437492124344124,14301.0,23.0,1,train
2022-02-17,14301.0,0.0016108698697296,0.0016095738105299,-0.0009800490808942,-0.0032134152695171,-0.0733355000302093,0.0314967612266447,14339.0,38.0,1,train
2022-02-18,14339.0,0.0026571568421789,0.0026536328421045,0.0016095738105299,-0.0009800490808942,-0.0032134152695171,0.0328840399836957,14329.0,-10.0,0,train
2022-02-21,14329.0,-0.0006973987028383,-0.0006976419984372,0.0026536328421045,0.0016095738105299,-0.0009800490808942,0.0023090518486951,14362.0,33.0,1,train
2022-02-22,14362.0,0.0023030218438131,0.0023003739536608,-0.0006976419984372,0.0026536328421045,0.0016095738105299,0.0017027208156306,14355.0,-7.0,0,train
2022-02-23,14355.0,-0.0004873972984263,-0.0004875161150987,0.0023003739536608,-0.0006976419984372,0.0026536328421045,0.001570279119875,14371.0,16.0,1,train
2022-02-24,14371.0,0.0011145942180423,0.0011139735190823,-0.0004875161150987,0.0023003739536608,-0.0006976419984372,0.0015435681373958,14369.0,-2.0,0,train
2022-02-25,14369.0,-0.0001391691601141,-0.0001391788450408,0.0011139735190823,-0.0004875161150987,0.0023003739536608,0.0012651853233227,14270.0,-99.0,0,train
2022-03-01,14270.0,-0.0068898322778203,-0.0069136767583248,-0.0001391788450408,0.0011139735190823,-0.0004875161150987,0.0035771431039529,14381.0,111.0,1,train
2022-03-02,14381.0,0.0077785564120531,0.0077484594154988,-0.0069136767583248,-0.0001391788450408,0.0011139735190823,0.0052198170507932,14431.0,50.0,1,train
2022-03-06,14431.0,0.0034768096794381,0.0034707795496977,0.0077484594154988,-0.0069136767583248,-0.0001391788450408,0.0053751217267378,14917.0,486.0,1,train
2022-03-08,14917.0,0.0336774998267619,0.0331228317178524,0.0034707795496977,0.0077484594154988,-0.0069136767583248,0.0153209668414165,15293.0,376.0,1,train
2022-03-10,15293.0,0.0252061406449017,0.0248937051941933,0.0331228317178524,0.0034707795496977,0.0077484594154988,0.016278003500904,15681.0,388.0,1,train
2022-03-11,15681.0,0.0253710848100439,0.0250545810329079,0.0248937051941933,0.0331228317178524,0.0034707795496977,0.0126342908663947,14328.0,-1353.0,0,train
2022-03-14,14328.0,-0.0862827625789172,-0.0902341236404833,0.0250545810329079,0.0248937051941933,0.0331228317178524,0.0512251584748777,14321.0,-7.0,0,train
2022-03-15,14321.0,-0.0004885538805137,-0.0004886732618452,-0.0902341236404833,0.0250545810329079,0.0248937051941933,0.051174399856248,14311.0,-10.0,0,train
2022-03-16,14311.0,-0.0006982752601075,-0.0006985191678268,-0.0004886732618452,-0.0902341236404833,0.0250545810329079,0.0475561508847911,14290.0,-21.0,0,train
2022-03-17,14290.0,-0.0014674026972258,-0.0014684803869631,-0.0006985191678268,-0.0004886732618452,-0.0902341236404833,0.0443071353587724,14340.0,50.0,1,train
2022-03-18,14340.0,0.0034989503149054,0.0034928432296972,-0.0014684803869631,-0.0006985191678268,-0.0004886732618452,0.0404935709062429,14341.0,1.0,1,train
2022-03-21,14341.0,6.973500697360357e-05,6.973257560183299e-05,0.0034928432296972,-0.0014684803869631,-0.0006985191678268,0.0019315464714014,14358.0,17.0,1,train
2022-03-22,14358.0,0.0011854124538037,0.001184710407216,6.973257560183299e-05,0.0034928432296972,-0.0014684803869631,0.001931394770355,14351.0,-7.0,0,train
2022-03-23,14351.0,-0.000487533082602,-0.0004876519654963,0.001184710407216,6.973257560183299e-05,0.0034928432296972,0.0019002951297467,14361.0,10.0,1,train
2022-03-24,14361.0,0.0006968155529232,0.0006965728896872,-0.0004876519654963,0.001184710407216,6.973257560183299e-05,0.001534484897451,14341.0,-20.0,0,train
2022-03-25,14341.0,-0.0013926606782257,-0.0013936313314069,0.0006965728896872,-0.0004876519654963,0.001184710407216,0.0010090410512741,14360.0,19.0,1,train
2022-03-28,14360.0,0.0013248727424866,0.0013239958730029,-0.0013936313314069,0.0006965728896872,-0.0004876519654963,0.001169523121226,14364.0,4.0,1,train
2022-03-29,14364.0,0.0002785515320333,0.0002785127437583,0.0013239958730029,-0.0013936313314069,0.0006965728896872,0.0010560362055067,14349.0,-15.0,0,train
2022-03-30,14349.0,-0.0010442773600668,-0.0010448229975672,0.0002785127437583,0.0013239958730029,-0.0013936313314069,0.001156041374498,14357.0,8.0,1,train
2022-03-31,14357.0,0.0005575301414733,0.0005573747792873,-0.0010448229975672,0.0002785127437583,0.0013239958730029,0.001135731492909,14310.0,-47.0,0,train
2022-04-01,14310.0,-0.0032736644145713,-0.0032790345771971,0.0005573747792873,-0.0010448229975672,0.0002785127437583,0.001806126177086,14376.0,66.0,1,train
2022-04-02,14376.0,0.0046121593291403,0.0046015559128989,-0.0032790345771971,0.0005573747792873,-0.0010448229975672,0.0028791605101666,14383.0,7.0,1,train
2022-04-03,14383.0,0.0004869226488593,0.0004868041404932,0.0046015559128989,-0.0032790345771971,0.0005573747792873,0.0028816754108081,14362.0,-21.0,0,train
2022-04-04,14362.0,-0.00146005701175,-0.001461123933625,0.0004868041404932,0.0046015559128989,-0.0032790345771971,0.0029344888374403,14960.0,598.0,1,train
2022-04-07,14960.0,0.0416376549227126,0.0407941428582052,-0.001461123933625,0.0004868041404932,0.0046015559128989,0.0184385590338281,14929.0,-31.0,0,train
2022-04-08,14929.0,-0.0020721925133689,-0.002074342474879,0.0407941428582052,-0.001461123933625,0.0004868041404932,0.0182575797024142,15276.0,347.0,1,train
2022-04-10,15276.0,0.0232433518654966,0.0229773392918168,-0.002074342474879,0.0407941428582052,-0.001461123933625,0.0191137568239867,15736.0,460.0,1,train
2022-04-11,15736.0,0.0301125949201361,0.0296681117234882,0.0229773392918168,-0.002074342474879,0.0407941428582052,0.0191193908016704,14359.0,-1377.0,0,train
2022-04-13,14359.0,-0.0875063548551092,-0.0915741577745183,0.0296681117234882,0.0229773392918168,-0.002074342474879,0.0535313870690481,14349.0,-10.0,0,train
2022-04-14,14349.0,-0.0006964273278083,-0.0006966699459702,-0.0915741577745183,0.0296681117234882,0.0229773392918168,0.0486081173160886,14356.0,7.0,1,train
2022-04-18,14356.0,0.000487838873789,0.0004877199190911,-0.0006966699459702,-0.0915741577745183,0.0296681117234882,0.0487040894850549,14347.0,-9.0,0,train
2022-04-19,14347.0,-0.0006269155753692,-0.0006271121691074,0.0004877199190911,-0.0006966699459702,-0.0915741577745183,0.0460429834103401,14351.0,4.0,1,train
2022-04-20,14351.0,0.0002788039311354,0.0002787650725419,-0.0006271121691074,0.0004877199190911,-0.0006966699459702,0.0408943137097345,14348.0,-3.0,0,train
2022-04-21,14348.0,-0.0002090446658769,-0.0002090665187584,0.0002787650725419,-0.0006271121691074,0.0004877199190911,0.0005292554993239,14361.0,13.0,1,train
2022-04-22,14361.0,0.0009060496236408,0.0009056394084456,-0.0002090665187584,0.0002787650725419,-0.0006271121691074,0.0005985358924983,14452.0,91.0,1,train
2022-04-25,14452.0,0.0063366060859271,0.006316614206911,0.0009056394084456,-0.0002090665187584,0.0002787650725419,0.002843873581027,14412.0,-40.0,0,train
2022-04-26,14412.0,-0.0027677830058123,-0.002771620399546,0.006316614206911,0.0009056394084456,-0.0002090665187584,0.0033330322654362,14418.0,6.0,1,train
2022-04-27,14418.0,0.0004163197335553,0.0004162330965389,-0.002771620399546,0.006316614206911,0.0009056394084456,0.0033271465414356,14480.0,62.0,1,train
2022-04-28,14480.0,0.0043001803301427,0.0042909609751848,0.0004162330965389,-0.002771620399546,0.006316614206911,0.0035430958698507,14365.0,-115.0,0,train
2022-05-01,14365.0,-0.0079419889502762,-0.0079736945263189,0.0042909609751848,0.0004162330965389,-0.002771620399546,0.0056949842723419,14348.0,-17.0,0,train
2022-05-04,14348.0,-0.0011834319526626,-0.0011841327612156,-0.0079736945263189,0.0042909609751848,0.0004162330965389,0.0044949210521076,14990.0,642.0,1,train
2022-05-07,14990.0,0.0447449121828826,0.0437727524444699,-0.0011841327612156,-0.0079736945263189,0.0042909609751848,0.0205570888947993,14904.0,-86.0,0,train
2022-05-08,14904.0,-0.0057371581054036,-0.0057536788152194,0.0437727524444699,-0.0011841327612156,-0.0079736945263189,0.0212881377025022,14920.0,16.0,1,train
2022-05-09,14920.0,0.0010735373054213,0.0010729614763285,-0.0057536788152194,0.0437727524444699,-0.0011841327612156,0.021424755179813,15196.0,276.0,1,train
2022-05-10,15196.0,0.0184986595174263,0.0183296405497639,0.0010729614763285,-0.0057536788152194,0.0437727524444699,0.0203418016024221,15409.0,213.0,1,train
2022-05-12,15409.0,0.0140168465385628,0.0139195189743368,0.0183296405497639,0.0010729614763285,-0.0057536788152194,0.0191188744682169,14619.0,-790.0,0,train
2022-05-13,14619.0,-0.0512687390486079,-0.0526297017702379,0.0139195189743368,0.0183296405497639,0.0010729614763285,0.028320738688395,14651.0,32.0,1,train
2022-05-17,14651.0,0.0021889322115056,0.0021865399896974,-0.0526297017702379,0.0139195189743368,0.0183296405497639,0.0284908776433881,14682.0,31.0,1,train
2022-05-18,14682.0,0.0021158965258343,0.0021136611694139,0.0021865399896974,-0.0526297017702379,0.0139195189743368,0.0285357113384057,14731.0,49.0,1,train
2022-05-19,14731.0,0.0033374199700313,0.0033318631442114,0.0021136611694139,0.0021865399896974,-0.0526297017702379,0.0264140987910375,14661.0,-70.0,0,train
2022-05-20,14661.0,-0.0047518837824994,-0.004763209876673,0.0033318631442114,0.0021136611694139,0.0021865399896974,0.0240712230877475,14665.0,4.0,1,train
2022-05-23,14665.0,0.0002728326853556,0.0002727954732861,-0.004763209876673,0.0033318631442114,0.0021136611694139,0.0032069621746334,14653.0,-12.0,0,train
2022-05-24,14653.0,-0.000818274803955,-0.0008186097735265,0.0002727954732861,-0.004763209876673,0.0033318631442114,0.0031224131995211,14645.0,-8.0,0,train
2022-05-25,14645.0,-0.0005459632839691,-0.0005461123761918,-0.0008186097735265,0.0002727954732861,-0.004763209876673,0.0028965011937152,14578.0,-67.0,0,train
2022-05-27,14578.0,-0.0045749402526459,-0.0045854373196743,-0.0005461123761918,-0.0008186097735265,0.0002727954732861,0.0023956244093291,14544.0,-34.0,0,train
2022-05-30,14544.0,-0.0023322815200987,-0.0023350055248982,-0.0045854373196743,-0.0005461123761918,-0.0008186097735265,0.0019158321432691,14592.0,48.0,1,train
2022-05-31,14592.0,0.0033003300330032,0.0032948958968521,-0.0023350055248982,-0.0045854373196743,-0.0005461123761918,0.0028862877862765,14396.0,-196.0,0,train
2022-06-01,14396.0,-0.0134320175438596,-0.0135230431151907,0.0032948958968521,-0.0023350055248982,-0.0045854373196743,0.0062826200769686,14364.0,-32.0,0,train
2022-06-04,14364.0,-0.0022228396776882,-0.0022253138529482,-0.0135230431151907,0.0032948958968521,-0.0023350055248982,0.006125559391523,14462.0,98.0,1,train
2022-06-06,14462.0,0.0068226120857699,0.0067994433889229,-0.0022253138529482,-0.0135230431151907,0.0032948958968521,0.0077071531490194,15015.0,553.0,1,train
2022-06-07,15015.0,0.0382381413359147,0.0375251816825343,0.0067994433889229,-0.0022253138529482,-0.0135230431151907,0.0190387665538747,14885.0,-130.0,0,train
2022-06-09,14885.0,-0.0086580086580086,-0.0086957069675541,0.0375251816825343,0.0067994433889229,-0.0022253138529482,0.0202408274595976,15197.0,312.0,1,train
2022-06-10,15197.0,0.0209606986899564,0.0207440454837275,-0.0086957069675541,0.0375251816825343,0.0067994433889229,0.0185665078891337,15576.0,379.0,1,train
2022-06-12,15576.0,0.0249391327235639,0.0246332281184304,0.0207440454837275,-0.0086957069675541,0.0375251816825343,0.0177108564304053,14672.0,-904.0,0,train
2022-06-13,14672.0,-0.0580380071905495,-0.0597903525557885,0.0246332281184304,0.0207440454837275,-0.0086957069675541,0.0389043239754089,14729.0,57.0,1,train
2022-06-14,14729.0,0.0038849509269356,0.0038774239932966,-0.0597903525557885,0.0246332281184304,0.0207440454837275,0.0340171952454937,14746.0,17.0,1,train
2022-06-15,14746.0,0.001154185620205,0.0011535200600523,0.0038774239932966,-0.0597903525557885,0.0246332281184304,0.0339512803278698,14741.0,-5.0,0,train
2022-06-16,14741.0,-0.0003390750033906,-0.0003391325023169,0.0011535200600523,0.0038774239932966,-0.0597903525557885,0.0316722874317385,14828.0,87.0,1,train
2022-06-17,14828.0,0.00590190624788,0.0058845582233448,-0.0003391325023169,0.0011535200600523,0.0038774239932966,0.0280249491533636,14836.0,8.0,1,train
2022-06-20,14836.0,0.0005395198273536,0.0005393743388584,0.0058845582233448,-0.0003391325023169,0.0011535200600523,0.0025829746867728,14804.0,-32.0,0,train
2022-06-21,14804.0,-0.0021569156106767,-0.0021592451034351,0.0005393743388584,0.0058845582233448,-0.0003391325023169,0.0029944744261925,14860.0,56.0,1,train
2022-06-22,14860.0,0.0037827614158336,0.0037756247657032,-0.0021592451034351,0.0005393743388584,0.0058845582233448,0.0032438406627408,14835.0,-25.0,0,train
2022-06-23,14835.0,-0.0016823687752355,-0.0016837855468274,0.0037756247657032,-0.0021592451034351,0.0005393743388584,0.0034853507512316,14846.0,11.0,1,train
2022-06-24,14846.0,0.0007414897202562,0.0007412149525709,-0.0016837855468274,0.0037756247657032,-0.0021592451034351,0.0023610790458709,14802.0,-44.0,0,train
2022-06-27,14802.0,-0.0029637612825003,-0.0029681619200818,0.0007412149525709,-0.0016837855468274,0.0037756247657032,0.0027413221875396,14837.0,35.0,1,train
2022-06-28,14837.0,0.0023645453317118,0.002361754193382,-0.0029681619200818,0.0007412149525709,-0.0016837855468274,0.0027855050224697,14848.0,11.0,1,train
2022-06-29,14848.0,0.000741389768821,0.0007411150751881,0.002361754193382,-0.0029681619200818,0.0007412149525709,0.0021325527178304,14882.0,34.0,1,train
2022-06-30,14882.0,0.0022898706896552,0.0022872529312252,0.0007411150751881,0.002361754193382,-0.0029681619200818,0.0021631521950467,14360.0,-522.0,0,train
2022-07-01,14360.0,-0.0350759306544818,-0.0357058653549913,0.0022872529312252,0.0007411150751881,0.002361754193382,0.0163822602143034,14404.0,44.0,1,train
2022-07-02,14404.0,0.0030640668523675,0.0030593821665512,-0.0357058653549913,0.0022872529312252,0.0007411150751881,0.0169340297737805,14411.0,7.0,1,train
2022-07-03,14411.0,0.0004859761177451,0.0004858580695952,0.0030593821665512,-0.0357058653549913,0.0022872529312252,0.0167372921546966,14359.0,-52.0,0,train
2022-07-04,14359.0,-0.0036083547290264,-0.003614880543985,0.0004858580695952,0.0030593821665512,-0.0357058653549913,0.0164203453919907,14464.0,105.0,1,train
2022-07-06,14464.0,0.0073124869419876,0.0072858803375819,-0.003614880543985,0.0004858580695952,0.0030593821665512,0.0172360404491563,14986.0,522.0,1,train
2022-07-07,14986.0,0.0360896017699114,0.0354536282922968,0.0072858803375819,-0.003614880543985,0.0004858580695952,0.0155608765619899,14927.0,-59.0,0,train
2022-07-09,14927.0,-0.0039370078740157,-0.0039447782910162,0.0354536282922968,0.0072858803375819,-0.003614880543985,0.016465873519673,15246.0,319.0,1,train
2022-07-10,15246.0,0.021370670596905,0.0211455199149792,-0.0039447782910162,0.0354536282922968,0.0072858803375819,0.0169653765532838,15692.0,446.0,1,train
2022-07-11,15692.0,0.0292535747081201,0.0288338547812241,0.0211455199149792,-0.0039447782910162,0.0354536282922968,0.0160309149474641,15619.0,-73.0,0,train
2022-07-12,15619.0,-0.0046520520010195,-0.0046629064717205,0.0288338547812241,0.0211455199149792,-0.0039447782910162,0.0186571837474147,14985.0,-634.0,0,train
2022-07-13,14985.0,-0.040591587169473,-0.0414384211069585,-0.0046629064717205,0.0288338547812241,0.0211455199149792,0.0275362035317893,14999.0,14.0,1,train
2022-07-14,14999.0,0.0009342676009342,0.0009338314445965,-0.0414384211069585,-0.0046629064717205,0.0288338547812241,0.0274483644354665,14999.0,0.0,0,train
2022-07-15,14999.0,0.0,0.0,0.0009338314445965,-0.0414384211069585,-0.0046629064717205,0.0250887977758227,14986.0,-13.0,0,train
2022-07-18,14986.0,-0.0008667244482966,-0.0008671002711047,0.0,0.0009338314445965,-0.0414384211069585,0.0181429912873471,14992.0,6.0,1,train
2022-07-19,14992.0,0.0004003736821032,0.0004002935539482,-0.0008671002711047,0.0,0.0009338314445965,0.0185956703197041,14984.0,-8.0,0,train
2022-07-20,14984.0,-0.0005336179295624,-0.0005337603542798,0.0004002935539482,-0.0008671002711047,0.0,0.000719052912418,15017.0,33.0,1,train
2022-07-21,15017.0,0.0022023491724505,0.0021999275563562,-0.0005337603542798,0.0004002935539482,-0.0008671002711047,0.0011988521660265,15024.0,7.0,1,train
2022-07-22,15024.0,0.0004661383765065,0.0004660297677645,0.0021999275563562,-0.0005337603542798,0.0004002935539482,0.0011936454649726,14992.0,-32.0,0,train
2022-07-25,14992.0,-0.0021299254526091,-0.0021321969698409,0.0004660297677645,0.0021999275563562,-0.0005337603542798,0.0015824203751791,14984.0,-8.0,0,train
2022-07-26,14984.0,-0.0005336179295624,-0.0005337603542798,-0.0021321969698409,0.0004660297677645,0.0021999275563562,0.0015902789947288,15020.0,36.0,1,train
2022-07-27,15020.0,0.0024025627335824,0.0023996811942019,-0.0005337603542798,-0.0021321969698409,0.0004660297677645,0.0019036021708006,14958.0,-62.0,0,train
2022-07-28,14958.0,-0.0041278295605858,-0.0041363725665135,0.0023996811942019,-0.0005337603542798,-0.0021321969698409,0.002490833289451,14860.0,-98.0,0,train
2022-07-29,14860.0,-0.0065516780318224,-0.0065732344798625,-0.0041363725665135,0.0023996811942019,-0.0005337603542798,0.0034209874708969,14385.0,-475.0,0,train
2022-08-02,14385.0,-0.0319650067294751,-0.0324870422861014,-0.0065732344798625,-0.0041363725665135,0.0023996811942019,0.0139653361259203,14394.0,9.0,1,train
2022-08-03,14394.0,0.0006256517205422,0.0006254560821012,-0.0324870422861014,-0.0065732344798625,-0.0041363725665135,0.0141343950613722,14365.0,-29.0,0,train
2022-08-04,14365.0,-0.0020147283590384,-0.0020167606543601,0.0006254560821012,-0.0324870422861014,-0.0065732344798625,0.0134402966689787,14477.0,112.0,1,train
2022-08-06,14477.0,0.007796728158719,0.0077664907406536,-0.0020167606543601,0.0006254560821012,-0.0324870422861014,0.0154088383389551,14981.0,504.0,1,train
2022-08-07,14981.0,0.0348138426469573,0.0342215483633392,0.0077664907406536,-0.0020167606543601,0.0006254560821012,0.0238649626256349,14915.0,-66.0,0,train
2022-08-08,14915.0,-0.0044055804018423,-0.0044153135685327,0.0342215483633392,0.0077664907406536,-0.0020167606543601,0.015760450651725,14905.0,-10.0,0,train
2022-08-09,14905.0,-0.0006704659738517,-0.000670690836678,-0.0044153135685327,0.0342215483633392,0.0077664907406536,0.0159063542760589,15684.0,779.0,1,train
2022-08-11,15684.0,0.0522643408252263,0.0509443573000503,-0.000670690836678,-0.0044153135685327,0.0342215483633392,0.0239963924069254,15624.0,-60.0,0,train
2022-08-12,15624.0,-0.0038255547054323,-0.0038328908557065,0.0509443573000503,-0.000670690836678,-0.0044153135685327,0.0256824671052804,14727.0,-897.0,0,train
2022-08-15,14727.0,-0.0574116743471582,-0.0591256498303529,-0.0038328908557065,0.0509443573000503,-0.000670690836678,0.0389465101019858,14767.0,40.0,1,train
2022-08-16,14767.0,0.0027160996808583,0.0027124177476114,-0.0591256498303529,-0.0038328908557065,0.0509443573000503,0.0390313275443424,14822.0,55.0,1,train
2022-08-18,14822.0,0.0037245208911762,0.0037176020375309,0.0027124177476114,-0.0591256498303529,-0.0038328908557065,0.0391177781168972,14858.0,36.0,1,train
2022-08-19,14858.0,0.0024288220213195,0.0024258772004479,0.0037176020375309,0.0027124177476114,-0.0591256498303529,0.0271669696701525,14882.0,24.0,1,train
2022-08-22,14882.0,0.0016152914254947,0.0016139882454542,0.0024258772004479,0.0037176020375309,0.0027124177476114,0.0276226057573683,14893.0,11.0,1,train
2022-08-23,14893.0,0.0007391479639833,0.0007388749286612,0.0016139882454542,0.0024258772004479,0.0037176020375309,0.0011276400679935,14851.0,-42.0,0,train
2022-08-24,14851.0,-0.0028201168334116,-0.002824100854923,0.0007388749286612,0.0016139882454542,0.0024258772004479,0.0024696669866592,14827.0,-24.0,0,train
2022-08-25,14827.0,-0.0016160527910578,-0.0016173600129185,-0.002824100854923,0.0007388749286612,0.0016139882454542,0.0022138440530761,14814.0,-13.0,0,train
2022-08-26,14814.0,-0.0008767788493964,-0.000877163444791,-0.0016173600129185,-0.002824100854923,0.0007388749286612,0.0017855364144683,14887.0,73.0,1,train
2022-08-29,14887.0,0.0049277710274064,0.0049156693038217,-0.000877163444791,-0.0016173600129185,-0.002824100854923,0.0030019988001861,14875.0,-12.0,0,train
2022-08-30,14875.0,-0.0008060724121716,-0.0008063974632257,0.0049156693038217,-0.000877163444791,-0.0016173600129185,0.0029950955599094,14853.0,-22.0,0,train
2022-08-31,14853.0,-0.0014789915966386,-0.0014800863842978,-0.0008063974632257,0.0049156693038217,-0.000877163444791,0.0027561921026896,14366.0,-487.0,0,train
2022-09-02,14366.0,-0.0327879889584595,-0.0333375613947861,-0.0014800863842978,-0.0008063974632257,0.0049156693038217,0.0153267567762369,14371.0,5.0,1,train
2022-09-03,14371.0,0.0003480439927607,0.0003479834395001,-0.0333375613947861,-0.0014800863842978,-0.0008063974632257,0.0154448061088914,14534.0,163.0,1,train
2022-09-05,14534.0,0.0113422865493006,0.0112784451023344,0.0003479834395001,-0.0333375613947861,-0.0014800863842978,0.0167808017334153,14555.0,21.0,1,train
2022-09-06,14555.0,0.0014448878491812,0.0014438450031413,0.0112784451023344,0.0003479834395001,-0.0333375613947861,0.0169440483875171,14862.0,307.0,1,train
2022-09-08,14862.0,0.0210924081071797,0.0208730425376924,0.0014438450031413,0.0112784451023344,0.0003479834395001,0.0204720090707819,14846.0,-16.0,0,train
2022-09-09,14846.0,-0.0010765711209796,-0.0010771510399223,0.0208730425376924,0.0014438450031413,0.0112784451023344,0.0093570334910878,15654.0,808.0,1,train
2022-09-11,15654.0,0.0544254344604606,0.0529960066872909,-0.0010771510399223,0.0208730425376924,0.0014438450031413,0.0218642037155718,15587.0,-67.0,0,train
2022-09-12,15587.0,-0.0042800562156637,-0.0042892418757336,0.0529960066872909,-0.0010771510399223,0.0208730425376924,0.0239133882952266,14861.0,-726.0,0,train
2022-09-13,14861.0,-0.0465772759350741,-0.0476969017304806,-0.0042892418757336,0.0529960066872909,-0.0010771510399223,0.0369196324121027,14923.0,62.0,1,train
2022-09-14,14923.0,0.0041719938092994,0.0041633151728976,-0.0476969017304806,-0.0042892418757336,0.0529960066872909,0.0357669774902741,14899.0,-24.0,0,train
2022-09-15,14899.0,-0.0016082557126583,-0.0016095503441277,0.0041633151728976,-0.0476969017304806,-0.0042892418757336,0.0357748260377261,14939.0,40.0,1,train
2022-09-16,14939.0,0.0026847439425465,0.0026811464549769,-0.0016095503441277,0.0041633151728976,-0.0476969017304806,0.0216988990370134,14980.0,41.0,1,train
2022-09-19,14980.0,0.0027444942767254,0.0027407350288939,0.0026811464549769,-0.0016095503441277,0.0041633151728976,0.0223274653098156,14975.0,-5.0,0,train
2022-09-20,14975.0,-0.0003337783711615,-0.0003338340875611,0.0027407350288939,0.0026811464549769,-0.0016095503441277,0.0024008335392189,15011.0,36.0,1,train
2022-09-21,15011.0,0.0024040066777963,0.0024011216765273,-0.0003338340875611,0.0027407350288939,0.0026811464549769,0.0020157922974875,15033.0,22.0,1,train
2022-09-22,15033.0,0.0014655918992738,0.0014645189676567,0.0024011216765273,-0.0003338340875611,0.0027407350288939,0.0012930695279533,15035.0,2.0,1,train
2022-09-23,15035.0,0.0001330406439166,0.000133031794796,0.0014645189676567,0.0024011216765273,-0.0003338340875611,0.0013550551834758,15119.0,84.0,1,train
2022-09-26,15119.0,0.0055869637512471,0.005571414557572,0.000133031794796,0.0014645189676567,0.0024011216765273,0.0023461846890816,15155.0,36.0,1,train
2022-09-27,15155.0,0.0023811098617634,0.0023782795117011,0.005571414557572,0.000133031794796,0.0014645189676567,0.0020044999211488,15243.0,88.0,1,train
2022-09-28,15243.0,0.0058066644671725,0.0057898707699379,0.0023782795117011,0.005571414557572,0.000133031794796,0.002516772109766,15247.0,4.0,1,train
2022-09-29,15247.0,0.0002624155349997,0.0002623811100654,0.0057898707699379,0.0023782795117011,0.005571414557572,0.0027543828383574,15232.0,-15.0,0,train
2022-09-30,15232.0,-0.0009838000918213,-0.0009842843407597,0.0002623811100654,0.0057898707699379,0.0023782795117011,0.0030563554235521,14323.0,-909.0,0,train
2022-10-01,14323.0,-0.0596769957983193,-0.0615318412512806,-0.0009842843407597,0.0002623811100654,0.0057898707699379,0.0284663558620122,14344.0,21.0,1,train
2022-10-02,14344.0,0.001466173287719,0.0014650995051024,-0.0615318412512806,-0.0009842843407597,0.0002623811100654,0.0283632739406197,14298.0,-46.0,0,train
2022-10-03,14298.0,-0.0032069157836028,-0.003212068958172,0.0014650995051024,-0.0615318412512806,-0.0009842843407597,0.0272967524350242,14546.0,248.0,1,train
2022-10-05,14546.0,0.0173450832284236,0.017196374387689,-0.003212068958172,0.0014650995051024,-0.0615318412512806,0.0302169665104764,14569.0,23.0,1,train
2022-10-06,14569.0,0.0015811907053484,0.0015799419395108,0.017196374387689,-0.003212068958172,0.0014650995051024,0.030416888806964,14875.0,306.0,1,train
2022-10-08,14875.0,0.0210035005834305,0.0207859677598349,0.0015799419395108,0.017196374387689,-0.003212068958172,0.0106856476605941,15299.0,424.0,1,train
2022-10-10,15299.0,0.0285042016806722,0.0281055153535483,0.0207859677598349,0.0015799419395108,0.017196374387689,0.0132249490188341,15701.0,402.0,1,train
2022-10-11,15701.0,0.0262762272043923,0.0259369378081419,0.0281055153535483,0.0207859677598349,0.0015799419395108,0.0104945620846952,15357.0,-344.0,0,train
2022-10-13,15357.0,-0.0219094325202215,-0.0221530084498287,0.0259369378081419,0.0281055153535483,0.0207859677598349,0.0212086332381305,15390.0,33.0,1,train
2022-10-14,15390.0,0.0021488571986716,0.0021465517072325,-0.0221530084498287,0.0259369378081419,0.0281055153535483,0.0211481388553917,15480.0,90.0,1,train
2022-10-17,15480.0,0.0058479532163742,0.0058309203107924,0.0021465517072325,-0.0221530084498287,0.0259369378081419,0.020458089020747,15469.0,-11.0,0,train
2022-10-18,15469.0,-0.0007105943152454,-0.0007108469070526,0.0058309203107924,0.0021465517072325,-0.0221530084498287,0.0171622419474684,15491.0,22.0,1,train
2022-10-19,15491.0,0.0014221992371841,0.0014211888696973,-0.0007108469070526,0.0058309203107924,0.0021465517072325,0.0111313284022055,15579.0,88.0,1,train
2022-10-20,15579.0,0.0056807178361628,0.0056646434060656,0.0014211888696973,-0.0007108469070526,0.0058309203107924,0.0028293981401321,15610.0,31.0,1,train
2022-10-21,15610.0,0.0019898581423711,0.0019878809970492,0.0056646434060656,0.0014211888696973,-0.0007108469070526,0.0028404160140663,15590.0,-20.0,0,train
2022-10-24,15590.0,-0.0012812299807815,-0.0012820514576556,0.0019878809970492,0.0056646434060656,0.0014211888696973,0.0027468620684542,15616.0,26.0,1,train
2022-10-25,15616.0,0.0016677357280308,0.001666346601052,-0.0012820514576556,0.0019878809970492,0.0056646434060656,0.0024793757215463,15596.0,-20.0,0,train
2022-10-26,15596.0,-0.0012807377049179,-0.0012815585503851,0.001666346601052,-0.0012820514576556,0.0019878809970492,0.0028712325229831,15573.0,-23.0,0,train
2022-10-27,15573.0,-0.00147473711208,-0.0014758256071498,-0.0012815585503851,0.001666346601052,-0.0012820514576556,0.0017437613290564,15542.0,-31.0,0,train
2022-10-28,15542.0,-0.0019906247993322,-0.0019926087261517,-0.0014758256071498,-0.0012815585503851,0.001666346601052,0.0014490899436653,15596.0,54.0,1,train
2022-10-31,15596.0,0.0034744563119288,0.0034684343333015,-0.0019926087261517,-0.0014758256071498,-0.0012815585503851,0.0023752935832652,14299.0,-1297.0,0,train
2022-11-01,14299.0,-0.0831623493203385,-0.0868248663696409,0.0034684343333015,-0.0019926087261517,-0.0014758256071498,0.0387486450649216,14359.0,60.0,1,train
2022-11-02,14359.0,0.0041960976292048,0.004187318561529,-0.0868248663696409,0.0034684343333015,-0.0019926087261517,0.0393969439892767,14306.0,-53.0,0,train
2022-11-03,14306.0,-0.0036910648373842,-0.0036978936260467,0.004187318561529,-0.0868248663696409,0.0034684343333015,0.0391967317537755,14370.0,64.0,1,train
2022-11-04,14370.0,0.0044736474206625,0.0044636704047409,-0.0036978936260467,0.004187318561529,-0.0868248663696409,0.0399133537281101,14546.0,176.0,1,train
2022-11-05,14546.0,0.0122477383437717,0.0121733416414144,0.0044636704047409,-0.0036978936260467,0.004187318561529,0.0411287790436366,14969.0,423.0,1,train
2022-11-07,14969.0,0.0290801594940188,0.0286653542007506,0.0121733416414144,0.0044636704047409,-0.0036978936260467,0.0122642525019082,14799.0,-170.0,0,train
2022-11-08,14799.0,-0.0113568040617275,-0.0114217850133879,0.0286653542007506,0.0121733416414144,0.0044636704047409,0.0154252211943202,15362.0,563.0,1,train
2022-11-10,15362.0,0.0380431110210148,0.0373373166567798,-0.0114217850133879,0.0286653542007506,0.0121733416414144,0.0193646051063104,15493.0,131.0,1,train
2022-11-11,15493.0,0.0085275354771514,0.0084913814376648,0.0373373166567798,-0.0114217850133879,0.0286653542007506,0.018935075867741,15499.0,6.0,1,train
2022-11-14,15499.0,0.0003872716710773,0.0003871967007587,0.0084913814376648,0.0373373166567798,-0.0114217850133879,0.0200815069509815,15564.0,65.0,1,train
2022-11-15,15564.0,0.0041938189560617,0.0041850494073933,0.0003871967007587,0.0084913814376648,0.0373373166567798,0.0180999001126283,15610.0,46.0,1,train
2022-11-16,15610.0,0.0029555384219994,0.0029511794050325,0.0041850494073933,0.0003871967007587,0.0084913814376648,0.0151926213576518,15687.0,77.0,1,train
2022-11-17,15687.0,0.0049327354260089,0.0049206093467635,0.0029511794050325,0.0041850494073933,0.0003871967007587,0.0029593767781664,15692.0,5.0,1,train
2022-11-18,15692.0,0.0003187352584943,0.0003186844732017,0.0049206093467635,0.0029511794050325,0.0041850494073933,0.0021278260554885,15707.0,15.0,1,train
2022-11-21,15707.0,0.0009559010960999,0.0009554445135897,0.0003186844732017,0.0049206093467635,0.0029511794050325,0.0019942411946052,15716.0,9.0,1,train
2022-11-22,15716.0,0.0005729929330871,0.0005728288353186,0.0009554445135897,0.0003186844732017,0.0049206093467635,0.0019604601575377,15700.0,-16.0,0,train
2022-11-23,15700.0,-0.0010180707559175,-0.0010185893419514,0.0005728288353186,0.0009554445135897,0.0003186844732017,0.0022350804385242,15647.0,-53.0,0,train
2022-11-24,15647.0,-0.0033757961783439,-0.0033815070343425,-0.0010185893419514,0.0005728288353186,0.0009554445135897,0.0017685430205442,15668.0,21.0,1,train
2022-11-25,15668.0,0.0013421103086854,0.0013412104836643,-0.0033815070343425,-0.0010185893419514,0.0005728288353186,0.0019392918664854,15729.0,61.0,1,train
2022-11-28,15729.0,0.0038932856778146,0.0038857264549214,0.0013412104836643,-0.0033815070343425,-0.0010185893419514,0.0027067576408349,15737.0,8.0,1,train
2022-11-29,15737.0,0.0005086146608175,0.0005084853602213,0.0038857264549214,0.0013412104836643,-0.0033815070343425,0.0027051694961921,15742.0,5.0,1,train
2022-11-30,15742.0,0.0003177225646564,0.0003176721015307,0.0005084853602213,0.0038857264549214,0.0013412104836643,0.0026107615068264,14302.0,-1440.0,0,train
2022-12-01,14302.0,-0.0914750349383813,-0.095932912094053,0.0003176721015307,0.0005084853602213,0.0038857264549214,0.043602478386222,14364.0,62.0,1,train
2022-12-04,14364.0,0.0043350580338414,0.0043256887376319,-0.095932912094053,0.0003176721015307,0.0005084853602213,0.0439520578176907,14585.0,221.0,1,train
2022-12-05,14585.0,0.0153856864383179,0.0152685269558485,0.0043256887376319,-0.095932912094053,0.0003176721015307,0.0455930199888918,14993.0,408.0,1,train
2022-12-07,14993.0,0.0279739458347616,0.0275898221930805,0.0152685269558485,0.0043256887376319,-0.095932912094053,0.0493638178680141,14688.0,-305.0,0,train
2022-12-08,14688.0,-0.0203428266524378,-0.0205525916346314,0.0275898221930805,0.0152685269558485,0.0043256887376319,0.0491884940795965,14839.0,151.0,1,train
2022-12-09,14839.0,0.0102805010893245,0.0102280161458558,-0.0205525916346314,0.0275898221930805,0.0152685269558485,0.017806846510761,15373.0,534.0,1,train
2022-12-10,15373.0,0.0359862524428868,0.0353538739064713,0.0102280161458558,-0.0205525916346314,0.0275898221930805,0.0215028916834208,15642.0,269.0,1,train
2022-12-12,15642.0,0.0174982111494177,0.017346880248958,0.0353538739064713,0.0102280161458558,-0.0205525916346314,0.021563754457023,15661.0,19.0,1,train
2022-12-13,15661.0,0.0012146784298683,0.0012139413048775,0.017346880248958,0.0353538739064713,0.0102280161458558,0.0206111980086758,15619.0,-42.0,0,train
2022-12-14,15619.0,-0.0026818210842219,-0.0026854236087121,0.0012139413048775,0.017346880248958,0.0353538739064713,0.015072395900253,15630.0,11.0,1,train
2022-12-15,15630.0,0.0007042704398489,0.0007040225577998,-0.0026854236087121,0.0012139413048775,0.017346880248958,0.0159732435821251,15617.0,-13.0,0,train
2022-12-16,15617.0,-0.0008317338451695,-0.0008320799276759,0.0007040225577998,-0.0026854236087121,0.0012139413048775,0.0080807126163319,15621.0,4.0,1,train
2022-12-19,15621.0,0.0002561311391431,0.0002560983431632,-0.0008320799276759,0.0007040225577998,-0.0026854236087121,0.0015473992420756,15608.0,-13.0,0,train
2022-12-20,15608.0,-0.0008322130465399,-0.000832559528062,0.0002560983431632,-0.0008320799276759,0.0007040225577998,0.0013095710061839,15601.0,-7.0,0,train
2022-12-21,15601.0,-0.0004484879548949,-0.000448588555697,-0.000832559528062,0.0002560983431632,-0.0008320799276759,0.0006859385883112,15594.0,-7.0,0,train
2022-12-22,15594.0,-0.0004486891865905,-0.000448789877705,-0.000448588555697,-0.000832559528062,0.0002560983431632,0.0004444912235685,15605.0,11.0,1,train
2022-12-23,15605.0,0.0007053995126331,0.0007051508353352,-0.000448789877705,-0.000448588555697,-0.000832559528062,0.0006205737239327,15636.0,31.0,1,train
2022-12-26,15636.0,0.0019865427747516,0.0019845722079647,0.0007051508353352,-0.000448789877705,-0.000448588555697,0.0011562143489581,15659.0,23.0,1,train
2022-12-27,15659.0,0.0014709644410335,0.0014698836325983,0.0019845722079647,0.0007051508353352,-0.000448789877705,0.0011034649822259,15703.0,44.0,1,train
2022-12-28,15703.0,0.0028098856887412,0.0028059453395101,0.0014698836325983,0.0019845722079647,0.0007051508353352,0.0012427214383519,15731.0,28.0,1,train
2022-12-29,15731.0,0.0017830987709355,0.0017815109375511,0.0028059453395101,0.0014698836325983,0.0019845722079647,0.0007650507909471,15592.0,-139.0,0,train
2022-12-30,15592.0,-0.0088360561947746,-0.0088753256351079,0.0017815109375511,0.0028059453395101,0.0014698836325983,0.0048933292532265,14991.0,-601.0,0,train
2023-01-02,14991.0,-0.0385454079014879,-0.0393079411750818,-0.0088753256351079,0.0017815109375511,0.0028059453395101,0.017903732637843,15250.0,259.0,1,train
2023-01-03,15250.0,0.0172770328863984,0.0171294820232432,-0.0393079411750818,-0.0088753256351079,0.0017815109375511,0.0211439033792712,15117.0,-133.0,0,train
2023-01-08,15117.0,-0.0087213114754098,-0.0087595646868496,0.0171294820232432,-0.0393079411750818,-0.0088753256351079,0.0206635210284442,15252.0,135.0,1,train
2023-01-09,15252.0,0.0089303433220877,0.0088907036287455,-0.0087595646868496,0.0171294820232432,-0.0393079411750818,0.0216900747938033,15946.0,694.0,1,train
2023-01-11,15946.0,0.0455022292158404,0.0444973720849866,0.0088907036287455,-0.0087595646868496,0.0171294820232432,0.0311188171969827,15524.0,-422.0,0,train
2023-01-12,15524.0,-0.0264643170701116,-0.0268208005736436,0.0444973720849866,0.0088907036287455,-0.0087595646868496,0.0269464455965674,15177.0,-347.0,0,train
2023-01-13,15177.0,-0.0223524864725586,-0.022606089528752,-0.0268208005736436,0.0444973720849866,0.0088907036287455,0.0289895517636514,15019.0,-158.0,0,train
2023-01-16,15019.0,-0.0104104895565658,-0.0104650577544642,-0.022606089528752,-0.0268208005736436,0.0444973720849866,0.0291140375244936,15154.0,135.0,1,train
2023-01-17,15154.0,0.0089886144217323,0.0089484572857383,-0.0104650577544642,-0.022606089528752,-0.0268208005736436,0.0291191027615651,15137.0,-17.0,0,train
2023-01-18,15137.0,-0.0011218160221723,-0.0011224457287539,0.0089484572857383,-0.0104650577544642,-0.022606089528752,0.0148245614492431,15113.0,-24.0,0,train
2023-01-19,15113.0,-0.0015855189271322,-0.0015867771924451,-0.0011224457287539,0.0089484572857383,-0.0104650577544642,0.0118365434299702,15121.0,8.0,1,train
2023-01-20,15121.0,0.0005293455965063,0.0005292055425485,-0.0015867771924451,-0.0011224457287539,0.0089484572857383,0.0069086382463511,14930.0,-191.0,0,train
2023-01-24,14930.0,-0.0126314397195952,-0.0127118945794322,0.0005292055425485,-0.0015867771924451,-0.0011224457287539,0.00772431268275,14958.0,28.0,1,train
2023-01-25,14958.0,0.0018754186202276,0.0018736622183759,-0.0127118945794322,0.0005292055425485,-0.0015867771924451,0.0058151894515318,14964.0,6.0,1,train
2023-01-26,14964.0,0.0004011231448055,0.0004010427164242,0.0018736622183759,-0.0127118945794322,0.0005292055425485,0.0059505403554774,14978.0,14.0,1,train
2023-01-27,14978.0,0.0009355787222666,0.0009351413412765,0.0004010427164242,0.0018736622183759,-0.0127118945794322,0.0061301687489001,14979.0,1.0,1,train
2023-01-30,14979.0,6.676458806254004e-05,6.676235940616948e-05,0.0009351413412765,0.0004010427164242,0.0018736622183759,0.006089698915783,14992.0,13.0,1,train
2023-01-31,14992.0,0.0008678817010481,0.0008675053094844,6.676235940616948e-05,0.0009351413412765,0.0004010427164242,0.0006834144595308,15572.0,580.0,1,train
2023-02-01,15572.0,0.0386872998932763,0.0379577042521432,0.0008675053094844,6.676235940616948e-05,0.0009351413412765,0.016725121469413,14868.0,-704.0,0,train
2023-02-02,14868.0,-0.0452093501155921,-0.0462631773132038,0.0379577042521432,0.0008675053094844,6.676235940616948e-05,0.0298932091582497,15273.0,405.0,1,train
2023-02-03,15273.0,0.0272397094430991,0.0268753111533026,-0.0462631773132038,0.0379577042521432,0.0008675053094844,0.0325116372671359,14703.0,-570.0,0,train
2023-02-05,14703.0,-0.0373207621292477,-0.0380350089927876,0.0268753111533026,-0.0462631773132038,0.0379577042521432,0.0376881648473661,15171.0,468.0,1,train
2023-02-08,15171.0,0.0318302387267903,0.0313341561704341,-0.0380350089927876,0.0268753111533026,-0.0462631773132038,0.0409379650401683,15519.0,348.0,1,train
2023-02-10,15519.0,0.0229385010876013,0.0226793689235318,0.0313341561704341,-0.0380350089927876,0.0268753111533026,0.0380889886249932,15861.0,342.0,1,train
2023-02-11,15861.0,0.0220375024163927,0.0217981862319351,0.0226793689235318,0.0313341561704341,-0.0380350089927876,0.0287415715027192,15216.0,-645.0,0,train
2023-02-13,15216.0,-0.0406657839984868,-0.0415157601183882,0.0217981862319351,0.0226793689235318,0.0313341561704341,0.0358426009705965,15168.0,-48.0,0,train
2023-02-14,15168.0,-0.003154574132492,-0.0031595602903671,-0.0415157601183882,0.0217981862319351,0.0226793689235318,0.0296268047224633,15194.0,26.0,1,train
2023-02-15,15194.0,0.0017141350210969,0.0017126675683627,-0.0031595602903671,-0.0415157601183882,0.0217981862319351,0.0261033048750665,15176.0,-18.0,0,train
2023-02-16,15176.0,-0.0011846781624325,-0.0011853804483159,0.0017126675683627,-0.0031595602903671,-0.0415157601183882,0.0229844366188998,15199.0,23.0,1,train
2023-02-17,15199.0,0.0015155508697943,0.001514403581611,-0.0011853804483159,0.0017126675683627,-0.0031595602903671,0.0185516014015678,15168.0,-31.0,0,train
2023-02-20,15168.0,-0.0020396078689387,-0.0020416907016578,0.001514403581611,-0.0011853804483159,0.0017126675683627,0.0021671717236404,15179.0,11.0,1,train
2023-02-21,15179.0,0.000725210970464,0.0007249481320545,-0.0020416907016578,0.001514403581611,-0.0011853804483159,0.001674866858257,15218.0,39.0,1,train
2023-02-22,15218.0,0.0025693392186574,0.00256604410961,0.0007249481320545,-0.0020416907016578,0.001514403581611,0.0019025611914112,15187.0,-31.0,0,train
2023-02-23,15187.0,-0.0020370613746878,-0.0020391390061984,0.00256604410961,0.0007249481320545,-0.0020416907016578,0.0020991152881246,15216.0,29.0,1,train
2023-02-24,15216.0,0.0019095278856917,0.0019077070549009,-0.0020391390061984,0.00256604410961,0.0007249481320545,0.002169455040922,15274.0,58.0,1,train
2023-02-27,15274.0,0.0038117770767613,0.0038045306631584,0.0019077070549009,-0.0020391390061984,0.00256604410961,0.0022182373219339,15240.0,-34.0,0,train
2023-02-28,15240.0,-0.0022260049757758,-0.0022284862076915,0.0038045306631584,0.0019077070549009,-0.0020391390061984,0.0027661140394264,15590.0,350.0,1,train
2023-03-01,15590.0,0.0229658792650919,0.0227061328111837,-0.0022284862076915,0.0038045306631584,0.0019077070549009,0.0103217586415835,14898.0,-692.0,0,train
2023-03-02,14898.0,-0.0443874278383579,-0.0454027073155991,0.0227061328111837,-0.0022284862076915,0.0038045306631584,0.0251307965248669,15306.0,408.0,1,train
2023-03-03,15306.0,0.0273862263391058,0.0270179326336439,-0.0454027073155991,0.0227061328111837,-0.0022284862076915,0.028807237439213,14990.0,-316.0,0,train
2023-03-04,14990.0,-0.0206454984973213,-0.0208615962732228,0.0270179326336439,-0.0454027073155991,0.0227061328111837,0.0303177436895793,14706.0,-284.0,0,train
2023-03-05,14706.0,-0.018945963975984,-0.0191277383404759,-0.0208615962732228,0.0270179326336439,-0.0454027073155991,0.0310385995431918,15034.0,328.0,1,train
2023-03-07,15034.0,0.0223038215694273,0.0220587289812463,-0.0191277383404759,-0.0208615962732228,0.0270179326336439,0.0308839652702774,15198.0,164.0,1,train
2023-03-08,15198.0,0.0109086071571105,0.0108495374923158,0.0220587289812463,-0.0191277383404759,-0.0208615962732228,0.0226707384737658,15600.0,402.0,1,train
2023-03-10,15600.0,0.0264508487958941,0.0261070740078981,0.0108495374923158,0.0220587289812463,-0.0191277383404759,0.0224419144378981,15771.0,171.0,1,train
2023-03-11,15771.0,0.0109615384615384,0.0109018962499298,0.0261070740078981,0.0108495374923158,0.0220587289812463,0.0177107762945681,15374.0,-397.0,0,train
2023-03-13,15374.0,-0.0251727854923593,-0.0254950395784803,0.0109018962499298,0.0261070740078981,0.0108495374923158,0.0203719253280908,15380.0,6.0,1,train
2023-03-14,15380.0,0.000390269285807,0.0003901931505581,-0.0254950395784803,0.0109018962499298,0.0261070740078981,0.0191360039714737,15365.0,-15.0,0,train
2023-03-15,15365.0,-0.0009752925877762,-0.000975768495051,0.0003901931505581,-0.0254950395784803,0.0109018962499298,0.0188921033966053,15418.0,53.0,1,train
2023-03-16,15418.0,0.0034493979824274,0.0034434624546229,-0.000975768495051,0.0003901931505581,-0.0254950395784803,0.0137319604006238,15364.0,-54.0,0,train
2023-03-17,15364.0,-0.0035023997924503,-0.0035085475534124,0.0034434624546229,-0.000975768495051,0.0003901931505581,0.0116033317590715,15372.0,8.0,1,train
2023-03-20,15372.0,0.0005206977349647,0.0005205622189397,-0.0035085475534124,0.0034434624546229,-0.000975768495051,0.0025268218366079,15349.0,-23.0,0,train
2023-03-21,15349.0,-0.0014962269060629,-0.0014973473713268,0.0005205622189397,-0.0035085475534124,0.0034434624546229,0.0025893206019654,15189.0,-160.0,0,train
2023-03-24,15189.0,-0.0104241318652681,-0.0104788436753882,-0.0014973473713268,0.0005205622189397,-0.0035085475534124,0.005242641716798,15174.0,-15.0,0,train
2023-03-27,15174.0,-0.0009875567845151,-0.0009880447399996,-0.0104788436753882,-0.0014973473713268,0.0005205622189397,0.0043217665818038,15088.0,-86.0,0,train
2023-03-28,15088.0,-0.0056675892974825,-0.0056837110247816,-0.0009880447399996,-0.0104788436753882,-0.0014973473713268,0.0044687690680883,15094.0,6.0,1,train
2023-03-29,15094.0,0.0003976670201484,0.0003975879715749,-0.0056837110247816,-0.0009880447399996,-0.0104788436753882,0.0044404947354737,15062.0,-32.0,0,train
2023-03-30,15062.0,-0.0021200477010733,-0.0021222981835169,0.0003975879715749,-0.0056837110247816,-0.0009880447399996,0.0043730347322248,14977.0,-85.0,0,train
2023-03-31,14977.0,-0.0056433408577878,-0.0056593246689011,-0.0021222981835169,0.0003975879715749,-0.0056837110247816,0.0027594353937755,15615.0,638.0,1,train
2023-04-01,15615.0,0.0425986512652734,0.0417162997247846,-0.0056593246689011,-0.0021222981835169,0.0003975879715749,0.0202798945265894,14913.0,-702.0,0,train
2023-04-04,14913.0,-0.0449567723342939,-0.0459986749543972,0.0417162997247846,-0.0056593246689011,-0.0021222981835169,0.0310869623668759,14632.0,-281.0,0,train
2023-04-05,14632.0,-0.0188426205324213,-0.0190224046920803,-0.0459986749543972,0.0417162997247846,-0.0056593246689011,0.0318639249715041,15018.0,386.0,1,train
2023-04-07,15018.0,0.0263805358119191,0.0260385705891277,-0.0190224046920803,-0.0459986749543972,0.0417162997247846,0.0350938135743036,15168.0,150.0,1,train
2023-04-08,15168.0,0.0099880143827406,0.0099384638349739,0.0260385705891277,-0.0190224046920803,-0.0459986749543972,0.0352230132706124,15247.0,79.0,1,train
2023-04-09,15247.0,0.0052083333333332,0.0051948168771023,0.0099384638349739,0.0260385705891277,-0.0190224046920803,0.0281413360708375,15636.0,389.0,1,train
2023-04-10,15636.0,0.0255132157145667,0.0251931855409388,0.0051948168771023,0.0099384638349739,0.0260385705891277,0.0183851152994816,15446.0,-190.0,0,train
2023-04-12,15446.0,-0.0121514453824507,-0.012225877783635,0.0251931855409388,0.0051948168771023,0.0099384638349739,0.0158250222802274,14792.0,-654.0,0,train
2023-04-13,14792.0,-0.0423410591738961,-0.0432635760622499,-0.012225877783635,0.0251931855409388,0.0051948168771023,0.0261518720468155,14666.0,-126.0,0,train
2023-04-14,14666.0,-0.0085181179015684,-0.0085546044132147,-0.0432635760622499,-0.012225877783635,0.0251931855409388,0.0251472019272153,14773.0,107.0,1,train
2023-04-17,14773.0,0.0072957861720988,0.007269300667863,-0.0085546044132147,-0.0432635760622499,-0.012225877783635,0.0254089086208331,14855.0,82.0,1,train
2023-04-18,14855.0,0.0055506667569213,0.0055353185750988,0.007269300667863,-0.0085546044132147,-0.0432635760622499,0.0203271789713366,14882.0,27.0,1,train
2023-04-26,14882.0,0.0018175698418041,0.0018159200604994,0.0055353185750988,0.007269300667863,-0.0085546044132147,0.020946153693472,14751.0,-131.0,0,train
2023-04-27,14751.0,-0.008802580298347,-0.0088415518771576,0.0018159200604994,0.0055353185750988,0.007269300667863,0.0076907986569214,14661.0,-90.0,0,train
2023-04-28,14661.0,-0.0061012812690665,-0.0061199701417837,-0.0088415518771576,0.0018159200604994,0.0055353185750988,0.0071130842446175,15610.0,949.0,1,train
2023-05-01,15610.0,0.0647295546006412,0.0627208275712121,-0.0061199701417837,-0.0088415518771576,0.0018159200604994,0.0294789424276375,14933.0,-677.0,0,train
2023-05-04,14933.0,-0.0433696348494554,-0.0443382054522079,0.0627208275712121,-0.0061199701417837,-0.0088415518771576,0.0387724710255434,14674.0,-259.0,0,train
2023-05-05,14674.0,-0.0173441371459184,-0.017496308783329,-0.0443382054522079,0.0627208275712121,-0.0061199701417837,0.0396292324844262,14888.0,214.0,1,train
2023-05-06,14888.0,0.0145836172822679,0.0144782990481466,-0.017496308783329,-0.0443382054522079,0.0627208275712121,0.0401119744926897,15013.0,125.0,1,train
2023-05-07,15013.0,0.0083960236432025,0.0083609730902178,0.0144782990481466,-0.017496308783329,-0.0443382054522079,0.0399150530129525,15260.0,247.0,1,train
2023-05-09,15260.0,0.0164524079131418,0.0163185334261424,0.0083609730902178,0.0144782990481466,-0.017496308783329,0.0260526975957226,15601.0,341.0,1,train
2023-05-10,15601.0,0.0223460026212318,0.0220999889088027,0.0163185334261424,0.0083609730902178,0.0144782990481466,0.0154704424013582,15504.0,-97.0,0,train
2023-05-12,15504.0,-0.0062175501570411,-0.006236959616702,0.0220999889088027,0.0163185334261424,0.0083609730902178,0.010812865819118,14812.0,-692.0,0,train
2023-05-15,14812.0,-0.0446336429308565,-0.0456603920970444,-0.006236959616702,0.0220999889088027,0.0163185334261424,0.0271253686384295,14810.0,-2.0,0,train
2023-05-16,14810.0,-0.0001350256548744,-0.0001350347716595,-0.0456603920970444,-0.006236959616702,0.0220999889088027,0.0266525134351043,14875.0,65.0,1,train
2023-05-17,14875.0,0.0043889264010803,0.004379323151987,-0.0001350347716595,-0.0456603920970444,-0.006236959616702,0.0250039265148221,14936.0,61.0,1,train
2023-05-19,14936.0,0.0041008403361344,0.0040924548077274,0.004379323151987,-0.0001350347716595,-0.0456603920970444,0.0210962712386744,14897.0,-39.0,0,train
2023-05-22,14897.0,-0.0026111408677021,-0.0026145558419656,0.0040924548077274,0.004379323151987,-0.0001350347716595,0.0212640551222781,14878.0,-19.0,0,train
2023-05-23,14878.0,-0.0012754245821305,-0.0012762386283053,-0.0026145558419656,0.0040924548077274,0.004379323151987,0.0031802628546746,14905.0,27.0,1,train
2023-05-24,14905.0,0.0018147600483935,0.0018131153608837,-0.0012762386283053,-0.0026145558419656,0.0040924548077274,0.0031425241526633,14952.0,47.0,1,train
2023-05-25,14952.0,0.0031533042603153,0.003148343023227,0.0018131153608837,-0.0012762386283053,-0.0026145558419656,0.0028757940537186,14959.0,7.0,1,train
2023-05-26,14959.0,0.0004681647940074,0.0004680552390627,0.003148343023227,0.0018131153608837,-0.0012762386283053,0.0023135299204588,14973.0,14.0,1,train
2023-05-29,14973.0,0.0009358914365933,0.0009354537632582,0.0004680552390627,0.003148343023227,0.0018131153608837,0.0016388527630187,14969.0,-4.0,0,train
2023-05-30,14969.0,-0.0002671475322246,-0.0002671832224834,0.0009354537632582,0.0004680552390627,0.003148343023227,0.0013160920452376,15003.0,34.0,1,train
2023-05-31,15003.0,0.0022713608123454,0.0022687851717773,-0.0002671832224834,0.0009354537632582,0.0004680552390627,0.0013816144968749,15635.0,632.0,1,train
2023-06-01,15635.0,0.042124908351663,0.0412618098049275,0.0022687851717773,-0.0002671832224834,0.0009354537632582,0.0180957392007334,15055.0,-580.0,0,train
2023-06-02,15055.0,-0.0370962583946274,-0.0378018289761072,0.0412618098049275,0.0022687851717773,-0.0002671832224834,0.0279706303727133,15301.0,246.0,1,train
2023-06-03,15301.0,0.0163400863500498,0.01620802380598,-0.0378018289761072,0.0412618098049275,0.0022687851717773,0.0287468244382761,14943.0,-358.0,0,train
2023-06-04,14943.0,-0.0233971635840795,-0.0236752229804206,0.01620802380598,-0.0378018289761072,0.0412618098049275,0.031461382667329,14839.0,-104.0,0,train
2023-06-06,14839.0,-0.0069597804992304,-0.0069841127352656,-0.0236752229804206,0.01620802380598,-0.0378018289761072,0.0315410343841864,15062.0,223.0,1,train
2023-06-07,15062.0,0.0150279668441268,0.014916165655169,-0.0069841127352656,-0.0236752229804206,0.01620802380598,0.0236888917927967,15307.0,245.0,1,train
2023-06-09,15307.0,0.0162661001195061,0.0161352244304104,0.014916165655169,-0.0069841127352656,-0.0236752229804206,0.0180258078581093,15628.0,321.0,1,train
2023-06-10,15628.0,0.0209707976742665,0.0207539370832545,0.0161352244304104,0.014916165655169,-0.0069841127352656,0.0189303116237694,15550.0,-78.0,0,train
2023-06-11,15550.0,-0.0049910417199897,-0.0050035385675819,0.0207539370832545,0.0161352244304104,0.014916165655169,0.0129449520697286,15504.0,-46.0,0,train
2023-06-12,15504.0,-0.0029581993569132,-0.0029625834768314,-0.0050035385675819,0.0207539370832545,0.0161352244304104,0.0118638156551141,14868.0,-636.0,0,train
2023-06-13,14868.0,-0.0410216718266254,-0.0418868027134049,-0.0029625834768314,-0.0050035385675819,0.0207539370832545,0.0247273941257035,14895.0,27.0,1,train
2023-06-14,14895.0,0.0018159806295399,0.0018143337302394,-0.0418868027134049,-0.0029625834768314,-0.0050035385675819,0.0227675414997659,14943.0,48.0,1,train
2023-06-15,14943.0,0.0032225579053373,0.0032173765940104,0.0018143337302394,-0.0418868027134049,-0.0029625834768314,0.0187094334960908,14945.0,2.0,1,train
2023-06-16,14945.0,0.0001338419326775,0.0001338329766458,0.0032173765940104,0.0018143337302394,-0.0418868027134049,0.0191179293819554,14994.0,49.0,1,train
2023-06-19,14994.0,0.0032786885245901,0.0032733253449688,0.0001338329766458,0.0032173765940104,0.0018143337302394,0.0197175510141753,15040.0,46.0,1,train
2023-06-20,15040.0,0.0030678938241963,0.0030631974408237,0.0032733253449688,0.0001338329766458,0.0032173765940104,0.0013508851562026,14982.0,-58.0,0,train
2023-06-21,14982.0,-0.0038563829787233,-0.0038638379960023,0.0030631974408237,0.0032733253449688,0.0001338329766458,0.0031069661948531,14918.0,-64.0,0,train
2023-06-22,14918.0,-0.0042717928180483,-0.0042809429927199,-0.0038638379960023,0.0030631974408237,0.0032733253449688,0.0036335494230751,14998.0,80.0,1,train
2023-06-23,14998.0,0.0053626491486793,0.0053483213462257,-0.0042809429927199,-0.0038638379960023,0.0030631974408237,0.004456783766141,15026.0,28.0,1,train
2023-06-26,15026.0,0.0018669155887451,0.0018651750677705,0.0053483213462257,-0.0042809429927199,-0.0038638379960023,0.0042957334731669,15000.0,-26.0,0,train
2023-06-27,15000.0,-0.0017303340875814,-0.0017318328447579,0.0018651750677705,0.0053483213462257,-0.0042809429927199,0.0040902305053137,15139.0,139.0,1,train
2023-07-02,15139.0,0.0092666666666667,0.0092239945275309,-0.0017318328447579,0.0018651750677705,0.0053483213462257,0.0054026908853098,15359.0,220.0,1,train
2023-07-03,15359.0,0.014532003434837,0.0144274258037491,0.0092239945275309,-0.0017318328447579,0.0018651750677705,0.0062961901002471,14875.0,-484.0,0,train
2023-07-06,14875.0,-0.0315124682596523,-0.0320196700017962,0.0144274258037491,0.0092239945275309,-0.0017318328447579,0.0181066792944784,15136.0,261.0,1,train
2023-07-07,15136.0,0.0175462184873949,0.0173940608778284,-0.0320196700017962,0.0144274258037491,0.0092239945275309,0.020083601097311,15178.0,42.0,1,train
2023-07-08,15178.0,0.002774841437632,0.002770998672199,0.0173940608778284,-0.0320196700017962,0.0144274258037491,0.0200055667264565,15334.0,156.0,1,train
2023-07-09,15334.0,0.010278033996574,0.0102255741549814,0.002770998672199,0.0173940608778284,-0.0320196700017962,0.0200962949434354,15593.0,259.0,1,train
2023-07-11,15593.0,0.0168905699752184,0.0167495104660453,0.0102255741549814,0.002770998672199,0.0173940608778284,0.0204626108690791,15536.0,-57.0,0,train
2023-07-12,15536.0,-0.0036554864362213,-0.0036621840537787,0.0167495104660453,0.0102255741549814,0.002770998672199,0.009092376531551,14978.0,-558.0,0,train
2023-07-13,14978.0,-0.0359165808444902,-0.0365774537217937,-0.0036621840537787,0.0167495104660453,0.0102255741549814,0.0207490100786245,14945.0,-33.0,0,train
2023-07-14,14945.0,-0.0022032314060622,-0.0022056620912742,-0.0365774537217937,-0.0036621840537787,0.0167495104660453,0.0205756507416861,15007.0,62.0,1,train
2023-07-17,15007.0,0.0041485446637672,0.0041399631779501,-0.0022056620912742,-0.0365774537217937,-0.0036621840537787,0.0197543749914519,14994.0,-13.0,0,train
2023-07-18,14994.0,-0.0008662624108749,-0.0008666378329813,0.0041399631779501,-0.0022056620912742,-0.0365774537217937,0.0163339240289528,14991.0,-3.0,0,train
2023-07-20,14991.0,-0.0002000800320127,-0.0002001000506925,-0.0008666378329813,0.0041399631779501,-0.0022056620912742,0.0166257797271035,15026.0,35.0,1,train
2023-07-21,15026.0,0.0023347341738375,0.0023320129167903,-0.0002001000506925,-0.0008666378329813,0.0041399631779501,0.0025586211283779,15028.0,2.0,1,train
2023-07-24,15028.0,0.0001331026221216,0.0001330937647541,0.0023320129167903,-0.0002001000506925,-0.0008666378329813,0.0020767625200085,15007.0,-21.0,0,train
2023-07-25,15007.0,-0.0013973915357998,-0.0013983687978704,0.0001330937647541,0.0023320129167903,-0.0002001000506925,0.0014320033740361,15032.0,25.0,1,train
2023-07-26,15032.0,0.0016658892516825,0.001664503197313,-0.0013983687978704,0.0001330937647541,0.0023320129167903,0.0014950509548395,15003.0,-29.0,0,train
2023-07-27,15003.0,-0.0019292176689728,-0.0019310810062886,0.001664503197313,-0.0013983687978704,0.0001330937647541,0.0018562749666231,15083.0,80.0,1,train
2023-07-28,15083.0,0.0053322668799573,0.0053181006812383,-0.0019310810062886,0.001664503197313,-0.0013983687978704,0.0029106637691297,15092.0,9.0,1,train
2023-07-31,15092.0,0.000596698269575,0.0005965203159501,0.0053181006812383,-0.0019310810062886,0.001664503197313,0.0028931455588997,15122.0,30.0,1,train
2023-08-02,15122.0,0.0019878081102571,0.0019858350340129,0.0005965203159501,0.0053181006812383,-0.0019310810062886,0.0026184918144713,15451.0,329.0,1,train
2023-08-03,15451.0,0.0217563814310275,0.021523089032204,0.0019858350340129,0.0005965203159501,0.0053181006812383,0.0093325625028728,14709.0,-742.0,0,train
2023-08-05,14709.0,-0.0480227816969774,-0.049214174831075,0.021523089032204,0.0019858350340129,0.0005965203159501,0.0266436021053697,14903.0,194.0,1,train
2023-08-06,14903.0,0.0131892038887755,0.0131029836294498,-0.049214174831075,0.021523089032204,0.0019858350340129,0.0275337898395612,15229.0,326.0,1,train
2023-08-08,15229.0,0.0218747903106757,0.0216389699028969,0.0131029836294498,-0.049214174831075,0.021523089032204,0.0296345351981629,15341.0,112.0,1,train
2023-08-09,15341.0,0.007354389651323,0.0073274779930834,0.0216389699028969,0.0131029836294498,-0.049214174831075,0.0297386790763163,15629.0,288.0,1,train
2023-08-11,15629.0,0.0187732220846099,0.0185991799974196,0.0073274779930834,0.0216389699028969,0.0131029836294498,0.0293059243544974,15500.0,-129.0,0,train
2023-08-12,15500.0,-0.0082538870049266,-0.008288138934855,0.0185991799974196,0.0073274779930834,0.0216389699028969,0.0118269300122938,15323.0,-177.0,0,train
2023-08-14,15323.0,-0.0114193548387097,-0.0114850563291621,-0.008288138934855,0.0185991799974196,0.0073274779930834,0.0151160705241951,15346.0,23.0,1,train
2023-08-15,15346.0,0.0015010115512628,0.0014998861594346,-0.0114850563291621,-0.008288138934855,0.0185991799974196,0.012152737395957,15308.0,-38.0,0,train
2023-08-16,15308.0,-0.0024762153004039,-0.0024792861920186,0.0014998861594346,-0.0114850563291621,-0.008288138934855,0.0117685846800599,15308.0,0.0,0,train
2023-08-18,15308.0,0.0,0.0,-0.0024792861920186,0.0014998861594346,-0.0114850563291621,0.0055421620801766,15329.0,21.0,1,train
2023-08-21,15329.0,0.0013718317219755,0.0013708916205157,0.0,-0.0024792861920186,0.0014998861594346,0.0054214607233397,15326.0,-3.0,0,train
2023-08-22,15326.0,-0.0001957074825493,-0.0001957266357592,0.0013708916205157,0.0,-0.0024792861920186,0.0016051874097013,15319.0,-7.0,0,train
2023-08-23,15319.0,-0.0004567401800861,-0.000456844517652,-0.0001957266357592,0.0013708916205157,0.0,0.0013832045790062,15253.0,-66.0,0,train
2023-08-24,15253.0,-0.0043083752203146,-0.0043176830127631,-0.000456844517652,-0.0001957266357592,0.0013708916205157,0.0021317635959546,15297.0,44.0,1,train
2023-08-25,15297.0,0.0028846784239167,0.0028805257233326,-0.0043176830127631,-0.000456844517652,-0.0001957266357592,0.0026908562499009,15294.0,-3.0,0,train
2023-08-28,15294.0,-0.0001961168856638,-0.0001961361190954,0.0028805257233326,-0.0043176830127631,-0.000456844517652,0.0025583327035815,15263.0,-31.0,0,train
2023-08-29,15263.0,-0.002026938668759,-0.0020289956890486,-0.0001961361190954,0.0028805257233326,-0.0043176830127631,0.0026415129419604,15239.0,-24.0,0,train
2023-08-30,15239.0,-0.0015724300596212,-0.0015736676252622,-0.0020289956890486,-0.0001961361190954,0.0028805257233326,0.0026499287329568,15237.0,-2.0,0,train
2023-08-31,15237.0,-0.0001312422074939,-0.0001312508205053,-0.0015736676252622,-0.0020289956890486,-0.0001961361190954,0.0019187285862523,15574.0,337.0,1,train
2023-09-01,15574.0,0.0221172146748047,0.0218761766675772,-0.0001312508205053,-0.0015736676252622,-0.0020289956890486,0.0102567461262829,15120.0,-454.0,0,train
2023-09-02,15120.0,-0.0291511493514832,-0.029584486403408,0.0218761766675772,-0.0001312508205053,-0.0015736676252622,0.0182635875720116,15438.0,318.0,1,train
2023-09-03,15438.0,0.0210317460317459,0.0208136317762761,-0.029584486403408,0.0218761766675772,-0.0001312508205053,0.0209971190000633,14757.0,-681.0,0,train
2023-09-05,14757.0,-0.0441119315973571,-0.0451144560463507,0.0208136317762761,-0.029584486403408,0.0218761766675772,0.0300655397126051,14853.0,96.0,1,train
2023-09-06,14853.0,0.006505387273836,0.0064843185660841,-0.0451144560463507,0.0208136317762761,-0.029584486403408,0.0305535329382712,15206.0,353.0,1,train
2023-09-08,15206.0,0.0237662425099307,0.0234882217588481,0.0064843185660841,-0.0451144560463507,0.0208136317762761,0.0309157810807877,15675.0,469.0,1,train
2023-09-10,15675.0,0.0308430882546362,0.0303769997127396,0.0234882217588481,0.0064843185660841,-0.0451144560463507,0.030516898968379,15649.0,-26.0,0,train
2023-09-11,15649.0,-0.001658692185008,-0.0016600693379498,0.0303769997127396,0.0234882217588481,0.0064843185660841,0.0296551801132793,15367.0,-282.0,0,train
2023-09-13,15367.0,-0.0180203207872707,-0.0181846641078387,-0.0016600693379498,0.0303769997127396,0.0234882217588481,0.0195052238369598,15357.0,-10.0,0,train
2023-09-14,15357.0,-0.0006507451031431,-0.0006509569296397,-0.0181846641078387,-0.0016600693379498,0.0303769997127396,0.019909891609895,15367.0,10.0,1,train
2023-09-15,15367.0,0.0006511688480823,0.0006509569296397,-0.0006509569296397,-0.0181846641078387,-0.0016600693379498,0.0175702996116629,15373.0,6.0,1,train
2023-09-18,15373.0,0.0003904470618858,0.0003903708572661,0.0006509569296397,-0.0006509569296397,-0.0181846641078387,0.0080427494277654,15381.0,8.0,1,train
2023-09-19,15381.0,0.0005203928966368,0.0005202575392111,0.0003903708572661,0.0006509569296397,-0.0006509569296397,0.0082503650513969,15396.0,15.0,1,train
2023-09-20,15396.0,0.0009752291788569,0.0009747539518265,0.0005202575392111,0.0003903708572661,0.0006509569296397,0.0006143612757478,15397.0,1.0,1,train
2023-09-21,15397.0,6.495193556776968e-05,6.494982628169055e-05,0.0009747539518265,0.0005202575392111,0.0003903708572661,0.000334598633944,15383.0,-14.0,0,train
2023-09-22,15383.0,-0.0009092680392284,-0.0009096816741678,6.494982628169055e-05,0.0009747539518265,0.0005202575392111,0.0007050445225955,15399.0,16.0,1,train
2023-09-25,15399.0,0.0010401092114671,0.0010395686726631,-0.0009096816741678,6.494982628169055e-05,0.0009747539518265,0.0008003339866985,15464.0,65.0,1,train
2023-09-26,15464.0,0.0042210533151503,0.0042121696597536,0.0010395686726631,-0.0009096816741678,6.494982628169055e-05,0.0019243370081489,15526.0,62.0,1,train
2023-09-27,15526.0,0.0040093119503361,0.0040012960774582,0.0042121696597536,0.0010395686726631,-0.0009096816741678,0.0023197669818694,15487.0,-39.0,0,train
2023-09-29,15487.0,-0.0025119154965863,-0.00251507564945,0.0040012960774582,0.0042121696597536,0.0010395686726631,0.0029661764141382,15589.0,102.0,1,train
2023-10-01,15589.0,0.0065861690450055,0.0065645749965064,-0.00251507564945,0.0040012960774582,0.0042121696597536,0.0034950399176397,15140.0,-449.0,0,train
2023-10-02,15140.0,-0.028802360638912,-0.0292252893212427,0.0065645749965064,-0.00251507564945,0.0040012960774582,0.0148302515248018,15468.0,328.0,1,train
2023-10-03,15468.0,0.021664464993395,0.0214331257357489,-0.0292252893212427,0.0065645749965064,-0.00251507564945,0.0185668566088598,14905.0,-563.0,0,train
2023-10-04,14905.0,-0.0363977243341091,-0.0370766466150165,0.0214331257357489,-0.0292252893212427,0.0065645749965064,0.0245170867030864,14746.0,-159.0,0,train
2023-10-05,14746.0,-0.0106675612210667,-0.0107248675625761,-0.0370766466150165,0.0214331257357489,-0.0292252893212427,0.0243183057820131,15192.0,446.0,1,train
2023-10-07,15192.0,0.0302454903024549,0.0297971139425268,-0.0107248675625761,-0.0370766466150165,0.0214331257357489,0.0298243708294017,15204.0,12.0,1,train
2023-10-08,15204.0,0.0007898894154818,0.0007895776170165,0.0297971139425268,-0.0107248675625761,-0.0370766466150165,0.026617719676621,15708.0,504.0,1,train
2023-10-10,15708.0,0.0331491712707181,0.0326115855887625,0.0007895776170165,0.0297971139425268,-0.0107248675625761,0.0291302909064806,15693.0,-15.0,0,train
2023-10-11,15693.0,-0.0009549274255156,-0.0009553836591802,0.0326115855887625,0.0007895776170165,0.0297971139425268,0.0196030679348139,15709.0,16.0,1,train
2023-10-13,15709.0,0.0010195628624227,0.001019043461218,-0.0009553836591802,0.0326115855887625,0.0007895776170165,0.0169819287840092,15716.0,7.0,1,train
2023-10-16,15716.0,0.0004456044305811,0.000445505178412,0.001019043461218,-0.0009553836591802,0.0326115855887625,0.0144594826866576,15718.0,2.0,1,train
2023-10-17,15718.0,0.0001272588444896,0.00012725074777,0.000445505178412,0.001019043461218,-0.0009553836591802,0.0145309623857752,15731.0,13.0,1,train
2023-10-18,15731.0,0.0008270772362894,0.0008267353963837,0.00012725074777,0.000445505178412,0.001019043461218,0.0007780109738684,15838.0,107.0,1,train
2023-10-19,15838.0,0.0068018562074882,0.0067788279478531,0.0008267353963837,0.00012725074777,0.000445505178412,0.0027825716842261,15856.0,18.0,1,train
2023-10-20,15856.0,0.0011365071347393,0.0011358617994119,0.0067788279478531,0.0008267353963837,0.00012725074777,0.0027744393850868,15943.0,87.0,1,train
2023-10-23,15943.0,0.0054868819374369,0.0054718838375951,0.0011358617994119,0.0067788279478531,0.0008267353963837,0.0030312355816672,15869.0,-74.0,0,train
2023-10-24,15869.0,-0.0046415354701122,-0.0046523408445224,0.0054718838375951,0.0011358617994119,0.0067788279478531,0.0045063718087023,15871.0,2.0,1,train
2023-10-25,15871.0,0.0001260318860671,0.0001260239447162,-0.0046523408445224,0.0054718838375951,0.0011358617994119,0.0045591537254557,15933.0,62.0,1,train
2023-10-26,15933.0,0.0039064961250079,0.0038988855829504,0.0001260239447162,-0.0046523408445224,0.0054718838375951,0.0039032143498385,15941.0,8.0,1,train
2023-10-27,15941.0,0.0005021025544467,0.0005019765431377,0.0038988855829504,0.0001260239447162,-0.0046523408445224,0.0039159321557001,15916.0,-25.0,0,train
2023-10-30,15916.0,-0.0015682830437236,-0.0015695140868281,0.0005019765431377,0.0038988855829504,0.0001260239447162,0.0031225885571178,15897.0,-19.0,0,train
2023-10-31,15897.0,-0.0011937672782106,-0.0011944803859478,-0.0015695140868281,0.0005019765431377,0.0038988855829504,0.0021643573975512,15527.0,-370.0,0,train
2023-11-01,15527.0,-0.023274831729257,-0.0235499681797008,-0.0011944803859478,-0.0015695140868281,0.0005019765431377,0.0109305495450706,14888.0,-639.0,0,train
2023-11-04,14888.0,-0.0411541186320603,-0.0420249246590831,-0.0235499681797008,-0.0011944803859478,-0.0015695140868281,0.0187381171656666,14722.0,-166.0,0,train
2023-11-05,14722.0,-0.011149919398173,-0.0112125457034366,-0.0420249246590831,-0.0235499681797008,-0.0011944803859478,0.0172091584187858,15162.0,440.0,1,train
2023-11-07,15162.0,0.0298872435810351,0.0294493239975981,-0.0112125457034366,-0.0420249246590831,-0.0235499681797008,0.0266646928924147,15225.0,63.0,1,train
2023-11-08,15225.0,0.0041551246537396,0.0041465159618496,0.0294493239975981,-0.0112125457034366,-0.0420249246590831,0.0271926916465091,15352.0,127.0,1,train
2023-11-09,15352.0,0.0083415435139573,0.008306945109437,0.0041465159618496,0.0294493239975981,-0.0112125457034366,0.0265498685081523,15710.0,358.0,1,train
2023-11-10,15710.0,0.0233194372068785,0.0230516935621309,0.008306945109437,0.0041465159618496,0.0294493239975981,0.0160695698593969,15614.0,-96.0,0,train
2023-11-12,15614.0,-0.0061107574793125,-0.0061295045694294,0.0230516935621309,0.008306945109437,0.0041465159618496,0.0144077887205877,15713.0,99.0,1,train
2023-11-13,15713.0,0.0063404636864352,0.0063204475098945,-0.0061295045694294,0.0230516935621309,0.008306945109437,0.0104911404807417,15699.0,-14.0,0,train
2023-11-14,15699.0,-0.0008909819894354,-0.000891379149813,0.0063204475098945,-0.0061295045694294,0.0230516935621309,0.0110760358124129,15503.0,-196.0,0,train
2023-11-15,15503.0,-0.0124848716478757,-0.0125634624739561,-0.000891379149813,0.0063204475098945,-0.0061295045694294,0.0136782164359943,15595.0,92.0,1,train
2023-11-16,15595.0,0.0059343352899439,0.0059167964755406,-0.0125634624739561,-0.000891379149813,0.0063204475098945,0.0080679385142353,15504.0,-91.0,0,train
2023-11-17,15504.0,-0.0058352035908945,-0.0058522949113548,0.0059167964755406,-0.0125634624739561,-0.000891379149813,0.0080287664522356,15419.0,-85.0,0,train
2023-11-20,15419.0,-0.0054824561403509,-0.0054975399591956,-0.0058522949113548,0.0059167964755406,-0.0125634624739561,0.006833109205696,15436.0,17.0,1,train
2023-11-21,15436.0,0.0011025358324145,0.0011019284861575,-0.0054975399591956,-0.0058522949113548,0.0059167964755406,0.0070966594674699,15584.0,148.0,1,train
2023-11-22,15584.0,0.0095879761596269,0.0095423032248067,0.0011019284861575,-0.0054975399591956,-0.0058522949113548,0.0068249408776362,15593.0,9.0,1,train
2023-11-23,15593.0,0.0005775154004106,0.0005773487025688,0.0095423032248067,0.0011019284861575,-0.0054975399591956,0.0062664212322187,15587.0,-6.0,0,train
2023-11-24,15587.0,-0.000384788045918,-0.0003848620958351,0.0005773487025688,0.0095423032248067,0.0011019284861575,0.0054146289825369,15527.0,-60.0,0,train
2023-11-27,15527.0,-0.0038493616475268,-0.0038567895078802,-0.0003848620958351,0.0005773487025688,0.0095423032248067,0.0049467714635409,15450.0,-77.0,0,train
2023-11-28,15450.0,-0.004959103497134,-0.0049714406552787,-0.0038567895078802,-0.0003848620958351,0.0005773487025688,0.0057219463166374,15384.0,-66.0,0,train
2023-11-29,15384.0,-0.0042718446601941,-0.0042809950572753,-0.0049714406552787,-0.0038567895078802,-0.0003848620958351,0.0025014990131777,15484.0,100.0,1,train
2023-11-30,15484.0,0.0065002600104004,0.0064792244289222,-0.0042809950572753,-0.0049714406552787,-0.0038567895078802,0.0047487833690582,15366.0,-118.0,0,train
2023-12-01,15366.0,-0.007620769826918,-0.0076499562699581,0.0064792244289222,-0.0042809950572753,-0.0049714406552787,0.0054229998979948,14866.0,-500.0,0,train
2023-12-04,14866.0,-0.0325393726408954,-0.0330805501423405,-0.0076499562699581,0.0064792244289222,-0.0042809950572753,0.0146573567539347,14752.0,-114.0,0,train
2023-12-05,14752.0,-0.0076685053141396,-0.0076980594888649,-0.0330805501423405,-0.0076499562699581,0.0064792244289222,0.0145341254750722,14874.0,122.0,1,train
2023-12-06,14874.0,0.0082700650759219,0.0082360554668703,-0.0076980594888649,-0.0330805501423405,-0.0076499562699581,0.0165423742003983,15084.0,210.0,1,train
2023-12-07,15084.0,0.0141185962081484,0.0140198571150023,0.0082360554668703,-0.0076980594888649,-0.0330805501423405,0.0182995368477619,15344.0,260.0,1,train
2023-12-09,15344.0,0.0172368072129409,0.0170899387449718,0.0140198571150023,0.0082360554668703,-0.0076980594888649,0.020673820207134,15702.0,358.0,1,train
2023-12-10,15702.0,0.0233315954118873,0.0230635746349818,0.0170899387449718,0.0140198571150023,0.0082360554668703,0.0117151278274619,15631.0,-71.0,0,train
2023-12-12,15631.0,-0.0045217169787288,-0.0045319708627307,0.0230635746349818,0.0170899387449718,0.0140198571150023,0.0104757133716492,15629.0,-2.0,0,train
2023-12-13,15629.0,-0.0001279508668671,-0.0001279590532767,-0.0045319708627307,0.0230635746349818,0.0170899387449718,0.011734456193219,15493.0,-136.0,0,train
2023-12-14,15493.0,-0.0087017723462793,-0.0087398538459009,-0.0001279590532767,-0.0045319708627307,0.0230635746349818,0.0139443738674675,15503.0,10.0,1,train
2023-12-15,15503.0,0.0006454527851287,0.0006452445700695,-0.0087398538459009,-0.0001279590532767,-0.0045319708627307,0.012329129651081,15516.0,13.0,1,train
2023-12-18,15516.0,0.0008385473779268,0.0008381959934951,0.0006452445700695,-0.0087398538459009,-0.0001279590532767,0.0041731056990642,15506.0,-10.0,0,train
2023-12-19,15506.0,-0.0006444960041247,-0.0006447037809529,0.0008381959934951,0.0006452445700695,-0.0087398538459009,0.0040324546542337,15512.0,6.0,1,train
2023-12-20,15512.0,0.0003869469882626,0.0003868721435829,-0.0006447037809529,0.0008381959934951,0.0006452445700695,0.0040858443437197,15533.0,21.0,1,train
2023-12-21,15533.0,0.0013537906137184,0.0013528750654199,0.0003868721435829,-0.0006447037809529,0.0008381959934951,0.0007390502525226,15489.0,-44.0,0,train
2023-12-22,15489.0,-0.00283267881285,-0.0028366984401486,0.0013528750654199,0.0003868721435829,-0.0006447037809529,0.0016569374526137,15414.0,-75.0,0,train
2023-12-27,15414.0,-0.0048421460391245,-0.0048539072098208,-0.0028366984401486,0.0013528750654199,0.0003868721435829,0.0025150829509457,15416.0,2.0,1,train
2023-12-28,15416.0,0.0001297521733489,0.0001297437562648,-0.0048539072098208,-0.0028366984401486,0.0013528750654199,0.0025897380392531,15439.0,23.0,1,train
2023-12-29,15439.0,0.0014919564089257,0.0014908445477246,0.0001297437562648,-0.0048539072098208,-0.0028366984401486,0.002794043165079,15775.0,336.0,1,train
2024-01-02,15775.0,0.0217630675561888,0.0215296327674874,0.0014908445477246,0.0001297437562648,-0.0048539072098208,0.0106015549502933,15696.0,-79.0,0,train
2024-01-03,15696.0,-0.0050079239302693,-0.0050205056042695,0.0215296327674874,0.0014908445477246,0.0001297437562648,0.0109462437936184,15909.0,213.0,1,train
2024-01-04,15909.0,0.0135703363914372,0.0134790840000942,-0.0050205056042695,0.0215296327674874,0.0014908445477246,0.0108723557619994,16355.0,446.0,1,train
2024-01-07,16355.0,0.0280344459111194,0.0276486741672457,0.0134790840000942,-0.0050205056042695,0.0215296327674874,0.013581884825634,16243.0,-112.0,0,train
2024-01-08,16243.0,-0.0068480586976459,-0.0068716142530895,0.0276486741672457,0.0134790840000942,-0.0050205056042695,0.0155455941125049,15204.0,-1039.0,0,train
2024-01-10,15204.0,-0.0639660161300252,-0.0661034956102568,-0.0068716142530895,0.0276486741672457,0.0134790840000942,0.0357644509225517,15723.0,519.0,1,train
2024-01-11,15723.0,0.0341357537490134,0.0335660573611367,-0.0661034956102568,-0.0068716142530895,0.0276486741672457,0.0402775232603901,15555.0,-168.0,0,train
2024-01-15,15555.0,-0.010684983781721,-0.0107424781385372,0.0335660573611367,-0.0661034956102568,-0.0068716142530895,0.0397559609712169,15592.0,37.0,1,train
2024-01-16,15592.0,0.0023786563805849,0.0023758318556588,-0.0107424781385372,0.0335660573611367,-0.0661034956102568,0.0360836297917499,15639.0,47.0,1,train
2024-01-17,15639.0,0.0030143663417137,0.0030098322488179,0.0023758318556588,-0.0107424781385372,0.0335660573611367,0.036535126834238,15630.0,-9.0,0,train
2024-01-18,15630.0,-0.000575484366008,-0.0005756500206928,0.0030098322488179,0.0023758318556588,-0.0107424781385372,0.01661620434728,15628.0,-2.0,0,train
2024-01-19,15628.0,-0.000127959053103,-0.0001279672405605,-0.0005756500206928,0.0030098322488179,0.0023758318556588,0.0055476681315956,15627.0,-1.0,0,train
2024-01-22,15627.0,-6.398771435889294e-05,-6.398976166011039e-05,-0.0001279672405605,-0.0005756500206928,0.0030098322488179,0.0016424235279961,15656.0,29.0,1,train
2024-01-23,15656.0,0.0018557624624047,0.001854042662611,-6.398976166011039e-05,-0.0001279672405605,-0.0005756500206928,0.0015404971185058,15719.0,63.0,1,train
2024-01-24,15719.0,0.0040240163515585,0.0040159416523248,0.001854042662611,-6.398976166011039e-05,-0.0001279672405605,0.0019176974470846,15767.0,48.0,1,train
2024-01-25,15767.0,0.0030536293657357,0.0030489765092447,0.0040159416523248,0.001854042662611,-6.398976166011039e-05,0.0018472865550687,15829.0,62.0,1,train
2024-01-26,15829.0,0.0039322635885077,0.0039245524482556,0.0030489765092447,0.0040159416523248,0.001854042662611,0.0017032675714497,15825.0,-4.0,0,train
2024-01-29,15825.0,-0.0002527007391496,-0.0002527326733599,0.0039245524482556,0.0030489765092447,0.0040159416523248,0.001776369458198,15796.0,-29.0,0,train
2024-01-30,15796.0,-0.0018325434439178,-0.0018342246058384,-0.0002527326733599,0.0039245524482556,0.0030489765092447,0.0026647449228948,15803.0,7.0,1,train
2024-01-31,15803.0,0.0004431501645987,0.0004430520025646,-0.0018342246058384,-0.0002527326733599,0.0039245524482556,0.0023791774178768,15473.0,-330.0,0,train
2024-02-01,15473.0,-0.0208821109915838,-0.0211032259194308,0.0004430520025646,-0.0018342246058384,-0.0002527326733599,0.0099186051283432,15688.0,215.0,1,train
2024-02-02,15688.0,0.0138951722355069,0.0137995193865094,-0.0211032259194308,0.0004430520025646,-0.0018342246058384,0.0124838443284923,15934.0,246.0,1,train
2024-02-04,15934.0,0.0156807751147374,0.0155591020641292,0.0137995193865094,-0.0211032259194308,0.0004430520025646,0.0147647866581941,16202.0,268.0,1,train
2024-02-05,16202.0,0.0168193799422617,0.0166795004501256,0.0155591020641292,0.0137995193865094,-0.0211032259194308,0.0160269501006525,16384.0,182.0,1,train
2024-02-07,16384.0,0.0112331810887544,0.0111705574487963,0.0166795004501256,0.0155591020641292,0.0137995193865094,0.0159696968666497,16234.0,-150.0,0,train
2024-02-08,16234.0,-0.0091552734375,-0.0091974405181129,0.0111705574487963,0.0166795004501256,0.0155591020641292,0.0107130362477383,15536.0,-698.0,0,train
2024-02-09,15536.0,-0.0429961808549956,-0.0439478967900139,-0.0091974405181129,0.0111705574487963,0.0166795004501256,0.0257008008655158,15247.0,-289.0,0,train
2024-02-10,15247.0,-0.018601956745623,-0.0187771491592005,-0.0439478967900139,-0.0091974405181129,0.0111705574487963,0.0244085188607173,15905.0,658.0,1,train
2024-02-12,15905.0,0.0431560306945628,0.0422507628113386,-0.0187771491592005,-0.0439478967900139,-0.0091974405181129,0.0324424165119849,15585.0,-320.0,0,train
2024-02-13,15585.0,-0.0201194592895316,-0.0203246119818079,0.0422507628113386,-0.0187771491592005,-0.0439478967900139,0.0318860548273317,15606.0,21.0,1,train
2024-02-15,15606.0,0.0013474494706449,0.0013465424752698,-0.0203246119818079,0.0422507628113386,-0.0187771491592005,0.0322983409944129,15654.0,48.0,1,train
2024-02-16,15654.0,0.0030757400999614,0.0030710196880772,0.0013465424752698,-0.0203246119818079,0.0422507628113386,0.0252516925264939,15630.0,-24.0,0,train
2024-02-19,15630.0,-0.0015331544653123,-0.0015343309492621,0.0030710196880772,0.0013465424752698,-0.0203246119818079,0.0228512266240675,15659.0,29.0,1,train
2024-02-20,15659.0,0.0018554062699935,0.0018536871299215,-0.0015343309492621,0.0030710196880772,0.0013465424752698,0.0097663872494084,15658.0,-1.0,0,train
2024-02-21,15658.0,-6.386103838051937e-05,-6.386307758354803e-05,0.0018536871299215,-0.0015343309492621,0.0030710196880772,0.0017798353426543,15630.0,-28.0,0,train
2024-02-22,15630.0,-0.0017882232724485,-0.0017898240523379,-6.386307758354803e-05,0.0018536871299215,-0.0015343309492621,0.0021187706068068,15589.0,-41.0,0,train
2024-02-23,15589.0,-0.0026231605886116,-0.0026266071028402,-0.0017898240523379,-6.386307758354803e-05,0.0018536871299215,0.0017631122941067,15635.0,46.0,1,train
2024-02-26,15635.0,0.0029507986400667,0.0029464535792591,-0.0026266071028402,-0.0017898240523379,-6.386307758354803e-05,0.0023560506053764,15655.0,20.0,1,train
2024-02-27,15655.0,0.0012791813239527,0.0012783638685647,0.0029464535792591,-0.0026266071028402,-0.0017898240523379,0.00225883613291,15673.0,18.0,1,train
2024-02-28,15673.0,0.0011497923985948,0.0011491318935625,0.0012783638685647,0.0029464535792591,-0.0026266071028402,0.0023213936428161,15715.0,42.0,1,train
2024-02-29,15715.0,0.0026797677534613,0.0026761835776003,0.0011491318935625,0.0012783638685647,0.0029464535792591,0.0022256686603143,15495.0,-220.0,0,train
2024-03-01,15495.0,-0.0139993636652879,-0.0140982790098203,0.0026761835776003,0.0011491318935625,0.0012783638685647,0.0072498917636151,15923.0,428.0,1,train
2024-03-04,15923.0,0.027621813488222,0.0272472136345776,-0.0140982790098203,0.0026761835776003,0.0011491318935625,0.0148715938571663,16094.0,171.0,1,train
2024-03-05,16094.0,0.0107391823148903,0.0106819268496529,0.0272472136345776,-0.0140982790098203,0.0026761835776003,0.015089610010776,16225.0,131.0,1,train
2024-03-06,16225.0,0.0081396793836212,0.0081067308662117,0.0106819268496529,0.0272472136345776,-0.0140982790098203,0.0149041439734325,16387.0,162.0,1,train
2024-03-07,16387.0,0.0099845916795069,0.0099350749739333,0.0081067308662117,0.0106819268496529,0.0272472136345776,0.0147397119169285,15557.0,-830.0,0,train
2024-03-09,15557.0,-0.0506499054128272,-0.0519776394591016,0.0099350749739333,0.0081067308662117,0.0106819268496529,0.0304935432343505,15394.0,-163.0,0,train
2024-03-10,15394.0,-0.0104775985087098,-0.0105328749928599,-0.0519776394591016,0.0099350749739333,0.0081067308662117,0.0267527358240375,15950.0,556.0,1,train
2024-03-12,15950.0,0.0361179680394958,0.0354810061187276,-0.0105328749928599,-0.0519776394591016,0.0099350749739333,0.0324799449484092,15576.0,-374.0,0,train
2024-03-13,15576.0,-0.0234482758620689,-0.023727561160955,0.0354810061187276,-0.0105328749928599,-0.0519776394591016,0.0331659994595932,15582.0,6.0,1,train
2024-03-14,15582.0,0.0003852080123265,0.000385133838769,-0.023727561160955,0.0354810061187276,-0.0105328749928599,0.0321216335237587,15624.0,42.0,1,train
2024-03-15,15624.0,0.0026954177897573,0.0026917916657112,0.000385133838769,-0.023727561160955,0.0354810061187276,0.0220030724357005,15672.0,48.0,1,train
2024-03-18,15672.0,0.0030721966205837,0.0030674870678613,0.0026917916657112,0.000385133838769,-0.023727561160955,0.0210632134322333,15712.0,40.0,1,train
2024-03-19,15712.0,0.0025523226135784,0.0025490709698701,0.0030674870678613,0.0026917916657112,0.000385133838769,0.0116307111868092,15727.0,15.0,1,train
2024-03-20,15727.0,0.0009546843177188,0.0009542288964787,0.0025490709698701,0.0030674870678613,0.0026917916657112,0.0011828135834993,15662.0,-65.0,0,train
2024-03-21,15662.0,-0.0041330196477396,-0.0041415841798428,0.0009542288964787,0.0025490709698701,0.0030674870678613,0.0029988054966952,15773.0,111.0,1,train
2024-03-22,15773.0,0.0070872174690332,0.0070622211765911,-0.0041415841798428,0.0009542288964787,0.0025490709698701,0.0040567244892339,15795.0,22.0,1,train
2024-03-25,15795.0,0.0013947885627338,0.0013938167487115,0.0070622211765911,-0.0041415841798428,0.0009542288964787,0.0040048493693314,15797.0,2.0,1,train
2024-03-26,15797.0,0.0001266223488445,0.0001266143329115,0.0013938167487115,0.0070622211765911,-0.0041415841798428,0.0040023477697979,15853.0,56.0,1,train
2024-03-27,15853.0,0.0035449768943469,0.0035387082741316,0.0001266143329115,0.0013938167487115,0.0070622211765911,0.0041464905012049,15873.0,20.0,1,train
2024-03-28,15873.0,0.0012615908660822,0.0012607957290136,0.0035387082741316,0.0001266143329115,0.0013938167487115,0.00274451111969,15525.0,-348.0,0,train
2024-04-01,15525.0,-0.0219240219240218,-0.0221679247705619,0.0012607957290136,0.0035387082741316,0.0001266143329115,0.0106917719725859,15723.0,198.0,1,train
2024-04-03,15723.0,0.0127536231884057,0.0126729806685954,-0.0221679247705619,0.0012607957290136,0.0035387082741316,0.0128644334037012,15907.0,184.0,1,train
2024-04-04,15907.0,0.011702601284742,0.0116346554280859,0.0126729806685954,-0.0221679247705619,0.0012607957290136,0.0140700751138072,16220.0,313.0,1,train
2024-04-06,16220.0,0.0196768718174389,0.0194857847710423,0.0116346554280859,0.0126729806685954,-0.0221679247705619,0.0163088586195762,16341.0,121.0,1,train
2024-04-07,16341.0,0.0074599260172625,0.0074322383823801,0.0194857847710423,0.0116346554280859,0.0126729806685954,0.0162284481966806,15490.0,-851.0,0,train
2024-04-09,15490.0,-0.0520775962303408,-0.0534826326408701,0.0074322383823801,0.0194857847710423,0.0116346554280859,0.0299594593988849,15495.0,5.0,1,train
2024-04-10,15495.0,0.0003227888960619,0.0003227368109346,-0.0534826326408701,0.0074322383823801,0.0194857847710423,0.0291037848764772,15751.0,256.0,1,train
2024-04-11,15751.0,0.0165214585350113,0.016386464079888,0.0003227368109346,-0.0534826326408701,0.0074322383823801,0.0297679379453948,15957.0,206.0,1,train
2024-04-12,15957.0,0.0130785346962096,0.0129937491086913,0.016386464079888,0.0003227368109346,-0.0534826326408701,0.0287212475999953,16176.0,219.0,1,train
2024-04-16,16176.0,0.0137243842827599,0.0136310578498246,0.0129937491086913,0.016386464079888,0.0003227368109346,0.0294238708163197,16240.0,64.0,1,train
2024-04-17,16240.0,0.0039564787339267,0.0039486724554169,0.0136310578498246,0.0129937491086913,0.016386464079888,0.0069232445590076,16177.0,-63.0,0,train
2024-04-18,16177.0,-0.0038793103448275,-0.0038868543859749,0.0039486724554169,0.0136310578498246,0.0129937491086913,0.0084083427196714,16280.0,103.0,1,train
2024-04-19,16280.0,0.0063670643506212,0.0063468802268378,-0.0038868543859749,0.0039486724554169,0.0136310578498246,0.0072004045010147,16224.0,-56.0,0,train
2024-04-22,16224.0,-0.0034398034398034,-0.0034457331656216,0.0063468802268378,-0.0038868543859749,0.0039486724554169,0.007307342800402,16244.0,20.0,1,train
2024-04-23,16244.0,0.0012327416173569,0.0012319824152786,-0.0034457331656216,0.0063468802268378,-0.0038868543859749,0.0044959392936673,16161.0,-83.0,0,train
2024-04-24,16161.0,-0.0051095789214479,-0.0051226774575461,0.0012319824152786,-0.0034457331656216,0.0063468802268378,0.0047504564958763,16208.0,47.0,1,train
2024-04-25,16208.0,0.0029082358764926,0.0029040151398209,-0.0051226774575461,0.0012319824152786,-0.0034457331656216,0.00468016660227,16222.0,14.0,1,train
2024-04-26,16222.0,0.0008637709772951,0.000863398141826,0.0029040151398209,-0.0051226774575461,0.0012319824152786,0.0034008774172687,16249.0,27.0,1,train
2024-04-29,16249.0,0.001664406361731,0.0016630227724867,0.000863398141826,0.0029040151398209,-0.0051226774575461,0.0031316868279859,16276.0,27.0,1,train
2024-04-30,16276.0,0.0016616407163518,0.0016602617188041,0.0016630227724867,0.000863398141826,0.0029040151398209,0.003168914543738,15518.0,-758.0,0,train
2024-05-01,15518.0,-0.0465716392233964,-0.0476909896676858,0.0016602617188041,0.0016630227724867,0.000863398141826,0.0221328637386575,15705.0,187.0,1,train
2024-05-02,15705.0,0.0120505219744813,0.0119784925188515,-0.0476909896676858,0.0016602617188041,0.0016630227724867,0.0235871095749334,15756.0,51.0,1,train
2024-05-03,15756.0,0.0032473734479465,0.0032421121180501,0.0119784925188515,-0.0476909896676858,0.0016602617188041,0.0237909514797033,15873.0,117.0,1,train
2024-05-04,15873.0,0.0074257425742574,0.0073983074814449,0.0032421121180501,0.0119784925188515,-0.0476909896676858,0.0243736274893678,16282.0,409.0,1,train
2024-05-06,16282.0,0.0257670257670257,0.0254406505616806,0.0073983074814449,0.0032421121180501,0.0119784925188515,0.0279748125769949,16312.0,30.0,1,train
2024-05-07,16312.0,0.0018425254882692,0.0018408301203685,0.0254406505616806,0.0073983074814449,0.0032421121180501,0.009504420600529,16154.0,-158.0,0,train
2024-05-08,16154.0,-0.0096861206473761,-0.009733336252049,0.0018408301203685,0.0254406505616806,0.0073983074814449,0.0127640158972018,15410.0,-744.0,0,train
2024-05-09,15410.0,-0.0460567042218645,-0.0471510476880805,-0.009733336252049,0.0018408301203685,0.0254406505616806,0.0270402506833884,15766.0,356.0,1,train
2024-05-11,15766.0,0.0231018818948733,0.0228390733056915,-0.0471510476880805,-0.009733336252049,0.0018408301203685,0.0295002028787536,15892.0,126.0,1,train
2024-05-12,15892.0,0.0079918812634782,0.0079601153146366,0.0228390733056915,-0.0471510476880805,-0.009733336252049,0.0264044344983543,16085.0,193.0,1,train
2024-05-13,16085.0,0.0121444752076516,0.0120713227386364,0.0079601153146366,0.0228390733056915,-0.0471510476880805,0.0274289306466742,16131.0,46.0,1,train
2024-05-14,16131.0,0.0028598072738577,0.002855725804661,0.0120713227386364,0.0079601153146366,0.0228390733056915,0.0272106320621845,16070.0,-61.0,0,train
2024-05-15,16070.0,-0.0037815386522843,-0.0037887067462296,0.002855725804661,0.0120713227386364,0.0079601153146366,0.010018254777202,15944.0,-126.0,0,train
2024-05-16,15944.0,-0.0078406969508401,-0.0078715968389264,-0.0037887067462296,0.002855725804661,0.0120713227386364,0.0081905936237961,15978.0,34.0,1,train
2024-05-17,15978.0,0.0021324636226793,0.0021301931493571,-0.0078715968389264,-0.0037887067462296,0.002855725804661,0.0075647318657305,15980.0,2.0,1,train
2024-05-20,15980.0,0.0001251721116535,0.0001251642782769,0.0021301931493571,-0.0078715968389264,-0.0037887067462296,0.0044845968876533,16024.0,44.0,1,train
2024-05-21,16024.0,0.0027534418022527,0.0027496580253885,0.0001251642782769,0.0021301931493571,-0.0078715968389264,0.0044601505519965,15995.0,-29.0,0,train
2024-05-22,15995.0,-0.0018097853220169,-0.0018114249620353,0.0027496580253885,0.0001251642782769,0.0021301931493571,0.0042714329187091,16064.0,69.0,1,train
2024-05-27,16064.0,0.0043138480775242,0.0043045701078376,-0.0018114249620353,0.0027496580253885,0.0001251642782769,0.0023811819512555,16095.0,31.0,1,train
2024-05-28,16095.0,0.0019297808764939,0.0019279212414531,0.0043045701078376,-0.0018114249620353,0.0027496580253885,0.0023694805081869,16160.0,65.0,1,train
2024-05-29,16160.0,0.0040385212799005,0.0040303883421781,0.0019279212414531,0.0043045701078376,-0.0018114249620353,0.0024616624756317,16253.0,93.0,1,train
2024-05-30,16253.0,0.0057549504950495,0.0057384540280889,0.0040303883421781,0.0019279212414531,0.0043045701078376,0.0029338816962995,16251.0,-2.0,0,train
2024-05-31,16251.0,-0.0001230542053775,-0.0001230617771668,0.0057384540280889,0.0040303883421781,0.0019279212414531,0.002291905821227,15734.0,-517.0,0,train
2024-06-02,15734.0,-0.031813426866039,-0.0323304694368218,-0.0001230617771668,0.0057384540280889,0.0040303883421781,0.0159059460822192,15723.0,-11.0,0,train
2024-06-03,15723.0,-0.0006991229185203,-0.0006993674189121,-0.0323304694368218,-0.0001230617771668,0.0057384540280889,0.0156969310723097,16025.0,302.0,1,train
2024-06-05,16025.0,0.0192075303695222,0.0190253943185947,-0.0006993674189121,-0.0323304694368218,-0.0001230617771668,0.0188850719065515,16279.0,254.0,1,train
2024-06-06,16279.0,0.0158502340093604,0.0157259308196398,0.0190253943185947,-0.0006993674189121,-0.0323304694368218,0.0203379144005502,16183.0,-96.0,0,train
2024-06-08,16183.0,-0.0058971681307206,-0.0059146250916235,0.0157259308196398,0.0190253943185947,-0.0006993674189121,0.0205334191540795,15372.0,-811.0,0,train
2024-06-09,15372.0,-0.0501143174936662,-0.0514136358321515,-0.0059146250916235,0.0157259308196398,0.0190253943185947,0.0281946232693008,15840.0,468.0,1,train
2024-06-11,15840.0,0.0304449648711944,0.0299907136836825,-0.0514136358321515,-0.0059146250916235,0.0157259308196398,0.0323112416787474,15848.0,8.0,1,train
2024-06-12,15848.0,0.0005050505050505,0.00050492300997,0.0299907136836825,-0.0514136358321515,-0.0059146250916235,0.030824810487655,16286.0,438.0,1,train
2024-06-13,16286.0,0.0276375567895001,0.02726253364869,0.00050492300997,0.0299907136836825,-0.0514136358321515,0.0328681128545681,16374.0,88.0,1,train
2024-06-14,16374.0,0.0054034139751935,0.0053888679093159,0.02726253364869,0.00050492300997,0.0299907136836825,0.0327406891184582,16368.0,-6.0,0,train
2024-06-19,16368.0,-0.0003664345914253,-0.0003665017449847,0.0053888679093159,0.02726253364869,0.00050492300997,0.0148647121020603,16420.0,52.0,1,train
2024-06-20,16420.0,0.0031769305962854,0.0031718948150114,-0.0003665017449847,0.0053888679093159,0.02726253364869,0.0114464710575738,16458.0,38.0,1,train
2024-06-21,16458.0,0.0023142509135201,0.0023115771592383,0.0031718948150114,-0.0003665017449847,0.0053888679093159,0.0112086382536796,16431.0,-27.0,0,train
2024-06-24,16431.0,-0.0016405395552314,-0.001641886713827,0.0023115771592383,0.0031718948150114,-0.0003665017449847,0.0028089318059858,16379.0,-52.0,0,train
2024-06-25,16379.0,-0.0031647495587608,-0.0031697679694513,-0.001641886713827,0.0023115771592383,0.0031718948150114,0.0026581575693689,16435.0,56.0,1,train
2024-06-26,16435.0,0.0034190121497039,0.00341318061594,-0.0031697679694513,-0.001641886713827,0.0023115771592383,0.0030191011484776,16421.0,-14.0,0,train
2024-06-27,16421.0,-0.0008518405841192,-0.0008522036064828,0.00341318061594,-0.0031697679694513,-0.001641886713827,0.0027596159641692,16394.0,-27.0,0,train
2024-06-28,16394.0,-0.001644236039218,-0.001645589278862,-0.0008522036064828,0.00341318061594,-0.0031697679694513,0.002489531015399,15685.0,-709.0,0,train
2024-07-02,15685.0,-0.0432475295839941,-0.0442105725881969,-0.001645589278862,-0.0008522036064828,0.00341318061594,0.0196717297554827,15658.0,-27.0,0,train
2024-07-03,15658.0,-0.0017213898629263,-0.0017228731569183,-0.0442105725881969,-0.001645589278862,-0.0008522036064828,0.0197945821374812,16054.0,396.0,1,train
2024-07-05,16054.0,0.0252905862817729,0.0249760712236621,-0.0017228731569183,-0.0442105725881969,-0.001645589278862,0.0248734416280997,16218.0,164.0,1,train
2024-07-06,16218.0,0.0102155226111873,0.010163696812981,0.0249760712236621,-0.0017228731569183,-0.0442105725881969,0.0257701803379651,16100.0,-118.0,0,train
2024-07-08,16100.0,-0.0072758663213713,-0.0073024645319481,0.010163696812981,0.0249760712236621,-0.0017228731569183,0.025848016377519,15680.0,-420.0,0,train
2024-07-10,15680.0,-0.026086956521739,-0.026433257068156,-0.0073024645319481,0.010163696812981,0.0249760712236621,0.0192489992984475,15767.0,87.0,1,train
2024-07-11,15767.0,0.0055484693877549,0.005533133333083,-0.026433257068156,-0.0073024645319481,0.010163696812981,0.0193658114082376,16174.0,407.0,1,train
2024-07-15,16174.0,0.0258134077503646,0.0254858664182862,0.005533133333083,-0.026433257068156,-0.0073024645319481,0.0195217651912331,16203.0,29.0,1,train
2024-07-16,16203.0,0.0017930011128972,0.0017913956052328,0.0254858664182862,0.005533133333083,-0.026433257068156,0.0189421875157481,16129.0,-74.0,0,train
2024-07-17,16129.0,-0.0045670554835524,-0.0045775163438186,0.0017913956052328,0.0254858664182862,0.005533133333083,0.0187241625785193,16160.0,31.0,1,train
2024-07-18,16160.0,0.0019220038440077,0.0019201591579047,-0.0045775163438186,0.0017913956052328,0.0254858664182862,0.011469018862482,16199.0,39.0,1,train
2024-07-19,16199.0,0.0024133663366336,0.0024104588450502,0.0019201591579047,-0.0045775163438186,0.0017913956052328,0.0115872920915021,16228.0,29.0,1,train
2024-07-22,16228.0,0.0017902339650595,0.0017886334061998,0.0024104588450502,0.0019201591579047,-0.0045775163438186,0.0029426745732457,16204.0,-24.0,0,train
2024-07-23,16204.0,-0.0014789253142716,-0.0014800200037559,0.0017886334061998,0.0024104588450502,0.0019201591579047,0.0029933211420105,16224.0,20.0,1,train
2024-07-24,16224.0,0.0012342631449024,0.0012335020683291,-0.0014800200037559,0.0017886334061998,0.0024104588450502,0.0015419727113791,16268.0,44.0,1,train
2024-07-25,16268.0,0.0027120315581854,0.0027083606362054,0.0012335020683291,-0.0014800200037559,0.0017886334061998,0.0016720581866573,16294.0,26.0,1,train
2024-07-26,16294.0,0.001598229653307,0.001596953843471,0.0027083606362054,0.0012335020683291,-0.0014800200037559,0.0015778298018731,16286.0,-8.0,0,train
2024-07-29,16286.0,-0.0004909782742114,-0.0004910988435096,0.001596953843471,0.0027083606362054,0.0012335020683291,0.0016802492505092,16320.0,34.0,1,train
2024-07-30,16320.0,0.0020876826722338,0.0020855064910207,-0.0004910988435096,0.001596953843471,0.0027083606362054,0.001206331648013,16294.0,-26.0,0,train
2024-07-31,16294.0,-0.0015931372549019,-0.0015944076475111,0.0020855064910207,-0.0004910988435096,0.001596953843471,0.0018242110284161,15522.0,-772.0,0,train
2024-08-01,15522.0,-0.0473794034613967,-0.0485385694565021,-0.0015944076475111,0.0020855064910207,-0.0004910988435096,0.0219372547412739,15603.0,81.0,1,train
2024-08-03,15603.0,0.0052183996907615,0.0052048310270969,-0.0485385694565021,-0.0015944076475111,0.0020855064910207,0.0224424434097277,16081.0,478.0,1,train
2024-08-05,16081.0,0.0306351342690507,0.030175247412842,0.0052048310270969,-0.0485385694565021,-0.0015944076475111,0.0285850811416895,16265.0,184.0,1,train
2024-08-07,16265.0,0.0114420744978545,0.0113771090534271,0.030175247412842,0.0052048310270969,-0.0485385694565021,0.0292546154580414,15952.0,-313.0,0,val
2024-08-08,15952.0,-0.0192437749769444,-0.0194313467058311,0.0113771090534271,0.030175247412842,0.0052048310270969,0.0304575459493608,15671.0,-281.0,0,val
2024-08-10,15671.0,-0.0176153460381143,-0.0177723426784037,-0.0194313467058311,0.0113771090534271,0.030175247412842,0.0208701579217613,15671.0,0.0,0,val
2024-08-11,15671.0,0.0,0.0,-0.0177723426784037,-0.0194313467058311,0.0113771090534271,0.0207944426761248,15885.0,214.0,1,val
2024-08-13,15885.0,0.0136557973326527,0.0135633971804001,0.0,-0.0177723426784037,-0.0194313467058311,0.0156265848825935,15691.0,-194.0,0,val
2024-08-14,15691.0,-0.0122127793515895,-0.0122879681445482,0.0135633971804001,0.0,-0.0177723426784037,0.0138764668138481,15687.0,-4.0,0,val
2024-08-15,15687.0,-0.0002549232043846,-0.000254955702827,-0.0122879681445482,0.0135633971804001,0.0,0.0121938103721807,15716.0,29.0,1,val
2024-08-16,15716.0,0.001848664499267,0.00184695782211,-0.000254955702827,-0.0122879681445482,0.0135633971804001,0.0091759431056962,15591.0,-125.0,0,val
2024-08-19,15591.0,-0.0079536777806057,-0.0079854770017995,0.00184695782211,-0.000254955702827,-0.0122879681445482,0.0099619918200421,15480.0,-111.0,0,val
2024-08-20,15480.0,-0.0071194920146238,-0.0071449565328336,-0.0079854770017995,0.00184695782211,-0.000254955702827,0.0058285521505204,15456.0,-24.0,0,val
2024-08-21,15456.0,-0.0015503875968991,-0.0015515906914185,-0.0071449565328336,-0.0079854770017995,0.00184695782211,0.0043347486272724,15579.0,123.0,1,val
2024-08-22,15579.0,0.0079580745341614,0.0079265760601288,-0.0015515906914185,-0.0071449565328336,-0.0079854770017995,0.0065939763031043,15554.0,-25.0,0,val
2024-08-23,15554.0,-0.0016047243083637,-0.0016060132575397,0.0079265760601288,-0.0015515906914185,-0.0071449565328336,0.0063475111368645,15380.0,-174.0,0,val
2024-08-26,15380.0,-0.0111868329690112,-0.0112498761952526,-0.0016060132575397,0.0079265760601288,-0.0015515906914185,0.0072162078519188,15509.0,129.0,1,val
2024-08-27,15509.0,0.0083875162548765,0.0083525364998173,-0.0112498761952526,-0.0016060132575397,0.0079265760601288,0.0081154374358914,15476.0,-33.0,0,val
2024-08-28,15476.0,-0.0021277967631697,-0.0021300637390488,0.0083525364998173,-0.0112498761952526,-0.0016060132575397,0.0081537903197202,15409.0,-67.0,0,val
2024-08-29,15409.0,-0.0043292840527268,-0.0043386825385507,-0.0021300637390488,0.0083525364998173,-0.0112498761952526,0.0070389595177539,15473.0,64.0,1,val
2024-08-30,15473.0,0.0041534168343175,0.0041448152078196,-0.0043386825385507,-0.0021300637390488,0.0083525364998173,0.0076061336682685,15518.0,45.0,1,val
2024-09-01,15518.0,0.0029082918632457,0.002904070964222,0.0041448152078196,-0.0043386825385507,-0.0021300637390488,0.0050690428939501,16281.0,763.0,1,val
2024-09-07,16281.0,0.0491687073076427,0.0479981432776188,0.002904070964222,0.0041448152078196,-0.0043386825385507,0.0216842471502056,15914.0,-367.0,0,val
2024-09-08,15914.0,-0.0225416129230391,-0.0227995587940341,0.0479981432776188,0.002904070964222,0.0041448152078196,0.0260398676835695,15446.0,-468.0,0,val
2024-09-09,15446.0,-0.0294080683674752,-0.0298491548082697,-0.0227995587940341,0.0479981432776188,0.002904070964222,0.0305739939309578,15607.0,161.0,1,val
2024-09-10,15607.0,0.0104234105917389,0.0103694614133438,-0.0298491548082697,-0.0227995587940341,0.0479981432776188,0.0308856841648541,15861.0,254.0,1,val
2024-09-12,15861.0,0.0162747485102838,0.0161437343610053,0.0103694614133438,-0.0298491548082697,-0.0227995587940341,0.0315719998292814,15405.0,-456.0,0,val
2024-09-13,15405.0,-0.0287497635710232,-0.0291711338727918,0.0161437343610053,0.0103694614133438,-0.0298491548082697,0.0224617882193683,15338.0,-67.0,0,val
2024-09-17,15338.0,-0.0043492372606296,-0.0043587227059624,-0.0291711338727918,0.0161437343610053,0.0103694614133438,0.0215479336293753,15350.0,12.0,1,val
2024-09-18,15350.0,0.000782370582866,0.0007820646905383,-0.0043587227059624,-0.0291711338727918,0.0161437343610053,0.0175423558253512,15287.0,-63.0,0,val
2024-09-19,15287.0,-0.0041042345276872,-0.0041126800143089,0.0007820646905383,-0.0043587227059624,-0.0291711338727918,0.0162961866197123,15100.0,-187.0,0,val
2024-09-20,15100.0,-0.0122326159481912,-0.012308050198019,-0.0041126800143089,0.0007820646905383,-0.0043587227059624,0.011784085281628,15191.0,91.0,1,val
2024-09-23,15191.0,0.0060264900662252,0.0060084034046479,-0.012308050198019,-0.0041126800143089,0.0007820646905383,0.0068002738470869,15186.0,-5.0,0,val
2024-09-24,15186.0,-0.0003291422552826,-0.0003291964344835,0.0060084034046479,-0.012308050198019,-0.0041126800143089,0.0068078076609581,15092.0,-94.0,0,val
2024-09-25,15092.0,-0.0061899117608323,-0.0062091486889777,-0.0003291964344835,0.0060084034046479,-0.012308050198019,0.0068135891790032,15171.0,79.0,1,val
2024-09-26,15171.0,0.0052345613570103,0.0052209086638903,-0.0062091486889777,-0.0003291964344835,0.0060084034046479,0.0077766445962332,15138.0,-33.0,0,val
2024-09-27,15138.0,-0.0021752026893414,-0.0021775718789793,0.0052209086638903,-0.0062091486889777,-0.0003291964344835,0.0051356373708736,15144.0,6.0,1,val
2024-09-30,15144.0,0.0003963535473643,0.0003962750200461,-0.0021775718789793,0.0052209086638903,-0.0062091486889777,0.0041502472382618,15568.0,424.0,1,val
2024-10-01,15568.0,0.0279978869519281,0.0276131115366276,0.0003962750200461,-0.0021775718789793,0.0052209086638903,0.0133206001772486,16290.0,722.0,1,val
2024-10-06,16290.0,0.0463771839671121,0.0453338971703036,0.0276131115366276,0.0003962750200461,-0.0021775718789793,0.0205110929937484,16256.0,-34.0,0,val
2024-10-07,16256.0,-0.002087170042971,-0.0020893512178812,0.0453338971703036,0.0276131115366276,0.0003962750200461,0.0216367839771349,15447.0,-809.0,0,val
2024-10-09,15447.0,-0.0497662401574803,-0.0510472616639585,-0.0020893512178812,0.0453338971703036,0.0276131115366276,0.0365592997671078,15658.0,211.0,1,val
2024-10-10,15658.0,0.0136596102803132,0.0135671587536094,-0.0510472616639585,-0.0020893512178812,0.0453338971703036,0.036705210937948,15874.0,216.0,1,val
2024-10-12,15874.0,0.0137948652446033,0.0137005821829614,0.0135671587536094,-0.0510472616639585,-0.0020893512178812,0.0352184144019271,15581.0,-293.0,0,val
2024-10-14,15581.0,-0.0184578556129519,-0.0186303274334669,0.0137005821829614,0.0135671587536094,-0.0510472616639585,0.0270786604723467,15555.0,-26.0,0,val
2024-10-15,15555.0,-0.0016686990565432,-0.0016700928856163,-0.0186303274334669,0.0137005821829614,0.0135671587536094,0.0271056578142787,15536.0,-19.0,0,val
2024-10-16,15536.0,-0.0012214721954355,-0.0012222188006312,-0.0016700928856163,-0.0186303274334669,0.0137005821829614,0.0133841757230499,15516.0,-20.0,0,val
2024-10-17,15516.0,-0.0012873326467559,-0.0012881619712494,-0.0012222188006312,-0.0016700928856163,-0.0186303274334669,0.0114470326398079,15466.0,-50.0,0,val
2024-10-18,15466.0,-0.0032224800206238,-0.003227683390877,-0.0012881619712494,-0.0012222188006312,-0.0016700928856163,0.0075473322411813,15465.0,-1.0,0,val
2024-10-21,15465.0,-6.465795939480934e-05,-6.466004981042772e-05,-0.003227683390877,-0.0012881619712494,-0.0012222188006312,0.0011397271849643,15560.0,95.0,1,val
2024-10-22,15560.0,0.0061429033301001,0.0061241126132127,-6.466004981042772e-05,-0.003227683390877,-0.0012881619712494,0.0035727929639527,15620.0,60.0,1,val
2024-10-23,15620.0,0.0038560411311054,0.0038486256612948,0.0061241126132127,-6.466004981042772e-05,-0.003227683390877,0.0038269740654079,15593.0,-27.0,0,val
2024-10-24,15593.0,-0.0017285531370038,-0.0017300488087919,0.0038486256612948,0.0061241126132127,-6.466004981042772e-05,0.0038997012546214,15629.0,36.0,1,val
2024-10-25,15629.0,0.0023087282755083,0.002306067257308,-0.0017300488087919,0.0038486256612948,0.0061241126132127,0.0031084004796484,15729.0,100.0,1,val
2024-10-28,15729.0,0.006398362019323,0.006377979398449,0.002306067257308,-0.0017300488087919,0.0038486256612948,0.0033167541331087,15760.0,31.0,1,val
2024-10-29,15760.0,0.0019708818106682,0.0019689421712278,0.006377979398449,0.002306067257308,-0.0017300488087919,0.0029603931772824,15732.0,-28.0,0,val
2024-10-30,15732.0,-0.0017766497461928,-0.0017782298601698,0.0019689421712278,0.006377979398449,0.002306067257308,0.0033844901515548,15705.0,-27.0,0,val
2024-10-31,15705.0,-0.001716247139588,-0.0017177215789541,-0.0017782298601698,0.0019689421712278,0.006377979398449,0.0033816169468197,15558.0,-147.0,0,val
2024-11-01,15558.0,-0.009360076408787,-0.0094041572060277,-0.0017177215789541,-0.0017782298601698,0.0019689421712278,0.0058086120025769,16295.0,737.0,1,val
2024-11-06,16295.0,0.0473711273942665,0.0462833365049437,-0.0094041572060277,-0.0017177215789541,-0.0017782298601698,0.0223081802694503,16200.0,-95.0,0,val
2024-11-07,16200.0,-0.0058300092052776,-0.0058470700511872,0.0462833365049437,-0.0094041572060277,-0.0017177215789541,0.0230175927849513,15415.0,-785.0,0,val
2024-11-09,15415.0,-0.0484567901234568,-0.0496701809002253,-0.0058470700511872,0.0462833365049437,-0.0094041572060277,0.034102710352099,15609.0,194.0,1,val
2024-11-10,15609.0,0.0125851443399287,0.0125066096381623,-0.0496701809002253,-0.0058470700511872,0.0462833365049437,0.0349313499201823,15677.0,68.0,1,val
2024-11-11,15677.0,0.0043564610160804,0.004346999110119,0.0125066096381623,-0.0496701809002253,-0.0058470700511872,0.0346668504285023,15905.0,228.0,1,val
2024-11-12,15905.0,0.0145435989028512,0.0144388551147134,0.004346999110119,0.0125066096381623,-0.0496701809002253,0.0263046538652251,15782.0,-123.0,0,val
2024-11-13,15782.0,-0.0077334171644136,-0.0077634751022639,0.0144388551147134,0.004346999110119,0.0125066096381623,0.0263368480173607,15873.0,91.0,1,val
2024-11-14,15873.0,0.0057660626029654,0.0057495024912608,-0.0077634751022639,0.0144388551147134,0.004346999110119,0.0087417752414818,15888.0,15.0,1,val
2024-11-15,15888.0,0.0009450009450009,0.0009445547127118,0.0057495024912608,-0.0077634751022639,0.0144388551147134,0.0080439887995693,15848.0,-40.0,0,val
2024-11-18,15848.0,-0.0025176233635447,-0.0025207979065662,0.0009445547127118,0.0057495024912608,-0.0077634751022639,0.0084486222589864,15816.0,-32.0,0,val
2024-11-19,15816.0,-0.0020191822311963,-0.0020212235279348,-0.0025207979065662,0.0009445547127118,0.0057495024912608,0.0049588966646903,15858.0,42.0,1,val
2024-11-20,15858.0,0.0026555386949924,0.002652018981891,-0.0020212235279348,-0.0025207979065662,0.0009445547127118,0.0034207508462123,15942.0,84.0,1,val
2024-11-21,15942.0,0.0052970109723797,0.0052830311555247,0.002652018981891,-0.0020212235279348,-0.0025207979065662,0.0032600861619746,15911.0,-31.0,0,val
2024-11-22,15911.0,-0.0019445489900891,-0.0019464420800119,0.0052830311555247,0.002652018981891,-0.0020212235279348,0.0034911854614701,15864.0,-47.0,0,val
2024-11-25,15864.0,-0.0029539312425366,-0.0029583027082242,-0.0019464420800119,0.0052830311555247,0.002652018981891,0.0035834867754876,15930.0,66.0,1,val
2024-11-26,15930.0,0.004160363086233,0.0041517327044626,-0.0029583027082242,-0.0019464420800119,0.0052830311555247,0.0036879657293488,15864.0,-66.0,0,val
2024-11-28,15864.0,-0.0041431261770245,-0.0041517327044626,0.0041517327044626,-0.0029583027082242,-0.0019464420800119,0.0043271167842472,15856.0,-8.0,0,val
2024-11-29,15856.0,-0.0005042864346949,-0.0005044136298621,-0.0041517327044626,0.0041517327044626,-0.0029583027082242,0.0032177863017345,15559.0,-297.0,0,val
2024-12-01,15559.0,-0.0187310797174571,-0.0189087282548072,-0.0005044136298621,-0.0041517327044626,0.0041517327044626,0.0086735727140213,15612.0,53.0,1,val
2024-12-02,15612.0,0.0034063885853845,0.003400599985543,-0.0189087282548072,-0.0005044136298621,-0.0041517327044626,0.0093881838881406,16297.0,685.0,1,val
2024-12-06,16297.0,0.0438765052523699,0.0429411924754834,0.003400599985543,-0.0189087282548072,-0.0005044136298621,0.0230585332127991,16154.0,-143.0,0,val
2024-12-07,16154.0,-0.0087746210959072,-0.0088133447737472,0.0429411924754834,0.003400599985543,-0.0189087282548072,0.0235867903392919,15963.0,-191.0,0,val
2024-12-08,15963.0,-0.0118236969171722,-0.0118941527377636,-0.0088133447737472,0.0429411924754834,0.003400599985543,0.0246127475186616,15421.0,-542.0,0,val
2024-12-09,15421.0,-0.0339535175092401,-0.0345433274068209,-0.0118941527377636,-0.0088133447737472,0.0429411924754834,0.0285132570193154,15771.0,350.0,1,val
2024-12-11,15771.0,0.0226963231956423,0.0224425936299006,-0.0345433274068209,-0.0118941527377636,-0.0088133447737472,0.0305755949384257,15939.0,168.0,1,val
2024-12-12,15939.0,0.0106524633821571,0.0105961256314959,0.0224425936299006,-0.0345433274068209,-0.0118941527377636,0.0219639462726837,15987.0,48.0,1,val
2024-12-13,15987.0,0.0030114812723507,0.0030069558458389,0.0105961256314959,0.0224425936299006,-0.0345433274068209,0.0220119517875594,16019.0,32.0,1,val
2024-12-16,16019.0,0.0020016263213862,0.001999625736591,0.0030069558458389,0.0105961256314959,0.0224425936299006,0.0213294214556132,16050.0,31.0,1,val
2024-12-17,16050.0,0.001935201947687,0.0019333318566783,0.001999625736591,0.0030069558458389,0.0105961256314959,0.0088468600549608,16100.0,50.0,1,val
2024-12-18,16100.0,0.0031152647975076,0.0031104224143927,0.0019333318566783,0.001999625736591,0.0030069558458389,0.0036563434684609,16277.0,177.0,1,val
2024-12-19,16277.0,0.0109937888198756,0.0109337964189428,0.0031104224143927,0.0019333318566783,0.001999625736591,0.0038057170446146,16270.0,-7.0,0,val
2024-12-20,16270.0,-0.0004300546783805,-0.0004301471784149,0.0109337964189428,0.0031104224143927,0.0019333318566783,0.004346386038684,16159.0,-111.0,0,val
2024-12-23,16159.0,-0.0068223724646588,-0.006845751240835,-0.0004301471784149,0.0109337964189428,0.0031104224143927,0.0064200075933198,16208.0,49.0,1,val
2024-12-24,16208.0,0.0030323658642241,0.0030277775162161,-0.006845751240835,-0.0004301471784149,0.0109337964189428,0.006446834458264,16251.0,43.0,1,val
2024-12-27,16251.0,0.0026530108588351,0.0026494978375453,0.0030277775162161,-0.006845751240835,-0.0004301471784149,0.0064295299973723,16162.0,-89.0,0,val
2024-12-30,16162.0,-0.0054765860562426,-0.0054916375326161,0.0026494978375453,0.0030277775162161,-0.006845751240835,0.0045645464135332,16157.0,-5.0,0,val
2024-12-31,16157.0,-0.0003093676525182,-0.000309415516563,-0.0054916375326161,0.0026494978375453,0.0030277775162161,0.0045713931017563,16192.0,35.0,1,val
2025-01-07,16192.0,0.0021662437333662,0.0021639008103626,-0.000309415516563,-0.0054916375326161,0.0026494978375453,0.0035458124062992,16494.0,302.0,1,val
2025-01-08,16494.0,0.0186511857707509,0.018479385306108,0.0021639008103626,-0.000309415516563,-0.0054916375326161,0.0089756848978496,16463.0,-31.0,0,val
2025-01-09,16463.0,-0.0018794713229053,-0.0018812397452787,0.018479385306108,0.0021639008103626,-0.000309415516563,0.0093054495076916,16680.0,217.0,1,val
2025-01-10,16680.0,0.0131810727084977,0.0130949582647161,-0.0018812397452787,0.018479385306108,0.0021639008103626,0.0089754220660627,16668.0,-12.0,0,val
2025-01-12,16668.0,-0.0007194244604316,-0.0007196833703932,0.0130949582647161,-0.0018812397452787,0.018479385306108,0.0090526036583104,16281.0,-387.0,0,val
2025-01-13,16281.0,-0.0232181425485961,-0.0234919298108309,-0.0007196833703932,0.0130949582647161,-0.0018812397452787,0.0163009511891128,16265.0,-16.0,0,val
2025-01-14,16265.0,-0.0009827406178981,-0.000983223824063,-0.0234919298108309,-0.0007196833703932,0.0130949582647161,0.0131270531688346,16311.0,46.0,1,val
2025-01-15,16311.0,0.0028281586228096,0.0028241669065796,-0.000983223824063,-0.0234919298108309,-0.0007196833703932,0.0133753647066563,16378.0,67.0,1,val
2025-01-16,16378.0,0.0041076574091103,0.0040992440161033,0.0028241669065796,-0.000983223824063,-0.0234919298108309,0.0113067032936241,16373.0,-5.0,0,val
2025-01-17,16373.0,-0.0003052875809012,-0.0003053341906422,0.0040992440161033,0.0028241669065796,-0.000983223824063,0.0113350717400695,16372.0,-1.0,0,val
2025-01-20,16372.0,-6.107616197392751e-05,-6.107802719768074e-05,-0.0003053341906422,0.0040992440161033,0.0028241669065796,0.0022152886672538,16331.0,-41.0,0,val
2025-01-21,16331.0,-0.0025042755924749,-0.0025074165355505,-6.107802719768074e-05,-0.0003053341906422,0.0040992440161033,0.0026402648658209,16327.0,-4.0,0,val
2025-01-22,16327.0,-0.000244932949605,-0.0002449629505782,-0.0025074165355505,-6.107802719768074e-05,-0.0003053341906422,0.002400814871017,16276.0,-51.0,0,val
2025-01-23,16276.0,-0.0031236601947693,-0.0031285490045842,-0.0002449629505782,-0.0025074165355505,-6.107802719768074e-05,0.0014513846588376,16200.0,-76.0,0,val
2025-01-24,16200.0,-0.0046694519537969,-0.0046803879011054,-0.0031285490045842,-0.0002449629505782,-0.0025074165355505,0.0019670836405447,16259.0,59.0,1,val
2025-01-30,16259.0,0.003641975308642,0.0036353593750799,-0.0046803879011054,-0.0031285490045842,-0.0002449629505782,0.0032273462773329,16312.0,53.0,1,val
2025-01-31,16312.0,0.0032597330709145,0.0032544316587355,0.0036353593750799,-0.0046803879011054,-0.0031285490045842,0.0037178619515564,16236.0,-76.0,0,val
2025-02-01,16236.0,-0.00465914664051,-0.0046700342955023,0.0032544316587355,0.0036353593750799,-0.0046803879011054,0.0042149272330243,16493.0,257.0,1,val
2025-02-05,16493.0,0.0158290219265828,0.0157050494893642,-0.0046700342955023,0.0032544316587355,0.0036353593750799,0.0083529646014886,16297.0,-196.0,0,val
2025-02-06,16297.0,-0.0118838295034257,-0.0119550066721636,0.0157050494893642,-0.0046700342955023,0.0032544316587355,0.0103447987676995,16236.0,-61.0,0,val
2025-02-07,16236.0,-0.0037430201877646,-0.0037500428172005,-0.0119550066721636,0.0157050494893642,-0.0046700342955023,0.0104359156845866,16418.0,182.0,1,val
2025-02-09,16418.0,0.0112096575511209,0.0111472949494224,-0.0037500428172005,-0.0119550066721636,0.0157050494893642,0.0116330779355737,16612.0,194.0,1,val
2025-02-10,16612.0,0.0118162991838226,0.0117470318424324,0.0111472949494224,-0.0037500428172005,-0.0119550066721636,0.0118433365977645,16632.0,20.0,1,val
2025-02-12,16632.0,0.0012039489525643,0.001203224787206,0.0117470318424324,0.0111472949494224,-0.0037500428172005,0.0100821733654294,16365.0,-267.0,0,val
2025-02-13,16365.0,-0.016053391053391,-0.0161836426025683,0.001203224787206,0.0117470318424324,0.0111472949494224,0.0115780853817146,16285.0,-80.0,0,val
2025-02-14,16285.0,-0.0048884815154293,-0.0049004692249479,-0.0161836426025683,0.001203224787206,0.0117470318424324,0.0117026857427065,16208.0,-77.0,0,val
2025-02-17,16208.0,-0.0047282775560331,-0.0047394912218692,-0.0049004692249479,-0.0161836426025683,0.001203224787206,0.0101818903075708,16275.0,67.0,1,val
2025-02-18,16275.0,0.0041337611056269,0.0041252405883067,-0.0047394912218692,-0.0049004692249479,-0.0161836426025683,0.0077917085690539,16357.0,82.0,1,val
2025-02-19,16357.0,0.0050384024577572,0.0050257521817549,0.0041252405883067,-0.0047394912218692,-0.0049004692249479,0.0085887756949564,16344.0,-13.0,0,val
2025-02-20,16344.0,-0.000794766766522,-0.0007950827610674,0.0050257521817549,0.0041252405883067,-0.0047394912218692,0.0047184629399373,16300.0,-44.0,0,val
2025-02-21,16300.0,-0.0026921194322074,-0.0026957497026049,-0.0007950827610674,0.0050257521817549,0.0041252405883067,0.0042564148261599,16303.0,3.0,1,val
2025-02-24,16303.0,0.0001840490797546,0.0001840321448014,-0.0026957497026049,-0.0007950827610674,0.0050257521817549,0.0032930976568001,16316.0,13.0,1,val
2025-02-25,16316.0,0.0007973992516714,0.0007970814977937,0.0001840321448014,-0.0026957497026049,-0.0007950827610674,0.0028530917448666,16387.0,71.0,1,val
2025-02-26,16387.0,0.0043515567541063,0.0043421161087753,0.0007970814977937,0.0001840321448014,-0.0026957497026049,0.0025860619742473,16431.0,44.0,1,val
2025-02-27,16431.0,0.0026850552267041,0.0026814569056075,0.0043421161087753,0.0007970814977937,0.0001840321448014,0.0026619304238262,16575.0,144.0,1,val
2025-02-28,16575.0,0.0087639218550301,0.0087257416022321,0.0026814569056075,0.0043421161087753,0.0007970814977937,0.003423102056059,16217.0,-358.0,0,val
2025-03-01,16217.0,-0.0215987933634992,-0.0218354613346889,0.0087257416022321,0.0026814569056075,0.0043421161087753,0.0119792593508488,16453.0,236.0,1,val
2025-03-02,16453.0,0.0145526299562188,0.0144477566672751,-0.0218354613346889,0.0087257416022321,0.0026814569056075,0.013907951773847,16506.0,53.0,1,val
2025-03-03,16506.0,0.0032212970278977,0.0032161197659803,0.0144477566672751,-0.0218354613346889,0.0087257416022321,0.0138629580858302,16288.0,-218.0,0,val
2025-03-06,16288.0,-0.01320731855083,-0.0132953108023805,0.0032161197659803,0.0144477566672751,-0.0218354613346889,0.0152765406064325,16209.0,-79.0,0,val
2025-03-07,16209.0,-0.0048501964636542,-0.0048619968380734,-0.0132953108023805,0.0032161197659803,0.0144477566672751,0.0141116696825759,16424.0,215.0,1,val
2025-03-09,16424.0,0.013264235918317,0.0131770361865939,-0.0048619968380734,-0.0132953108023805,0.0032161197659803,0.0118421378692722,16611.0,187.0,1,val
2025-03-10,16611.0,0.0113857769118363,0.0113214467923068,0.0131770361865939,-0.0048619968380734,-0.0132953108023805,0.0111163032425992,16664.0,53.0,1,val
2025-03-11,16664.0,0.003190656793691,0.0031855774497309,0.0113214467923068,0.0131770361865939,-0.0048619968380734,0.0111154154518624,16632.0,-32.0,0,val
2025-03-12,16632.0,-0.0019203072491598,-0.0019221534029583,0.0031855774497309,0.0113214467923068,0.0131770361865939,0.0079361480204516,16428.0,-204.0,0,val
2025-03-13,16428.0,-0.0122655122655123,-0.0123413544613999,-0.0019221534029583,0.0031855774497309,0.0113214467923068,0.0103915687126922,16392.0,-36.0,0,val
2025-03-14,16392.0,-0.0021913805697589,-0.0021937851577131,-0.0123413544613999,-0.0019221534029583,0.0031855774497309,0.0086368215863972,16379.0,-13.0,0,val
2025-03-17,16379.0,-0.0007930697901414,-0.0007933844363563,-0.0021937851577131,-0.0123413544613999,-0.0019221534029583,0.0057451795417069,16432.0,53.0,1,val
2025-03-18,16432.0,0.0032358507845411,0.0032306266859603,-0.0007933844363563,-0.0021937851577131,-0.0123413544613999,0.0057569618697714,16528.0,96.0,1,val
2025-03-19,16528.0,0.0058422590068158,0.005825259191079,0.0032306266859603,-0.0007933844363563,-0.0021937851577131,0.0069687261678116,16481.0,-47.0,0,val
2025-03-20,16481.0,-0.0028436592449176,-0.0028477101252395,0.005825259191079,0.0032306266859603,-0.0007933844363563,0.0037365499606294,16501.0,20.0,1,val
2025-03-21,16501.0,0.0012135185971724,0.0012127828786248,-0.0028477101252395,0.005825259191079,0.0032306266859603,0.0033836149167589,16561.0,60.0,1,val
2025-03-24,16561.0,0.0036361432640446,0.0036295484766863,0.0012127828786248,-0.0028477101252395,0.005825259191079,0.003267329543187,16622.0,61.0,1,test
2025-03-25,16622.0,0.0036833524545618,0.0036765855234808,0.0036295484766863,0.0012127828786248,-0.0028477101252395,0.0033079864466246,16588.0,-34.0,0,test
2025-03-26,16588.0,-0.0020454818914691,-0.0020475767466994,0.0036765855234808,0.0036295484766863,0.0012127828786248,0.0030756149861647,16566.0,-22.0,0,test
2025-03-27,16566.0,-0.0013262599469495,-0.0013271402080636,-0.0020475767466994,0.0036765855234808,0.0036295484766863,0.0026843555400034,16365.0,-201.0,0,test
2025-04-02,16365.0,-0.0121332850416515,-0.0122074942229275,-0.0013271402080636,-0.0020475767466994,0.0036765855234808,0.0064801427344373,16443.0,78.0,1,test
2025-04-03,16443.0,0.0047662694775434,0.0047549467789451,-0.0122074942229275,-0.0013271402080636,-0.0020475767466994,0.0067245287042093,16305.0,-138.0,0,test
2025-04-06,16305.0,-0.0083926290822842,-0.0084280454908061,0.0047549467789451,-0.0122074942229275,-0.0013271402080636,0.0066042574288383,16204.0,-101.0,0,test
2025-04-07,16204.0,-0.0061944188899111,-0.0062136839008388,-0.0084280454908061,0.0047549467789451,-0.0122074942229275,0.0065826096335917,16388.0,184.0,1,test
2025-04-08,16388.0,0.0113552209331029,0.0112912343441795,-0.0062136839008388,-0.0084280454908061,0.0047549467789451,0.0098161229628712,16438.0,50.0,1,test
2025-04-09,16438.0,0.0030510129362948,0.0030463680416836,0.0112912343441795,-0.0062136839008388,-0.0084280454908061,0.008140357934624,16724.0,286.0,1,test
2025-04-11,16724.0,0.0173987103053898,0.0172490857680109,0.0030463680416836,0.0112912343441795,-0.0062136839008388,0.0110285854035852,16646.0,-78.0,0,test
2025-04-12,16646.0,-0.0046639559913895,-0.004674866170415,0.0172490857680109,0.0030463680416836,0.0112912343441795,0.010112924260645,16773.0,127.0,1,test
2025-04-14,16773.0,0.0076294605310585,0.0076005033887138,-0.004674866170415,0.0172490857680109,0.0030463680416836,0.008302186399482,16815.0,42.0,1,test
2025-04-15,16815.0,0.0025040243248077,0.0025008944796152,0.0076005033887138,-0.004674866170415,0.0172490857680109,0.0080678948471423,16845.0,30.0,1,test
2025-04-16,16845.0,0.0017841213202498,0.0017825316662829,0.0025008944796152,0.0076005033887138,-0.004674866170415,0.0081692206765724,16833.0,-12.0,0,test
2025-04-17,16833.0,-0.0007123775601068,-0.000712631421571,0.0017825316662829,0.0025008944796152,0.0076005033887138,0.0045033608493712,16808.0,-25.0,0,test
2025-04-21,16808.0,-0.0014851779243153,-0.0014862818942447,-0.000712631421571,0.0017825316662829,0.0025008944796152,0.0035761890918208,16862.0,54.0,1,test
2025-04-22,16862.0,0.0032127558305568,0.003207605957785,-0.0014862818942447,-0.000712631421571,0.0017825316662829,0.0020515970290903,16880.0,18.0,1,test
2025-04-23,16880.0,0.0010674890285848,0.0010669196673269,0.003207605957785,-0.0014862818942447,-0.000712631421571,0.0018936931590921,16884.0,4.0,1,test
2025-04-24,16884.0,0.0002369668246444,0.0002369387524403,0.0010669196673269,0.003207605957785,-0.0014862818942447,0.0018118010693028,16829.0,-55.0,0,test
2025-04-25,16829.0,-0.0032575219142383,-0.0032628391893165,0.0002369387524403,0.0010669196673269,0.003207605957785,0.0024661230115245,16862.0,33.0,1,test
2025-04-28,16862.0,0.0019609008259551,0.0019589807695492,-0.0032628391893165,0.0002369387524403,0.0010669196673269,0.0024448502798783,16787.0,-75.0,0,test
2025-04-29,16787.0,-0.0044478709524374,-0.004457792160208,0.0019589807695492,-0.0032628391893165,0.0002369387524403,0.0028096134758468,16679.0,-108.0,0,test
2025-04-30,16679.0,-0.0064335497706559,-0.006454334245241,-0.004457792160208,0.0019589807695492,-0.0032628391893165,0.0034413187055759,16308.0,-371.0,0,test
2025-05-02,16308.0,-0.0222435397805623,-0.0224946581380294,-0.006454334245241,-0.004457792160208,0.0019589807695492,0.0092338773611921,16371.0,63.0,1,test
2025-05-03,16371.0,0.0038631346578366,0.0038556919151986,-0.0224946581380294,-0.006454334245241,-0.004457792160208,0.0104160816130056,16421.0,50.0,1,test
2025-05-05,16421.0,0.0030541811740272,0.0030495266374952,0.0038556919151986,-0.0224946581380294,-0.006454334245241,0.0106211976620419,16277.0,-144.0,0,test
2025-05-06,16277.0,-0.0087692588758296,-0.0088079351003393,0.0030495266374952,0.0038556919151986,-0.0224946581380294,0.0107127048416125,16388.0,111.0,1,test
2025-05-08,16388.0,0.0068194384714628,0.006796291275263,-0.0088079351003393,0.0030495266374952,0.0038556919151986,0.0121653738741406,16729.0,341.0,1,test
2025-05-11,16729.0,0.0208079082255308,0.0205943806645194,0.006796291275263,-0.0088079351003393,0.0030495266374952,0.0105135223596632,16655.0,-74.0,0,test
2025-05-12,16655.0,-0.004423456273537,-0.0044332687035009,0.0205943806645194,0.006796291275263,-0.0088079351003393,0.0113764033271948,16568.0,-87.0,0,test
2025-05-14,16568.0,-0.0052236565595916,-0.0052373475523594,-0.0044332687035009,0.0205943806645194,0.006796291275263,0.0120322100308664,16535.0,-33.0,0,test
2025-05-15,16535.0,-0.0019917914051182,-0.0019937776595266,-0.0052373475523594,-0.0044332687035009,0.0205943806645194,0.0108617880214368,16424.0,-111.0,0,test
2025-05-16,16424.0,-0.006713032960387,-0.0067356667171232,-0.0019937776595266,-0.0052373475523594,-0.0044332687035009,0.011397297301729,16455.0,31.0,1,test
2025-05-19,16455.0,0.0018874817340477,0.0018857026786704,-0.0067356667171232,-0.0019937776595266,-0.0052373475523594,0.0033704267952397,16406.0,-49.0,0,test
2025-05-20,16406.0,-0.0029778182923123,-0.0029822608147451,0.0018857026786704,-0.0067356667171232,-0.0019937776595266,0.0033107029460093,16413.0,7.0,1,test
2025-05-21,16413.0,0.000426673168353,0.0004265821692399,-0.0029822608147451,0.0018857026786704,-0.0067356667171232,0.0033281474361767,16313.0,-100.0,0,test
2025-05-22,16313.0,-0.0060927313714738,-0.0061113677956328,0.0004265821692399,-0.0029822608147451,0.0018857026786704,0.0038343133186797,16289.0,-24.0,0,test
2025-05-23,16289.0,-0.0014712192729724,-0.0014723025786977,-0.0061113677956328,0.0004265821692399,-0.0029822608147451,0.0031033724453554,16207.0,-82.0,0,test
2025-05-26,16207.0,-0.0050340720731781,-0.0050467856994842,-0.0014723025786977,-0.0061113677956328,0.0004265821692399,0.0026428512767878,16255.0,48.0,1,test
2025-05-27,16255.0,0.0029616832232985,0.0029573060798853,-0.0050467856994842,-0.0014723025786977,-0.0061113677956328,0.0037687652289307,16300.0,45.0,1,test
2025-05-28,16300.0,0.0027683789603198,0.0027645540568475,0.0029573060798853,-0.0050467856994842,-0.0014723025786977,0.0042376059258811,16193.0,-107.0,0,test
2025-06-01,16193.0,-0.0065644171779141,-0.0065860577213818,0.0027645540568475,0.0029573060798853,-0.0050467856994842,0.0043732057305266,16330.0,137.0,1,test
2025-06-02,16330.0,0.008460445871673,0.0084248568910396,-0.0065860577213818,0.0027645540568475,0.0029573060798853,0.006223924045999,16315.0,-15.0,0,test
2025-06-03,16315.0,-0.0009185548071034,-0.0009189769370898,0.0084248568910396,-0.0065860577213818,0.0027645540568475,0.005539966561253,16472.0,157.0,1,test
2025-06-05,16472.0,0.0096230462764326,0.0095770396802041,-0.0009189769370898,0.0084248568910396,-0.0065860577213818,0.0066967959880148,16379.0,-93.0,0,test
2025-06-08,16379.0,-0.0056459446333171,-0.0056619432252453,0.0095770396802041,-0.0009189769370898,0.0084248568910396,0.0076534451545348,16598.0,219.0,1,test
2025-06-10,16598.0,0.0133707796568776,0.0132821796760129,-0.0056619432252453,0.0095770396802041,-0.0009189769370898,0.0079051744952627,16707.0,109.0,1,test
2025-06-11,16707.0,0.00656705627184,0.0065455870993851,0.0132821796760129,-0.0056619432252453,0.0095770396802041,0.0077410732306469,16293.0,-414.0,0,test
2025-06-13,16293.0,-0.0247800323217812,-0.0250922255548236,0.0065455870993851,0.0132821796760129,-0.0056619432252453,0.0155908140029734,16296.0,3.0,1,test
2025-06-16,16296.0,0.0001841281531946,0.0001841112036871,-0.0250922255548236,0.0065455870993851,0.0132821796760129,0.0146449046293098,16281.0,-15.0,0,test
2025-06-17,16281.0,-0.000920471281296,-0.0009208951751276,0.0001841112036871,-0.0250922255548236,0.0065455870993851,0.0145134399149858,16319.0,38.0,1,test
2025-06-18,16319.0,0.0023340089675081,0.0023312893994198,-0.0009208951751276,0.0001841112036871,-0.0250922255548236,0.0124630091275782,16378.0,59.0,1,test
2025-06-19,16378.0,0.0036154176113731,0.0036088976992001,0.0023312893994198,-0.0009208951751276,0.0001841112036871,0.0119357418025495,16399.0,21.0,1,test
2025-06-20,16399.0,0.0012822078397851,0.0012813865133125,0.0036088976992001,0.0023312893994198,-0.0009208951751276,0.0017728825247502,16484.0,85.0,1,test
2025-06-23,16484.0,0.0051832428806635,0.0051698561152608,0.0012813865133125,0.0036088976992001,0.0023312893994198,0.002310943089828,16370.0,-114.0,0,test
2025-06-24,16370.0,-0.0069157971366172,-0.0069398220935266,0.0051698561152608,0.0012813865133125,0.0036088976992001,0.0047181972735266,16292.0,-78.0,0,test
2025-06-25,16292.0,-0.0047648136835675,-0.0047762015968775,-0.0069398220935266,0.0051698561152608,0.0012813865133125,0.0052872097720345,16233.0,-59.0,0,test
2025-06-26,16233.0,-0.0036214092806284,-0.0036279824574574,-0.0047762015968775,-0.0069398220935266,0.0051698561152608,0.0049165181821703,16231.0,-2.0,0,test
2025-06-30,16231.0,-0.0001232058153144,-0.0001232134057751,-0.0036279824574574,-0.0047762015968775,-0.0069398220935266,0.0047347371662772,16169.0,-62.0,0,test
2025-07-01,16169.0,-0.0038198509025938,-0.0038271651652568,-0.0001232134057751,-0.0036279824574574,-0.0047762015968775,0.0024669418064086,16325.0,156.0,1,test
2025-07-02,16325.0,0.0096480920279546,0.0096018464048182,-0.0038271651652568,-0.0001232134057751,-0.0036279824574574,0.0059438350039075,16336.0,11.0,1,test
2025-07-03,16336.0,0.0006738131699846,0.0006735862598148,0.0096018464048182,-0.0038271651652568,-0.0001232134057751,0.0054547906744021,16533.0,197.0,1,test
2025-07-05,16533.0,0.0120592556317336,0.0119871221468983,0.0006735862598148,0.0096018464048182,-0.0038271651652568,0.0067811408555032,16237.0,-296.0,0,test
2025-07-07,16237.0,-0.0179035867658622,-0.0180657949642313,0.0119871221468983,0.0006735862598148,0.0096018464048182,0.0120138783396724,16312.0,75.0,1,test
2025-07-08,16312.0,0.004619079879288,0.004608444667177,-0.0180657949642313,0.0119871221468983,0.0006735862598148,0.0119210387008381,16560.0,248.0,1,test
2025-07-10,16560.0,0.0152035311427169,0.0150891156849599,0.004608444667177,-0.0180657949642313,0.0119871221468983,0.013024803035692,16704.0,144.0,1,test
2025-07-11,16704.0,0.0086956521739129,0.0086580627431143,0.0150891156849599,0.004608444667177,-0.0180657949642313,0.0131785125031771,16247.0,-457.0,0,test
2025-07-14,16247.0,-0.0273587164750958,-0.0277399353526153,0.0086580627431143,0.0150891156849599,0.004608444667177,0.0184313383773136,16281.0,34.0,1,test
2025-07-15,16281.0,0.0020926940358219,0.002090507401764,-0.0277399353526153,0.0086580627431143,0.0150891156849599,0.016555140900944,16288.0,7.0,1,test
2025-07-16,16288.0,0.0004299490203305,0.0004298566187355,0.002090507401764,-0.0277399353526153,0.0086580627431143,0.0164032686203224,16329.0,41.0,1,test
2025-07-17,16329.0,0.0025171905697445,0.0025140277520598,0.0004298566187355,0.002090507401764,-0.0277399353526153,0.0142817633164271,16301.0,-28.0,0,test
2025-07-18,16301.0,-0.0017147406454773,-0.001716212496019,0.0025140277520598,0.0004298566187355,0.002090507401764,0.0128844896889491,16330.0,29.0,1,test
2025-07-21,16330.0,0.0017790319612294,0.0017774513582207,-0.001716212496019,0.0025140277520598,0.0004298566187355,0.0017166072495469,16307.0,-23.0,0,test
2025-07-22,16307.0,-0.0014084507042253,-0.001409443503233,0.0017774513582207,-0.001716212496019,0.0025140277520598,0.0018766408248484,16298.0,-9.0,0,test
2025-07-23,16298.0,-0.0005519102226038,-0.0005520625811126,-0.001409443503233,0.0017774513582207,-0.001716212496019,0.0019131791529496,16283.0,-15.0,0,test
2025-07-24,16283.0,-0.0009203583261749,-0.0009207821159442,-0.0005520625811126,-0.001409443503233,0.0017774513582207,0.0013831303785318,16325.0,42.0,1,test
2025-07-25,16325.0,0.0025793772646318,0.0025760563804109,-0.0009207821159442,-0.0005520625811126,-0.001409443503233,0.0017678833535629,16341.0,16.0,1,test
2025-07-28,16341.0,0.000980091883614,0.0009796119071516,0.0025760563804109,-0.0009207821159442,-0.0005520625811126,0.0016312695671336,16399.0,58.0,1,test
2025-07-29,16399.0,0.0035493543846765,0.0035430702916627,0.0009796119071516,0.0025760563804109,-0.0009207821159442,0.0019346530347317,16387.0,-12.0,0,test
2025-07-30,16387.0,-0.0007317519360936,-0.0007320197972227,0.0035430702916627,0.0009796119071516,0.0025760563804109,0.0019749114226838,16459.0,72.0,1,test
2025-07-31,16459.0,0.0043937267346068,0.0043841024978448,-0.0007320197972227,0.0035430702916627,0.0009796119071516,0.0020487330909768,16201.0,-258.0,0,test
2025-08-01,16201.0,-0.0156753144176438,-0.0157994713336506,0.0043841024978448,-0.0007320197972227,0.0035430702916627,0.0082350661663507,16849.0,648.0,1,test
2025-08-04,16849.0,0.0399975310166038,0.0392183391279665,-0.0157994713336506,0.0043841024978448,-0.0007320197972227,0.0202025203837378,16497.0,-352.0,0,test
2025-08-05,16497.0,-0.0208914475636535,-0.0211127616624597,0.0392183391279665,-0.0157994713336506,0.0043841024978448,0.0236965521134263,16238.0,-259.0,0,test
2025-08-07,16238.0,-0.0156998242104624,-0.0158243717535331,-0.0211127616624597,0.0392183391279665,-0.0157994713336506,0.0249318803558112,16299.0,61.0,1,test
2025-08-08,16299.0,0.0037566202734327,0.0037495817972406,-0.0158243717535331,-0.0211127616624597,0.0392183391279665,0.0248939490223565,16348.0,49.0,1,test
2025-08-09,16348.0,0.0030063194060985,0.0030018094645356,0.0037495817972406,-0.0158243717535331,-0.0211127616624597,0.0236695491743272,16606.0,258.0,1,test
2025-08-10,16606.0,0.0157817470026915,0.0156585101378077,0.0030018094645356,0.0037495817972406,-0.0158243717535331,0.0151839595943346,16688.0,82.0,1,test
2025-08-12,16688.0,0.0049379742261832,0.0049258224185777,0.0156585101378077,0.0030018094645356,0.0037495817972406,0.0113625633779709,16237.0,-451.0,0,test
2025-08-13,16237.0,-0.0270254074784276,-0.0273973096534394,0.0049258224185777,0.0156585101378077,0.0030018094645356,0.0161487980019737,16109.0,-128.0,0,test
2025-08-14,16109.0,-0.0078832296606515,-0.007914466589149,-0.0273973096534394,0.0049258224185777,0.0156585101378077,0.0163111678333719,16162.0,53.0,1,test
2025-08-15,16162.0,0.0032900862871687,0.0032846857954282,-0.007914466589149,-0.0273973096534394,0.0049258224185777,0.0163348235605539,16241.0,79.0,1,test
2025-08-19,16241.0,0.0048880089097884,0.0048761013812104,0.0032846857954282,-0.007914466589149,-0.0273973096534394,0.013904037211278,16291.0,50.0,1,test
2025-08-20,16291.0,0.0030786281632904,0.0030738988915661,0.0048761013812104,0.0032846857954282,-0.007914466589149,0.0136136373100122,16283.0,-8.0,0,test
2025-08-21,16283.0,-0.0004910686882327,-0.0004911893019485,0.0030738988915661,0.0048761013812104,0.0032846857954282,0.005130637041894,16340.0,57.0,1,test
2025-08-22,16340.0,0.0035005834305716,0.0034944706497732,-0.0004911893019485,0.0030738988915661,0.0048761013812104,0.0019951834924765,16255.0,-85.0,0,test
2025-08-25,16255.0,-0.0052019583843329,-0.0052155356759886,0.0034944706497732,-0.0004911893019485,0.0030738988915661,0.0040710956083843,16277.0,22.0,1,test
2025-08-26,16277.0,0.0013534297139341,0.001352514653492,-0.0052155356759886,0.0034944706497732,-0.0004911893019485,0.0035338383705231,16355.0,78.0,1,test
2025-08-27,16355.0,0.0047920378448116,0.0047805925809871,0.001352514653492,-0.0052155356759886,0.0034944706497732,0.0039135389435491,16356.0,1.0,1,test
2025-08-28,16356.0,6.114338122897855e-05,6.11415120470582e-05,0.0047805925809871,0.001352514653492,-0.0052155356759886,0.0038761566850526,16461.0,105.0,1,test
2025-08-29,16461.0,0.006419662509171,0.0063991442425521,6.11415120470582e-05,0.0047805925809871,0.001352514653492,0.0045263507187314,16238.0,-223.0,0,test
2025-09-01,16238.0,-0.0135471721037604,-0.0136397723046925,0.0063991442425521,6.11415120470582e-05,0.0047805925809871,0.0079287538936491,16943.0,705.0,1,test
2025-09-04,16943.0,0.0434166769306565,0.0425005947357153,-0.0136397723046925,0.0063991442425521,6.11415120470582e-05,0.0208237935501995,16532.0,-411.0,0,test
2025-09-05,16532.0,-0.0242578055834268,-0.0245568725264835,0.0425005947357153,-0.0136397723046925,0.0063991442425521,0.0255595528186221,16254.0,-278.0,0,test
2025-09-07,16254.0,-0.0168158722477619,-0.0169588643184734,-0.0245568725264835,0.0425005947357153,-0.0136397723046925,0.0270005051972055,16462.0,208.0,1,test
2025-09-09,16462.0,0.0127968500061523,0.0127156622194402,-0.0169588643184734,-0.0245568725264835,0.0425005947357153,0.0275892838629759,16534.0,72.0,1,test
2025-09-10,16534.0,0.0043737091483415,0.0043641722800309,0.0127156622194402,-0.0169588643184734,-0.0245568725264835,0.026516085039471,16677.0,143.0,1,test
2025-09-12,16677.0,0.0086488448046448,0.0086116578089576,0.0043641722800309,0.0127156622194402,-0.0169588643184734,0.0165488401392005,16405.0,-272.0,0,test
2025-09-15,16405.0,-0.0163098878695209,-0.0164443582263764,0.0086116578089576,0.0043641722800309,0.0127156622194402,0.0141511532691615,16385.0,-20.0,0,test
2025-09-16,16385.0,-0.0012191405059432,-0.0012198842622872,-0.0164443582263764,0.0086116578089576,0.0043641722800309,0.0113348180702677,16430.0,45.0,1,test
2025-09-17,16430.0,0.0027464144034177,0.0027426498983995,-0.0012198842622872,-0.0164443582263764,0.0086116578089576,0.0096420513263785,16498.0,68.0,1,test
2025-09-18,16498.0,0.0041387705416919,0.0041302293893625,0.0027426498983995,-0.0012198842622872,-0.0164443582263764,0.0096137451789634,16578.0,80.0,1,test
2025-09-19,16578.0,0.0048490726148624,0.0048373537307941,0.0041302293893625,0.0027426498983995,-0.0012198842622872,0.0088430184853296,16607.0,29.0,1,test
2025-09-22,16607.0,0.0017493063095668,0.0017477780552823,0.0048373537307941,0.0041302293893625,0.0027426498983995,0.0023753636860259,16636.0,29.0,1,test
2025-09-23,16636.0,0.0017462515806587,0.0017447286560479,0.0017477780552823,0.0048373537307941,0.0041302293893625,0.0014013441356079,16680.0,44.0,1,test
2025-09-24,16680.0,0.0026448665544602,0.0026413750499365,0.0017447286560479,0.0017477780552823,0.0048373537307941,0.0014074450238648,16752.0,72.0,1,test
2025-09-25,16752.0,0.0043165467625898,0.0043072571975795,0.0026413750499365,0.0017447286560479,0.0017477780552823,0.0014440962812125,16775.0,23.0,1,test
2025-09-26,16775.0,0.001372970391595,0.0013720287295644,0.0043072571975795,0.0026413750499365,0.0017447286560479,0.0011832592279533,16680.0,-95.0,0,test
2025-09-29,16680.0,-0.0056631892697466,-0.0056792859271439,0.0013720287295644,0.0043072571975795,0.0026413750499365,0.0038360974680281,16692.0,12.0,1,test
2025-09-30,16692.0,0.0007194244604316,0.0007191657987046,-0.0056792859271439,0.0013720287295644,0.0043072571975795,0.0038054116296562,16194.0,-498.0,0,test
2025-10-01,16194.0,-0.0298346513299784,-0.0302887594653835,0.0007191657987046,-0.0056792859271439,0.0013720287295644,0.0141044602122742,16350.0,156.0,1,test
2025-10-02,16350.0,0.0096331974805483,0.0095870940793396,-0.0302887594653835,0.0007191657987046,-0.0056792859271439,0.0152149335919263,16326.0,-24.0,0,test
2025-10-03,16326.0,-0.0014678899082568,-0.0014689683140982,0.0095870940793396,-0.0302887594653835,0.0007191657987046,0.0149752722694169,16779.0,453.0,1,test
2025-10-04,16779.0,0.027747151782433,0.0273691754783964,-0.0014689683140982,0.0095870940793396,-0.0302887594653835,0.0209407754391152,16276.0,-503.0,0,test
2025-10-06,16276.0,-0.029977948626259,-0.0304364743681162,0.0273691754783964,-0.0014689683140982,0.0095870940793396,0.0252959447381985,16220.0,-56.0,0,test
2025-10-07,16220.0,-0.0034406488080609,-0.0034465814521773,-0.0304364743681162,0.0273691754783964,-0.0014689683140982,0.0211002676650856,16457.0,237.0,1,test
2025-10-09,16457.0,0.0146115906288533,0.0145058699259799,-0.0034465814521773,-0.0304364743681162,0.0273691754783964,0.0217451019252284,16585.0,128.0,1,test
2025-10-10,16585.0,0.0077778452937959,0.0077477537857699,0.0145058699259799,-0.0034465814521773,-0.0304364743681162,0.0218416443336997,16666.0,81.0,1,test
2025-10-11,16666.0,0.0048839312631896,0.004872043560999,0.0077477537857699,0.0145058699259799,-0.0034465814521773,0.0174879258001459,16688.0,22.0,1,test
2025-10-12,16688.0,0.001320052802112,0.0013191822984008,0.004872043560999,0.0077477537857699,0.0145058699259799,0.0067605703041227,16580.0,-108.0,0,test
2025-10-13,16580.0,-0.0064717162032598,-0.0064927485512669,0.0013191822984008,0.004872043560999,0.0077477537857699,0.0077733814608509,16577.0,-3.0,0,test
2025-10-14,16577.0,-0.0001809408926417,-0.0001809572644209,-0.0064927485512669,0.0013191822984008,0.004872043560999,0.0054114791794772,16577.0,0.0,0,test
2025-10-15,16577.0,0.0,0.0,-0.0001809572644209,-0.0064927485512669,0.0013191822984008,0.0041115393192993,16580.0,3.0,1,test
2025-10-16,16580.0,0.0001809736381732,0.0001809572644209,0.0,-0.0001809572644209,-0.0064927485512669,0.0031067812602007,16590.0,10.0,1,test
2025-10-17,16590.0,0.0006031363088057,0.0006029544952035,0.0001809572644209,0.0,-0.0001809572644209,0.0029852509999914,16585.0,-5.0,0,test
2025-10-20,16585.0,-0.0003013863773357,-0.0003014318033365,0.0006029544952035,0.0001809572644209,0.0,0.0003541620856719,16589.0,4.0,1,test
2025-10-21,16589.0,0.0002411817907748,0.000241152711121,-0.0003014318033365,0.0006029544952035,0.0001809572644209,0.0003318834771114,16617.0,28.0,1,test
2025-10-22,16617.0,0.001687865453011,0.0016864426089391,0.000241152711121,-0.0003014318033365,0.0006029544952035,0.0007462760083741,16645.0,28.0,1,test
2025-10-23,16645.0,0.0016850213636636,0.0016836033079119,0.0016864426089391,0.000241152711121,-0.0003014318033365,0.0008844915250798,16630.0,-15.0,0,test
2025-10-24,16630.0,-0.0009011715229798,-0.0009015778221517,0.0016836033079119,0.0016864426089391,0.000241152711121,0.0011705332384078,16628.0,-2.0,0,test
2025-10-27,16628.0,-0.0001202645820805,-0.0001202718144455,-0.0009015778221517,0.0016836033079119,0.0016864426089391,0.0011427079286356,16622.0,-6.0,0,test
2025-10-28,16622.0,-0.0003608371421698,-0.0003609022595565,-0.0001202718144455,-0.0009015778221517,0.0016836033079119,0.0012089561185612,16631.0,9.0,1,test
2025-10-29,16631.0,0.0005414510889183,0.0005413045571689,-0.0003609022595565,-0.0001202718144455,-0.0009015778221517,0.0009928801169492,16640.0,9.0,1,test
2025-10-30,16640.0,0.0005411580782874,0.0005410117050583,0.0005413045571689,-0.0003609022595565,-0.0001202718144455,0.0006174970231313,16625.0,-15.0,0,test
2025-10-31,16625.0,-0.0009014423076922,-0.0009018488511447,0.0005410117050583,0.0005413045571689,-0.0003609022595565,0.0006175893639428,16380.0,-245.0,0,test
